Order_ID,Customer_ID,Customer_Name,Age,Gender,c,Category,Sales,Order_Date
1,2126,Customer_1,19,Male,Quetta,Electronics,18485,2022-01-01 00:00:00
2,2459,Customer_2,43,Female,Quetta,Electronics,6388,2022-01-01 01:00:00
3,1860,Customer_3,30,Male,Islamabad,Electronics,69754,2022-01-01 02:00:00
4,2294,Customer_4,64,Male,Karachi,Furniture,19799,2022-01-01 03:00:00
5,2130,Customer_5,48,Female,Peshawar,Grocery,56550,2022-01-01 04:00:00
6,2095,Customer_6,51,Female,Lahore,Furniture,22536,2022-01-01 05:00:00
7,2724,Customer_7,56,Female,Peshawar,Grocery,29846,2022-01-01 06:00:00
8,2044,Customer_8,20,Male,Quetta,Furniture,27191,2022-01-01 07:00:00
9,2638,Customer_9,25,Female,Karachi,Furniture,18486,2022-01-01 08:00:00
10,1121,Customer_10,40,Male,Karachi,Electronics,28346,2022-01-01 09:00:00
11,1466,Customer_11,31,Female,Karachi,Electronics,50165,2022-01-01 10:00:00
12,2238,Customer_12,44,Female,Islamabad,Grocery,41901,2022-01-01 11:00:00
13,1330,Customer_13,46,Female,Peshawar,Grocery,74228,2022-01-01 12:00:00
14,2482,Customer_14,56,Male,Islamabad,Electronics,50554,2022-01-01 13:00:00
15,1087,Customer_15,56,Male,Lahore,Furniture,38987,2022-01-01 14:00:00
16,2396,Customer_16,18,Male,Quetta,Grocery,9912,2022-01-01 15:00:00
17,2123,Customer_17,34,Male,Islamabad,Clothing,51973,2022-01-01 16:00:00
18,1871,Customer_18,58,Male,Islamabad,Clothing,67053,2022-01-01 17:00:00
19,2687,Customer_19,47,Male,Quetta,Clothing,5779,2022-01-01 18:00:00
20,1130,Customer_20,30,Male,Karachi,Grocery,76448,2022-01-01 19:00:00
21,2685,Customer_21,38,Male,Quetta,Electronics,8212,2022-01-01 20:00:00
22,2332,Customer_22,36,Male,Peshawar,Electronics,16317,2022-01-01 21:00:00
23,1769,Customer_23,36,Female,Quetta,Electronics,54332,2022-01-01 22:00:00
24,1343,Customer_24,42,Female,Karachi,Grocery,56724,2022-01-01 23:00:00
25,2515,Customer_25,39,Male,Quetta,Grocery,7124,2022-01-02 00:00:00
26,2437,Customer_26,48,Male,Islamabad,Clothing,29626,2022-01-02 01:00:00
27,1805,Customer_27,34,Male,Lahore,Grocery,37962,2022-01-02 02:00:00
28,1385,Customer_28,40,Male,Islamabad,Clothing,59176,2022-01-02 03:00:00
29,2215,Customer_29,49,Female,Lahore,Clothing,47315,2022-01-02 04:00:00
30,1955,Customer_30,27,Female,Quetta,Electronics,26593,2022-01-02 05:00:00
31,1276,Customer_31,27,Male,Peshawar,Grocery,33025,2022-01-02 06:00:00
32,2184,Customer_32,53,Female,Quetta,Electronics,29530,2022-01-02 07:00:00
33,1459,Customer_33,25,Female,Karachi,Electronics,44567,2022-01-02 08:00:00
34,2337,Customer_34,37,Male,Quetta,Grocery,5707,2022-01-02 09:00:00
35,1021,Customer_35,49,Male,Lahore,Grocery,76933,2022-01-02 10:00:00
36,1252,Customer_36,31,Male,Islamabad,Furniture,27139,2022-01-02 11:00:00
37,1747,Customer_37,45,Male,Peshawar,Clothing,3292,2022-01-02 12:00:00
38,1856,Customer_38,63,Female,Quetta,Furniture,920,2022-01-02 13:00:00
39,2584,Customer_39,41,Male,Quetta,Clothing,19698,2022-01-02 14:00:00
40,1474,Customer_40,32,Female,Islamabad,Clothing,36108,2022-01-02 15:00:00
41,2082,Customer_41,39,Male,Peshawar,Clothing,46705,2022-01-02 16:00:00
42,1510,Customer_42,47,Female,Quetta,Electronics,18375,2022-01-02 17:00:00
43,2705,Customer_43,21,Male,Quetta,Electronics,71011,2022-01-02 18:00:00
44,2499,Customer_44,30,Male,Lahore,Grocery,21831,2022-01-02 19:00:00
45,1699,Customer_45,40,Female,Lahore,Clothing,17393,2022-01-02 20:00:00
46,1975,Customer_46,25,Female,Karachi,Clothing,65413,2022-01-02 21:00:00
47,2806,Customer_47,35,Female,Islamabad,Clothing,18743,2022-01-02 22:00:00
48,1189,Customer_48,29,Male,Peshawar,Electronics,16035,2022-01-02 23:00:00
49,1957,Customer_49,48,Female,Quetta,Grocery,63703,2022-01-03 00:00:00
50,1686,Customer_50,31,Female,Quetta,Electronics,71097,2022-01-03 01:00:00
51,1957,Customer_51,51,Female,Karachi,Furniture,67894,2022-01-03 02:00:00
52,1562,Customer_52,35,Female,Quetta,Furniture,25989,2022-01-03 03:00:00
53,2899,Customer_53,51,Female,Islamabad,Furniture,79714,2022-01-03 04:00:00
54,2590,Customer_54,28,Female,Karachi,Grocery,13846,2022-01-03 05:00:00
55,2267,Customer_55,58,Female,Islamabad,Furniture,48505,2022-01-03 06:00:00
56,1831,Customer_56,29,Female,Karachi,Grocery,7273,2022-01-03 07:00:00
57,2528,Customer_57,32,Female,Quetta,Electronics,75824,2022-01-03 08:00:00
58,2154,Customer_58,48,Male,Karachi,Electronics,32843,2022-01-03 09:00:00
59,2508,Customer_59,46,Male,Lahore,Grocery,75283,2022-01-03 10:00:00
60,2842,Customer_60,43,Female,Peshawar,Electronics,46463,2022-01-03 11:00:00
61,1646,Customer_61,35,Male,Quetta,Electronics,42483,2022-01-03 12:00:00
62,1020,Customer_62,49,Male,Peshawar,Grocery,36472,2022-01-03 13:00:00
63,1840,Customer_63,39,Female,Quetta,Furniture,17459,2022-01-03 14:00:00
64,1166,Customer_64,55,Female,Peshawar,Grocery,34633,2022-01-03 15:00:00
65,2297,Customer_65,34,Female,Lahore,Clothing,51650,2022-01-03 16:00:00
66,1387,Customer_66,40,Female,Peshawar,Electronics,22234,2022-01-03 17:00:00
67,1600,Customer_67,41,Female,Karachi,Grocery,17900,2022-01-03 18:00:00
68,1315,Customer_68,25,Female,Peshawar,Electronics,20502,2022-01-03 19:00:00
69,1013,Customer_69,58,Male,Quetta,Furniture,36992,2022-01-03 20:00:00
70,1241,Customer_70,23,Female,Islamabad,Electronics,31375,2022-01-03 21:00:00
71,1776,Customer_71,22,Male,Peshawar,Grocery,25546,2022-01-03 22:00:00
72,2369,Customer_72,61,Female,Peshawar,Furniture,24164,2022-01-03 23:00:00
73,1564,Customer_73,46,Female,Peshawar,Furniture,24953,2022-01-04 00:00:00
74,1897,Customer_74,45,Male,Quetta,Furniture,5246,2022-01-04 01:00:00
75,2363,Customer_75,28,Female,Peshawar,Clothing,13717,2022-01-04 02:00:00
76,1091,Customer_76,18,Female,Quetta,Grocery,63684,2022-01-04 03:00:00
77,2390,Customer_77,60,Male,Quetta,Grocery,42335,2022-01-04 04:00:00
78,1955,Customer_78,36,Female,Islamabad,Furniture,9633,2022-01-04 05:00:00
79,2478,Customer_79,26,Male,Karachi,Electronics,41033,2022-01-04 06:00:00
80,2451,Customer_80,44,Female,Quetta,Furniture,5904,2022-01-04 07:00:00
81,1508,Customer_81,51,Female,Lahore,Clothing,33839,2022-01-04 08:00:00
82,1775,Customer_82,61,Male,Peshawar,Furniture,29225,2022-01-04 09:00:00
83,2966,Customer_83,21,Female,Lahore,Grocery,74832,2022-01-04 10:00:00
84,1034,Customer_84,53,Male,Peshawar,Furniture,45880,2022-01-04 11:00:00
85,1205,Customer_85,35,Male,Islamabad,Electronics,48573,2022-01-04 12:00:00
86,2104,Customer_86,32,Male,Quetta,Grocery,61373,2022-01-04 13:00:00
87,2955,Customer_87,30,Female,Karachi,Electronics,41841,2022-01-04 14:00:00
88,2585,Customer_88,36,Female,Quetta,Furniture,1736,2022-01-04 15:00:00
89,2895,Customer_89,23,Male,Peshawar,Grocery,68416,2022-01-04 16:00:00
90,2411,Customer_90,29,Female,Karachi,Clothing,15038,2022-01-04 17:00:00
91,2025,Customer_91,54,Female,Quetta,Grocery,12471,2022-01-04 18:00:00
92,2021,Customer_92,34,Female,Karachi,Electronics,39155,2022-01-04 19:00:00
93,2413,Customer_93,40,Male,Peshawar,Grocery,77522,2022-01-04 20:00:00
94,1565,Customer_94,43,Female,Islamabad,Clothing,61284,2022-01-04 21:00:00
95,2129,Customer_95,46,Male,Islamabad,Clothing,61789,2022-01-04 22:00:00
96,2795,Customer_96,50,Female,Quetta,Clothing,37910,2022-01-04 23:00:00
97,2845,Customer_97,44,Female,Lahore,Clothing,51802,2022-01-05 00:00:00
98,2500,Customer_98,42,Male,Peshawar,Electronics,22203,2022-01-05 01:00:00
99,1702,Customer_99,27,Female,Quetta,Grocery,44691,2022-01-05 02:00:00
100,1401,Customer_100,64,Male,Quetta,Furniture,54612,2022-01-05 03:00:00
101,1729,Customer_101,40,Female,Islamabad,Clothing,11899,2022-01-05 04:00:00
102,2579,Customer_102,38,Male,Karachi,Furniture,13185,2022-01-05 05:00:00
103,1161,Customer_103,38,Female,Peshawar,Furniture,4987,2022-01-05 06:00:00
104,1201,Customer_104,60,Female,Karachi,Grocery,12518,2022-01-05 07:00:00
105,2981,Customer_105,30,Female,Peshawar,Furniture,31325,2022-01-05 08:00:00
106,1995,Customer_106,54,Male,Lahore,Furniture,8250,2022-01-05 09:00:00
107,1269,Customer_107,50,Male,Islamabad,Electronics,59456,2022-01-05 10:00:00
108,2886,Customer_108,41,Male,Lahore,Furniture,50729,2022-01-05 11:00:00
109,1815,Customer_109,61,Female,Quetta,Grocery,43618,2022-01-05 12:00:00
110,2294,Customer_110,28,Male,Islamabad,Furniture,60115,2022-01-05 13:00:00
111,1455,Customer_111,34,Male,Quetta,Grocery,57790,2022-01-05 14:00:00
112,2485,Customer_112,21,Male,Lahore,Clothing,15605,2022-01-05 15:00:00
113,2750,Customer_113,64,Male,Peshawar,Furniture,19413,2022-01-05 16:00:00
114,2275,Customer_114,42,Male,Quetta,Furniture,50015,2022-01-05 17:00:00
115,2016,Customer_115,47,Male,Karachi,Furniture,47842,2022-01-05 18:00:00
116,2725,Customer_116,26,Male,Peshawar,Clothing,52684,2022-01-05 19:00:00
117,1295,Customer_117,38,Male,Peshawar,Electronics,61006,2022-01-05 20:00:00
118,2748,Customer_118,37,Male,Lahore,Furniture,25467,2022-01-05 21:00:00
119,1719,Customer_119,36,Male,Lahore,Grocery,36523,2022-01-05 22:00:00
120,2772,Customer_120,36,Female,Islamabad,Electronics,54788,2022-01-05 23:00:00
121,1337,Customer_121,29,Female,Islamabad,Electronics,27122,2022-01-06 00:00:00
122,1878,Customer_122,54,Male,Karachi,Electronics,45701,2022-01-06 01:00:00
123,2076,Customer_123,59,Female,Peshawar,Furniture,75533,2022-01-06 02:00:00
124,1791,Customer_124,34,Female,Karachi,Clothing,16850,2022-01-06 03:00:00
125,2945,Customer_125,54,Male,Karachi,Clothing,55320,2022-01-06 04:00:00
126,1216,Customer_126,56,Male,Lahore,Furniture,49209,2022-01-06 05:00:00
127,1763,Customer_127,45,Male,Karachi,Grocery,27970,2022-01-06 06:00:00
128,1187,Customer_128,58,Female,Karachi,Grocery,31389,2022-01-06 07:00:00
129,1379,Customer_129,52,Male,Quetta,Grocery,10724,2022-01-06 08:00:00
130,1492,Customer_130,64,Female,Islamabad,Furniture,5965,2022-01-06 09:00:00
131,2064,Customer_131,35,Male,Islamabad,Clothing,55714,2022-01-06 10:00:00
132,2180,Customer_132,31,Female,Peshawar,Furniture,3444,2022-01-06 11:00:00
133,1014,Customer_133,52,Female,Islamabad,Clothing,24836,2022-01-06 12:00:00
134,2836,Customer_134,61,Male,Peshawar,Electronics,39124,2022-01-06 13:00:00
135,1064,Customer_135,58,Male,Quetta,Furniture,65706,2022-01-06 14:00:00
136,2880,Customer_136,24,Female,Islamabad,Clothing,45264,2022-01-06 15:00:00
137,2862,Customer_137,58,Female,Quetta,Electronics,45920,2022-01-06 16:00:00
138,1520,Customer_138,30,Male,Islamabad,Electronics,66171,2022-01-06 17:00:00
139,2367,Customer_139,35,Male,Islamabad,Furniture,16273,2022-01-06 18:00:00
140,2152,Customer_140,54,Female,Quetta,Clothing,26947,2022-01-06 19:00:00
141,1647,Customer_141,30,Male,Karachi,Electronics,4533,2022-01-06 20:00:00
142,2495,Customer_142,53,Female,Karachi,Furniture,56352,2022-01-06 21:00:00
143,2086,Customer_143,48,Male,Karachi,Electronics,20997,2022-01-06 22:00:00
144,2162,Customer_144,19,Male,Karachi,Grocery,72582,2022-01-06 23:00:00
145,2522,Customer_145,33,Male,Islamabad,Furniture,74432,2022-01-07 00:00:00
146,1592,Customer_146,26,Female,Lahore,Electronics,21478,2022-01-07 01:00:00
147,1391,Customer_147,26,Male,Quetta,Furniture,13382,2022-01-07 02:00:00
148,2698,Customer_148,55,Female,Lahore,Furniture,17445,2022-01-07 03:00:00
149,1418,Customer_149,28,Male,Lahore,Clothing,56985,2022-01-07 04:00:00
150,1288,Customer_150,39,Female,Peshawar,Clothing,69350,2022-01-07 05:00:00
151,1378,Customer_151,50,Female,Karachi,Electronics,60370,2022-01-07 06:00:00
152,2796,Customer_152,53,Male,Islamabad,Furniture,19095,2022-01-07 07:00:00
153,2513,Customer_153,62,Female,Karachi,Furniture,64538,2022-01-07 08:00:00
154,1230,Customer_154,40,Female,Karachi,Grocery,56626,2022-01-07 09:00:00
155,2017,Customer_155,62,Female,Lahore,Furniture,35949,2022-01-07 10:00:00
156,1040,Customer_156,62,Female,Peshawar,Clothing,19139,2022-01-07 11:00:00
157,2051,Customer_157,51,Male,Karachi,Furniture,45870,2022-01-07 12:00:00
158,1134,Customer_158,26,Male,Quetta,Clothing,75128,2022-01-07 13:00:00
159,1200,Customer_159,41,Male,Quetta,Grocery,72418,2022-01-07 14:00:00
160,2863,Customer_160,25,Female,Karachi,Electronics,43210,2022-01-07 15:00:00
161,1779,Customer_161,24,Female,Lahore,Clothing,54551,2022-01-07 16:00:00
162,1929,Customer_162,53,Male,Lahore,Electronics,61139,2022-01-07 17:00:00
163,2056,Customer_163,35,Male,Islamabad,Electronics,3659,2022-01-07 18:00:00
164,2071,Customer_164,20,Female,Peshawar,Electronics,71692,2022-01-07 19:00:00
165,1502,Customer_165,45,Male,Lahore,Electronics,67488,2022-01-07 20:00:00
166,1406,Customer_166,23,Male,Islamabad,Clothing,19206,2022-01-07 21:00:00
167,2597,Customer_167,61,Female,Quetta,Grocery,10362,2022-01-07 22:00:00
168,2751,Customer_168,61,Male,Quetta,Furniture,10719,2022-01-07 23:00:00
169,1804,Customer_169,38,Female,Quetta,Clothing,35036,2022-01-08 00:00:00
170,1098,Customer_170,45,Male,Karachi,Grocery,72132,2022-01-08 01:00:00
171,1683,Customer_171,57,Female,Peshawar,Furniture,77891,2022-01-08 02:00:00
172,2895,Customer_172,18,Female,Islamabad,Electronics,63386,2022-01-08 03:00:00
173,1725,Customer_173,53,Female,Peshawar,Furniture,34437,2022-01-08 04:00:00
174,2570,Customer_174,38,Female,Karachi,Furniture,21594,2022-01-08 05:00:00
175,1960,Customer_175,60,Female,Islamabad,Grocery,28424,2022-01-08 06:00:00
176,2762,Customer_176,52,Male,Islamabad,Furniture,623,2022-01-08 07:00:00
177,1612,Customer_177,30,Male,Lahore,Electronics,53649,2022-01-08 08:00:00
178,2966,Customer_178,27,Male,Peshawar,Clothing,71945,2022-01-08 09:00:00
179,2485,Customer_179,61,Female,Peshawar,Clothing,32354,2022-01-08 10:00:00
180,1642,Customer_180,64,Male,Lahore,Grocery,61296,2022-01-08 11:00:00
181,2792,Customer_181,27,Female,Quetta,Electronics,69932,2022-01-08 12:00:00
182,2028,Customer_182,63,Female,Karachi,Electronics,59468,2022-01-08 13:00:00
183,2241,Customer_183,30,Male,Peshawar,Furniture,41334,2022-01-08 14:00:00
184,1502,Customer_184,54,Female,Lahore,Grocery,17611,2022-01-08 15:00:00
185,1766,Customer_185,55,Male,Islamabad,Electronics,73075,2022-01-08 16:00:00
186,1397,Customer_186,41,Female,Lahore,Electronics,24599,2022-01-08 17:00:00
187,1870,Customer_187,19,Female,Quetta,Electronics,69706,2022-01-08 18:00:00
188,1794,Customer_188,39,Male,Karachi,Clothing,50793,2022-01-08 19:00:00
189,1392,Customer_189,34,Female,Quetta,Clothing,15529,2022-01-08 20:00:00
190,1206,Customer_190,53,Male,Islamabad,Clothing,32311,2022-01-08 21:00:00
191,2038,Customer_191,31,Female,Islamabad,Furniture,16293,2022-01-08 22:00:00
192,2881,Customer_192,27,Male,Islamabad,Furniture,48606,2022-01-08 23:00:00
193,2577,Customer_193,52,Female,Islamabad,Furniture,1472,2022-01-09 00:00:00
194,1891,Customer_194,42,Male,Lahore,Electronics,860,2022-01-09 01:00:00
195,2484,Customer_195,20,Male,Islamabad,Clothing,3132,2022-01-09 02:00:00
196,2714,Customer_196,64,Female,Islamabad,Electronics,36458,2022-01-09 03:00:00
197,2598,Customer_197,55,Male,Lahore,Electronics,18508,2022-01-09 04:00:00
198,1863,Customer_198,34,Female,Islamabad,Grocery,78156,2022-01-09 05:00:00
199,1742,Customer_199,29,Female,Quetta,Electronics,30783,2022-01-09 06:00:00
200,2264,Customer_200,41,Male,Quetta,Furniture,51408,2022-01-09 07:00:00
201,1563,Customer_201,46,Male,Peshawar,Clothing,8318,2022-01-09 08:00:00
202,2020,Customer_202,60,Male,Quetta,Clothing,71155,2022-01-09 09:00:00
203,1095,Customer_203,42,Male,Karachi,Electronics,31079,2022-01-09 10:00:00
204,2923,Customer_204,53,Male,Karachi,Furniture,55678,2022-01-09 11:00:00
205,2757,Customer_205,43,Female,Karachi,Furniture,58084,2022-01-09 12:00:00
206,1484,Customer_206,55,Male,Lahore,Furniture,65520,2022-01-09 13:00:00
207,2430,Customer_207,18,Female,Quetta,Clothing,1475,2022-01-09 14:00:00
208,1230,Customer_208,37,Male,Karachi,Furniture,63979,2022-01-09 15:00:00
209,1748,Customer_209,45,Male,Peshawar,Furniture,16765,2022-01-09 16:00:00
210,2678,Customer_210,33,Male,Lahore,Electronics,64018,2022-01-09 17:00:00
211,2194,Customer_211,64,Female,Peshawar,Grocery,4818,2022-01-09 18:00:00
212,1540,Customer_212,34,Male,Quetta,Furniture,35581,2022-01-09 19:00:00
213,2059,Customer_213,57,Female,Islamabad,Electronics,59149,2022-01-09 20:00:00
214,1524,Customer_214,45,Female,Peshawar,Electronics,43569,2022-01-09 21:00:00
215,2183,Customer_215,29,Female,Islamabad,Furniture,79170,2022-01-09 22:00:00
216,2862,Customer_216,44,Male,Lahore,Grocery,76877,2022-01-09 23:00:00
217,2722,Customer_217,59,Female,Peshawar,Clothing,12927,2022-01-10 00:00:00
218,2266,Customer_218,64,Male,Peshawar,Grocery,40751,2022-01-10 01:00:00
219,2109,Customer_219,47,Female,Lahore,Furniture,25665,2022-01-10 02:00:00
220,2819,Customer_220,58,Male,Lahore,Grocery,67785,2022-01-10 03:00:00
221,1577,Customer_221,51,Female,Karachi,Electronics,65427,2022-01-10 04:00:00
222,1681,Customer_222,54,Male,Quetta,Electronics,73670,2022-01-10 05:00:00
223,1556,Customer_223,23,Male,Peshawar,Grocery,76650,2022-01-10 06:00:00
224,2597,Customer_224,24,Male,Peshawar,Clothing,25366,2022-01-10 07:00:00
225,2976,Customer_225,49,Female,Lahore,Grocery,10782,2022-01-10 08:00:00
226,2012,Customer_226,49,Female,Lahore,Furniture,20819,2022-01-10 09:00:00
227,1645,Customer_227,42,Male,Quetta,Clothing,37226,2022-01-10 10:00:00
228,1795,Customer_228,50,Female,Lahore,Grocery,15912,2022-01-10 11:00:00
229,2051,Customer_229,24,Female,Islamabad,Grocery,74086,2022-01-10 12:00:00
230,2643,Customer_230,29,Female,Islamabad,Clothing,25083,2022-01-10 13:00:00
231,2579,Customer_231,33,Female,Islamabad,Grocery,62422,2022-01-10 14:00:00
232,2363,Customer_232,33,Female,Islamabad,Furniture,6685,2022-01-10 15:00:00
233,2821,Customer_233,60,Female,Quetta,Electronics,56889,2022-01-10 16:00:00
234,2981,Customer_234,53,Female,Peshawar,Furniture,17923,2022-01-10 17:00:00
235,2354,Customer_235,30,Male,Islamabad,Grocery,51768,2022-01-10 18:00:00
236,2663,Customer_236,24,Male,Lahore,Electronics,42144,2022-01-10 19:00:00
237,2529,Customer_237,53,Female,Islamabad,Clothing,37286,2022-01-10 20:00:00
238,2371,Customer_238,64,Male,Quetta,Furniture,76025,2022-01-10 21:00:00
239,2496,Customer_239,26,Male,Lahore,Clothing,30977,2022-01-10 22:00:00
240,2254,Customer_240,49,Male,Islamabad,Electronics,4071,2022-01-10 23:00:00
241,1189,Customer_241,28,Female,Peshawar,Grocery,20076,2022-01-11 00:00:00
242,2248,Customer_242,25,Female,Lahore,Electronics,63203,2022-01-11 01:00:00
243,2408,Customer_243,50,Female,Lahore,Electronics,10180,2022-01-11 02:00:00
244,2400,Customer_244,40,Female,Peshawar,Clothing,26206,2022-01-11 03:00:00
245,2306,Customer_245,42,Female,Lahore,Furniture,65027,2022-01-11 04:00:00
246,2981,Customer_246,25,Male,Islamabad,Electronics,71065,2022-01-11 05:00:00
247,1632,Customer_247,62,Female,Lahore,Grocery,48936,2022-01-11 06:00:00
248,1627,Customer_248,39,Male,Islamabad,Electronics,3274,2022-01-11 07:00:00
249,1972,Customer_249,21,Female,Peshawar,Clothing,17472,2022-01-11 08:00:00
250,2768,Customer_250,57,Male,Karachi,Furniture,14548,2022-01-11 09:00:00
251,2282,Customer_251,20,Female,Peshawar,Grocery,77180,2022-01-11 10:00:00
252,2382,Customer_252,46,Female,Islamabad,Clothing,58102,2022-01-11 11:00:00
253,1709,Customer_253,58,Female,Quetta,Electronics,66903,2022-01-11 12:00:00
254,2479,Customer_254,46,Female,Peshawar,Electronics,27682,2022-01-11 13:00:00
255,2434,Customer_255,51,Female,Quetta,Furniture,77873,2022-01-11 14:00:00
256,1648,Customer_256,51,Female,Quetta,Clothing,47559,2022-01-11 15:00:00
257,1317,Customer_257,45,Male,Islamabad,Clothing,9287,2022-01-11 16:00:00
258,2700,Customer_258,30,Female,Islamabad,Furniture,893,2022-01-11 17:00:00
259,2248,Customer_259,32,Male,Karachi,Grocery,62275,2022-01-11 18:00:00
260,2842,Customer_260,40,Female,Lahore,Clothing,59954,2022-01-11 19:00:00
261,2257,Customer_261,61,Male,Peshawar,Furniture,12556,2022-01-11 20:00:00
262,1683,Customer_262,43,Male,Islamabad,Clothing,61983,2022-01-11 21:00:00
263,1663,Customer_263,21,Male,Peshawar,Furniture,45457,2022-01-11 22:00:00
264,2998,Customer_264,43,Male,Quetta,Electronics,28929,2022-01-11 23:00:00
265,2850,Customer_265,57,Male,Lahore,Electronics,46409,2022-01-12 00:00:00
266,2397,Customer_266,26,Male,Karachi,Clothing,53406,2022-01-12 01:00:00
267,2695,Customer_267,22,Female,Peshawar,Clothing,44889,2022-01-12 02:00:00
268,2631,Customer_268,49,Male,Lahore,Electronics,21405,2022-01-12 03:00:00
269,2495,Customer_269,37,Female,Karachi,Grocery,54230,2022-01-12 04:00:00
270,2256,Customer_270,28,Female,Peshawar,Furniture,58057,2022-01-12 05:00:00
271,2715,Customer_271,32,Male,Lahore,Grocery,66699,2022-01-12 06:00:00
272,2136,Customer_272,49,Male,Islamabad,Grocery,47801,2022-01-12 07:00:00
273,2853,Customer_273,45,Female,Peshawar,Grocery,47759,2022-01-12 08:00:00
274,2520,Customer_274,39,Male,Lahore,Electronics,75301,2022-01-12 09:00:00
275,1441,Customer_275,58,Male,Karachi,Clothing,5074,2022-01-12 10:00:00
276,1563,Customer_276,34,Male,Lahore,Grocery,57276,2022-01-12 11:00:00
277,2291,Customer_277,43,Male,Islamabad,Electronics,25237,2022-01-12 12:00:00
278,2533,Customer_278,61,Male,Peshawar,Furniture,23890,2022-01-12 13:00:00
279,2830,Customer_279,24,Male,Peshawar,Clothing,52830,2022-01-12 14:00:00
280,2409,Customer_280,59,Male,Peshawar,Furniture,71582,2022-01-12 15:00:00
281,2410,Customer_281,43,Female,Islamabad,Grocery,54142,2022-01-12 16:00:00
282,2136,Customer_282,42,Male,Karachi,Clothing,21780,2022-01-12 17:00:00
283,2636,Customer_283,27,Female,Peshawar,Grocery,21537,2022-01-12 18:00:00
284,2648,Customer_284,62,Female,Karachi,Clothing,41076,2022-01-12 19:00:00
285,1951,Customer_285,36,Female,Lahore,Grocery,29064,2022-01-12 20:00:00
286,2104,Customer_286,28,Female,Karachi,Furniture,28587,2022-01-12 21:00:00
287,1698,Customer_287,30,Male,Karachi,Furniture,76713,2022-01-12 22:00:00
288,1112,Customer_288,25,Female,Peshawar,Grocery,13303,2022-01-12 23:00:00
289,1001,Customer_289,57,Female,Quetta,Clothing,46502,2022-01-13 00:00:00
290,1641,Customer_290,21,Female,Quetta,Furniture,67261,2022-01-13 01:00:00
291,1219,Customer_291,64,Female,Islamabad,Clothing,71810,2022-01-13 02:00:00
292,2589,Customer_292,48,Female,Islamabad,Clothing,79079,2022-01-13 03:00:00
293,1854,Customer_293,45,Male,Quetta,Furniture,16663,2022-01-13 04:00:00
294,2759,Customer_294,28,Male,Lahore,Electronics,68880,2022-01-13 05:00:00
295,2248,Customer_295,60,Female,Peshawar,Electronics,73383,2022-01-13 06:00:00
296,1384,Customer_296,18,Male,Peshawar,Clothing,52385,2022-01-13 07:00:00
297,2426,Customer_297,64,Male,Lahore,Furniture,37264,2022-01-13 08:00:00
298,2661,Customer_298,55,Female,Lahore,Electronics,62626,2022-01-13 09:00:00
299,2153,Customer_299,41,Female,Quetta,Grocery,67724,2022-01-13 10:00:00
300,2076,Customer_300,64,Female,Islamabad,Clothing,47555,2022-01-13 11:00:00
301,2707,Customer_301,48,Male,Lahore,Electronics,52099,2022-01-13 12:00:00
302,1729,Customer_302,58,Female,Islamabad,Furniture,78540,2022-01-13 13:00:00
303,2695,Customer_303,63,Male,Karachi,Furniture,40220,2022-01-13 14:00:00
304,2733,Customer_304,43,Male,Peshawar,Clothing,44984,2022-01-13 15:00:00
305,2439,Customer_305,22,Male,Quetta,Furniture,39352,2022-01-13 16:00:00
306,1246,Customer_306,37,Female,Peshawar,Grocery,13719,2022-01-13 17:00:00
307,1835,Customer_307,58,Male,Quetta,Grocery,49365,2022-01-13 18:00:00
308,2462,Customer_308,28,Female,Karachi,Electronics,54957,2022-01-13 19:00:00
309,1202,Customer_309,50,Female,Peshawar,Furniture,37317,2022-01-13 20:00:00
310,2207,Customer_310,55,Female,Karachi,Grocery,69493,2022-01-13 21:00:00
311,1122,Customer_311,44,Female,Quetta,Clothing,52880,2022-01-13 22:00:00
312,1400,Customer_312,51,Female,Lahore,Furniture,50900,2022-01-13 23:00:00
313,1766,Customer_313,32,Male,Peshawar,Electronics,36758,2022-01-14 00:00:00
314,1293,Customer_314,49,Male,Karachi,Clothing,49457,2022-01-14 01:00:00
315,1279,Customer_315,38,Male,Peshawar,Clothing,18781,2022-01-14 02:00:00
316,2860,Customer_316,63,Male,Peshawar,Clothing,77764,2022-01-14 03:00:00
317,1883,Customer_317,22,Male,Peshawar,Grocery,51831,2022-01-14 04:00:00
318,2633,Customer_318,23,Female,Islamabad,Clothing,46180,2022-01-14 05:00:00
319,1197,Customer_319,55,Female,Karachi,Grocery,39223,2022-01-14 06:00:00
320,1981,Customer_320,39,Male,Karachi,Clothing,10662,2022-01-14 07:00:00
321,2930,Customer_321,35,Male,Peshawar,Grocery,51595,2022-01-14 08:00:00
322,2534,Customer_322,31,Male,Lahore,Furniture,11838,2022-01-14 09:00:00
323,1751,Customer_323,27,Female,Peshawar,Grocery,12175,2022-01-14 10:00:00
324,1143,Customer_324,63,Female,Islamabad,Grocery,20580,2022-01-14 11:00:00
325,1608,Customer_325,30,Female,Quetta,Furniture,14436,2022-01-14 12:00:00
326,2224,Customer_326,48,Male,Islamabad,Clothing,10519,2022-01-14 13:00:00
327,2147,Customer_327,47,Male,Lahore,Furniture,67782,2022-01-14 14:00:00
328,1186,Customer_328,20,Male,Peshawar,Clothing,50181,2022-01-14 15:00:00
329,2349,Customer_329,47,Male,Karachi,Grocery,74361,2022-01-14 16:00:00
330,1463,Customer_330,23,Female,Peshawar,Clothing,4986,2022-01-14 17:00:00
331,2372,Customer_331,46,Male,Lahore,Grocery,19612,2022-01-14 18:00:00
332,2794,Customer_332,25,Male,Karachi,Clothing,52197,2022-01-14 19:00:00
333,1659,Customer_333,61,Male,Islamabad,Grocery,56498,2022-01-14 20:00:00
334,1763,Customer_334,62,Female,Quetta,Grocery,27076,2022-01-14 21:00:00
335,1954,Customer_335,60,Female,Quetta,Electronics,50600,2022-01-14 22:00:00
336,2955,Customer_336,61,Male,Peshawar,Clothing,21820,2022-01-14 23:00:00
337,1402,Customer_337,50,Female,Islamabad,Clothing,66229,2022-01-15 00:00:00
338,2369,Customer_338,34,Female,Lahore,Electronics,29644,2022-01-15 01:00:00
339,2986,Customer_339,28,Female,Quetta,Grocery,57826,2022-01-15 02:00:00
340,2534,Customer_340,30,Female,Islamabad,Grocery,77648,2022-01-15 03:00:00
341,1146,Customer_341,28,Female,Peshawar,Electronics,19807,2022-01-15 04:00:00
342,2171,Customer_342,48,Male,Karachi,Electronics,61098,2022-01-15 05:00:00
343,1863,Customer_343,45,Male,Peshawar,Furniture,20123,2022-01-15 06:00:00
344,2734,Customer_344,61,Male,Peshawar,Grocery,20749,2022-01-15 07:00:00
345,2843,Customer_345,23,Female,Islamabad,Furniture,74265,2022-01-15 08:00:00
346,1488,Customer_346,58,Female,Quetta,Clothing,72631,2022-01-15 09:00:00
347,1928,Customer_347,33,Female,Islamabad,Furniture,38877,2022-01-15 10:00:00
348,2959,Customer_348,21,Female,Karachi,Electronics,52865,2022-01-15 11:00:00
349,2663,Customer_349,52,Male,Islamabad,Electronics,35051,2022-01-15 12:00:00
350,1550,Customer_350,43,Male,Lahore,Electronics,43426,2022-01-15 13:00:00
351,1337,Customer_351,29,Male,Peshawar,Electronics,39099,2022-01-15 14:00:00
352,1871,Customer_352,28,Male,Quetta,Furniture,23093,2022-01-15 15:00:00
353,1640,Customer_353,54,Male,Karachi,Furniture,60834,2022-01-15 16:00:00
354,2802,Customer_354,42,Male,Peshawar,Furniture,60393,2022-01-15 17:00:00
355,2976,Customer_355,35,Female,Islamabad,Electronics,43136,2022-01-15 18:00:00
356,1472,Customer_356,36,Female,Lahore,Electronics,69725,2022-01-15 19:00:00
357,2969,Customer_357,40,Male,Islamabad,Grocery,40863,2022-01-15 20:00:00
358,1150,Customer_358,55,Female,Peshawar,Grocery,56459,2022-01-15 21:00:00
359,2438,Customer_359,35,Male,Karachi,Electronics,1620,2022-01-15 22:00:00
360,2321,Customer_360,43,Male,Quetta,Grocery,16991,2022-01-15 23:00:00
361,2634,Customer_361,23,Female,Peshawar,Clothing,44138,2022-01-16 00:00:00
362,1262,Customer_362,21,Male,Karachi,Clothing,39562,2022-01-16 01:00:00
363,2787,Customer_363,61,Male,Peshawar,Electronics,5693,2022-01-16 02:00:00
364,1143,Customer_364,46,Male,Lahore,Furniture,15713,2022-01-16 03:00:00
365,1345,Customer_365,51,Female,Islamabad,Clothing,17687,2022-01-16 04:00:00
366,1623,Customer_366,34,Female,Quetta,Clothing,10540,2022-01-16 05:00:00
367,2016,Customer_367,60,Female,Karachi,Furniture,66802,2022-01-16 06:00:00
368,2595,Customer_368,60,Female,Quetta,Grocery,30449,2022-01-16 07:00:00
369,1880,Customer_369,33,Male,Quetta,Furniture,4027,2022-01-16 08:00:00
370,1001,Customer_370,19,Female,Quetta,Grocery,77057,2022-01-16 09:00:00
371,1896,Customer_371,51,Female,Karachi,Grocery,77794,2022-01-16 10:00:00
372,2327,Customer_372,25,Female,Karachi,Furniture,19257,2022-01-16 11:00:00
373,1253,Customer_373,30,Male,Quetta,Grocery,25912,2022-01-16 12:00:00
374,2675,Customer_374,59,Female,Islamabad,Clothing,14812,2022-01-16 13:00:00
375,1452,Customer_375,25,Female,Peshawar,Electronics,22619,2022-01-16 14:00:00
376,2060,Customer_376,47,Male,Quetta,Grocery,12304,2022-01-16 15:00:00
377,2183,Customer_377,49,Male,Lahore,Clothing,54486,2022-01-16 16:00:00
378,2014,Customer_378,53,Male,Quetta,Furniture,47045,2022-01-16 17:00:00
379,1008,Customer_379,64,Male,Karachi,Grocery,77019,2022-01-16 18:00:00
380,2256,Customer_380,47,Female,Peshawar,Clothing,30499,2022-01-16 19:00:00
381,2122,Customer_381,18,Male,Lahore,Grocery,40258,2022-01-16 20:00:00
382,2682,Customer_382,60,Female,Peshawar,Furniture,70019,2022-01-16 21:00:00
383,1815,Customer_383,56,Female,Peshawar,Electronics,4268,2022-01-16 22:00:00
384,1207,Customer_384,34,Female,Lahore,Grocery,2004,2022-01-16 23:00:00
385,2154,Customer_385,37,Female,Quetta,Electronics,68486,2022-01-17 00:00:00
386,1403,Customer_386,41,Female,Quetta,Grocery,77272,2022-01-17 01:00:00
387,1151,Customer_387,39,Male,Quetta,Grocery,8502,2022-01-17 02:00:00
388,1053,Customer_388,46,Female,Islamabad,Furniture,75927,2022-01-17 03:00:00
389,2143,Customer_389,39,Female,Quetta,Grocery,39287,2022-01-17 04:00:00
390,2696,Customer_390,61,Female,Lahore,Clothing,14398,2022-01-17 05:00:00
391,2943,Customer_391,26,Male,Islamabad,Clothing,10972,2022-01-17 06:00:00
392,1627,Customer_392,54,Female,Quetta,Electronics,33132,2022-01-17 07:00:00
393,1586,Customer_393,27,Female,Islamabad,Electronics,34243,2022-01-17 08:00:00
394,2648,Customer_394,53,Male,Lahore,Clothing,79038,2022-01-17 09:00:00
395,2991,Customer_395,54,Female,Quetta,Electronics,43886,2022-01-17 10:00:00
396,2443,Customer_396,45,Female,Karachi,Electronics,43888,2022-01-17 11:00:00
397,2445,Customer_397,45,Male,Lahore,Clothing,21823,2022-01-17 12:00:00
398,1103,Customer_398,59,Female,Peshawar,Clothing,69769,2022-01-17 13:00:00
399,2875,Customer_399,60,Female,Peshawar,Clothing,41819,2022-01-17 14:00:00
400,1253,Customer_400,38,Female,Lahore,Furniture,68259,2022-01-17 15:00:00
401,2250,Customer_401,41,Female,Peshawar,Furniture,17368,2022-01-17 16:00:00
402,2135,Customer_402,59,Female,Lahore,Clothing,2580,2022-01-17 17:00:00
403,1509,Customer_403,57,Male,Karachi,Grocery,14276,2022-01-17 18:00:00
404,2496,Customer_404,19,Male,Lahore,Clothing,66731,2022-01-17 19:00:00
405,1098,Customer_405,25,Male,Quetta,Furniture,55952,2022-01-17 20:00:00
406,1152,Customer_406,44,Female,Quetta,Electronics,54312,2022-01-17 21:00:00
407,2884,Customer_407,39,Female,Islamabad,Grocery,63771,2022-01-17 22:00:00
408,1913,Customer_408,54,Female,Peshawar,Grocery,78085,2022-01-17 23:00:00
409,2919,Customer_409,44,Male,Peshawar,Electronics,59042,2022-01-18 00:00:00
410,1877,Customer_410,46,Female,Lahore,Grocery,16128,2022-01-18 01:00:00
411,1337,Customer_411,20,Female,Peshawar,Electronics,8765,2022-01-18 02:00:00
412,2729,Customer_412,61,Female,Quetta,Furniture,25171,2022-01-18 03:00:00
413,1821,Customer_413,30,Male,Karachi,Grocery,12960,2022-01-18 04:00:00
414,2186,Customer_414,62,Male,Lahore,Grocery,3977,2022-01-18 05:00:00
415,2743,Customer_415,27,Female,Peshawar,Electronics,2702,2022-01-18 06:00:00
416,1956,Customer_416,53,Female,Quetta,Electronics,12350,2022-01-18 07:00:00
417,2704,Customer_417,26,Female,Islamabad,Furniture,21309,2022-01-18 08:00:00
418,1160,Customer_418,44,Male,Peshawar,Electronics,71386,2022-01-18 09:00:00
419,2603,Customer_419,51,Male,Karachi,Electronics,3306,2022-01-18 10:00:00
420,1800,Customer_420,18,Male,Karachi,Furniture,7663,2022-01-18 11:00:00
421,1397,Customer_421,49,Female,Peshawar,Clothing,685,2022-01-18 12:00:00
422,2300,Customer_422,42,Male,Peshawar,Clothing,25218,2022-01-18 13:00:00
423,1815,Customer_423,46,Female,Quetta,Electronics,77581,2022-01-18 14:00:00
424,2939,Customer_424,24,Female,Peshawar,Furniture,56702,2022-01-18 15:00:00
425,2527,Customer_425,20,Male,Islamabad,Clothing,25715,2022-01-18 16:00:00
426,2919,Customer_426,37,Female,Quetta,Furniture,28825,2022-01-18 17:00:00
427,2415,Customer_427,37,Male,Lahore,Electronics,18958,2022-01-18 18:00:00
428,2158,Customer_428,47,Female,Islamabad,Electronics,16506,2022-01-18 19:00:00
429,2218,Customer_429,52,Female,Quetta,Furniture,33469,2022-01-18 20:00:00
430,1400,Customer_430,52,Male,Quetta,Grocery,77320,2022-01-18 21:00:00
431,1639,Customer_431,56,Female,Karachi,Electronics,28155,2022-01-18 22:00:00
432,2056,Customer_432,44,Female,Quetta,Electronics,9602,2022-01-18 23:00:00
433,1687,Customer_433,43,Female,Islamabad,Electronics,67607,2022-01-19 00:00:00
434,1459,Customer_434,31,Female,Peshawar,Electronics,22053,2022-01-19 01:00:00
435,1954,Customer_435,34,Female,Islamabad,Furniture,67365,2022-01-19 02:00:00
436,2906,Customer_436,35,Female,Lahore,Furniture,41920,2022-01-19 03:00:00
437,1469,Customer_437,62,Female,Quetta,Furniture,25882,2022-01-19 04:00:00
438,2398,Customer_438,46,Female,Quetta,Furniture,69735,2022-01-19 05:00:00
439,2045,Customer_439,37,Male,Quetta,Grocery,39295,2022-01-19 06:00:00
440,1749,Customer_440,44,Male,Quetta,Furniture,51925,2022-01-19 07:00:00
441,2693,Customer_441,35,Female,Karachi,Furniture,57902,2022-01-19 08:00:00
442,1037,Customer_442,21,Female,Karachi,Electronics,63039,2022-01-19 09:00:00
443,1229,Customer_443,18,Male,Peshawar,Grocery,76703,2022-01-19 10:00:00
444,2388,Customer_444,18,Female,Quetta,Electronics,23959,2022-01-19 11:00:00
445,1562,Customer_445,43,Male,Lahore,Grocery,50149,2022-01-19 12:00:00
446,1437,Customer_446,62,Male,Peshawar,Clothing,72995,2022-01-19 13:00:00
447,2799,Customer_447,37,Male,Quetta,Grocery,46884,2022-01-19 14:00:00
448,2306,Customer_448,40,Female,Karachi,Grocery,72246,2022-01-19 15:00:00
449,1026,Customer_449,27,Female,Lahore,Electronics,78553,2022-01-19 16:00:00
450,1225,Customer_450,28,Female,Peshawar,Grocery,56778,2022-01-19 17:00:00
451,2300,Customer_451,58,Male,Lahore,Grocery,78656,2022-01-19 18:00:00
452,1797,Customer_452,58,Male,Quetta,Electronics,37244,2022-01-19 19:00:00
453,2632,Customer_453,22,Male,Islamabad,Clothing,31068,2022-01-19 20:00:00
454,1283,Customer_454,18,Female,Lahore,Clothing,18491,2022-01-19 21:00:00
455,1878,Customer_455,34,Male,Lahore,Clothing,9412,2022-01-19 22:00:00
456,1959,Customer_456,39,Male,Karachi,Grocery,33027,2022-01-19 23:00:00
457,2504,Customer_457,51,Female,Quetta,Electronics,50926,2022-01-20 00:00:00
458,1452,Customer_458,62,Male,Lahore,Clothing,20907,2022-01-20 01:00:00
459,2019,Customer_459,58,Male,Quetta,Clothing,12844,2022-01-20 02:00:00
460,2852,Customer_460,46,Female,Karachi,Clothing,2855,2022-01-20 03:00:00
461,1815,Customer_461,21,Female,Quetta,Clothing,55233,2022-01-20 04:00:00
462,1658,Customer_462,22,Male,Karachi,Electronics,66785,2022-01-20 05:00:00
463,2539,Customer_463,28,Female,Karachi,Clothing,46233,2022-01-20 06:00:00
464,1546,Customer_464,38,Male,Peshawar,Grocery,57415,2022-01-20 07:00:00
465,2215,Customer_465,52,Female,Quetta,Grocery,53216,2022-01-20 08:00:00
466,2072,Customer_466,29,Male,Islamabad,Electronics,39026,2022-01-20 09:00:00
467,2535,Customer_467,43,Female,Peshawar,Furniture,18588,2022-01-20 10:00:00
468,1016,Customer_468,36,Male,Karachi,Clothing,65877,2022-01-20 11:00:00
469,2195,Customer_469,62,Female,Islamabad,Clothing,44905,2022-01-20 12:00:00
470,2243,Customer_470,24,Female,Lahore,Grocery,39342,2022-01-20 13:00:00
471,1157,Customer_471,64,Female,Lahore,Electronics,62288,2022-01-20 14:00:00
472,1476,Customer_472,24,Female,Peshawar,Furniture,52029,2022-01-20 15:00:00
473,2069,Customer_473,43,Female,Islamabad,Grocery,52883,2022-01-20 16:00:00
474,2396,Customer_474,57,Female,Quetta,Furniture,39677,2022-01-20 17:00:00
475,1517,Customer_475,22,Female,Islamabad,Electronics,39556,2022-01-20 18:00:00
476,1098,Customer_476,38,Male,Peshawar,Electronics,66921,2022-01-20 19:00:00
477,2915,Customer_477,31,Male,Quetta,Electronics,34132,2022-01-20 20:00:00
478,2768,Customer_478,21,Female,Quetta,Grocery,40185,2022-01-20 21:00:00
479,2060,Customer_479,40,Female,Lahore,Electronics,77722,2022-01-20 22:00:00
480,1279,Customer_480,59,Male,Islamabad,Grocery,69090,2022-01-20 23:00:00
481,2372,Customer_481,37,Male,Quetta,Grocery,9477,2022-01-21 00:00:00
482,1496,Customer_482,32,Female,Peshawar,Clothing,49467,2022-01-21 01:00:00
483,1301,Customer_483,62,Male,Lahore,Grocery,74572,2022-01-21 02:00:00
484,1180,Customer_484,46,Male,Quetta,Grocery,15570,2022-01-21 03:00:00
485,1606,Customer_485,25,Female,Islamabad,Clothing,22000,2022-01-21 04:00:00
486,2122,Customer_486,58,Female,Lahore,Furniture,10511,2022-01-21 05:00:00
487,1699,Customer_487,36,Female,Islamabad,Clothing,48539,2022-01-21 06:00:00
488,1992,Customer_488,56,Male,Islamabad,Clothing,9396,2022-01-21 07:00:00
489,2139,Customer_489,63,Female,Islamabad,Electronics,40458,2022-01-21 08:00:00
490,1190,Customer_490,45,Female,Lahore,Electronics,42412,2022-01-21 09:00:00
491,1252,Customer_491,63,Male,Quetta,Clothing,1314,2022-01-21 10:00:00
492,1980,Customer_492,44,Female,Karachi,Electronics,75776,2022-01-21 11:00:00
493,1927,Customer_493,21,Male,Quetta,Clothing,25219,2022-01-21 12:00:00
494,2184,Customer_494,32,Male,Lahore,Electronics,20650,2022-01-21 13:00:00
495,2279,Customer_495,52,Male,Karachi,Grocery,70994,2022-01-21 14:00:00
496,2346,Customer_496,54,Male,Karachi,Electronics,4325,2022-01-21 15:00:00
497,1127,Customer_497,18,Male,Karachi,Electronics,50868,2022-01-21 16:00:00
498,1017,Customer_498,20,Male,Peshawar,Grocery,15300,2022-01-21 17:00:00
499,2816,Customer_499,64,Female,Lahore,Clothing,76035,2022-01-21 18:00:00
500,2758,Customer_500,41,Female,Peshawar,Electronics,75517,2022-01-21 19:00:00
501,1565,Customer_501,44,Female,Karachi,Electronics,49005,2022-01-21 20:00:00
502,1569,Customer_502,57,Male,Peshawar,Grocery,58399,2022-01-21 21:00:00
503,2346,Customer_503,53,Female,Peshawar,Grocery,23101,2022-01-21 22:00:00
504,2895,Customer_504,51,Male,Lahore,Grocery,11177,2022-01-21 23:00:00
505,1685,Customer_505,46,Female,Islamabad,Furniture,30052,2022-01-22 00:00:00
506,2815,Customer_506,41,Male,Peshawar,Grocery,68391,2022-01-22 01:00:00
507,1625,Customer_507,41,Female,Peshawar,Clothing,75193,2022-01-22 02:00:00
508,2311,Customer_508,59,Male,Karachi,Electronics,33792,2022-01-22 03:00:00
509,2966,Customer_509,21,Female,Karachi,Electronics,66597,2022-01-22 04:00:00
510,1853,Customer_510,20,Male,Karachi,Furniture,74203,2022-01-22 05:00:00
511,2686,Customer_511,51,Female,Quetta,Electronics,16684,2022-01-22 06:00:00
512,1961,Customer_512,40,Male,Peshawar,Electronics,61546,2022-01-22 07:00:00
513,2662,Customer_513,40,Female,Karachi,Clothing,67241,2022-01-22 08:00:00
514,1154,Customer_514,62,Female,Lahore,Electronics,61877,2022-01-22 09:00:00
515,1489,Customer_515,22,Female,Quetta,Clothing,12539,2022-01-22 10:00:00
516,2409,Customer_516,48,Male,Islamabad,Furniture,45661,2022-01-22 11:00:00
517,1784,Customer_517,58,Male,Peshawar,Clothing,35506,2022-01-22 12:00:00
518,2127,Customer_518,23,Male,Peshawar,Grocery,18044,2022-01-22 13:00:00
519,2952,Customer_519,54,Male,Lahore,Grocery,13487,2022-01-22 14:00:00
520,2416,Customer_520,27,Male,Islamabad,Furniture,5739,2022-01-22 15:00:00
521,2834,Customer_521,57,Female,Islamabad,Electronics,45285,2022-01-22 16:00:00
522,1245,Customer_522,24,Male,Quetta,Clothing,23858,2022-01-22 17:00:00
523,2199,Customer_523,56,Female,Peshawar,Grocery,56950,2022-01-22 18:00:00
524,2062,Customer_524,55,Female,Karachi,Clothing,28928,2022-01-22 19:00:00
525,2500,Customer_525,38,Male,Lahore,Grocery,9596,2022-01-22 20:00:00
526,2705,Customer_526,37,Female,Lahore,Clothing,48082,2022-01-22 21:00:00
527,1758,Customer_527,20,Male,Lahore,Electronics,25036,2022-01-22 22:00:00
528,1537,Customer_528,39,Male,Lahore,Furniture,57895,2022-01-22 23:00:00
529,2890,Customer_529,64,Male,Karachi,Electronics,68657,2022-01-23 00:00:00
530,2841,Customer_530,21,Female,Karachi,Clothing,69984,2022-01-23 01:00:00
531,1920,Customer_531,45,Male,Quetta,Grocery,1787,2022-01-23 02:00:00
532,1407,Customer_532,29,Male,Peshawar,Grocery,55010,2022-01-23 03:00:00
533,1524,Customer_533,55,Male,Karachi,Furniture,24402,2022-01-23 04:00:00
534,1827,Customer_534,53,Female,Quetta,Electronics,56688,2022-01-23 05:00:00
535,2529,Customer_535,64,Male,Islamabad,Electronics,21664,2022-01-23 06:00:00
536,1902,Customer_536,58,Female,Peshawar,Electronics,2272,2022-01-23 07:00:00
537,2848,Customer_537,22,Female,Karachi,Grocery,53554,2022-01-23 08:00:00
538,1035,Customer_538,30,Male,Islamabad,Furniture,55378,2022-01-23 09:00:00
539,1684,Customer_539,40,Female,Quetta,Grocery,32738,2022-01-23 10:00:00
540,1019,Customer_540,47,Female,Karachi,Electronics,58793,2022-01-23 11:00:00
541,1320,Customer_541,54,Male,Karachi,Clothing,7713,2022-01-23 12:00:00
542,2799,Customer_542,42,Male,Islamabad,Grocery,15441,2022-01-23 13:00:00
543,1511,Customer_543,44,Male,Karachi,Furniture,16464,2022-01-23 14:00:00
544,1399,Customer_544,31,Female,Lahore,Electronics,27355,2022-01-23 15:00:00
545,1653,Customer_545,64,Male,Karachi,Clothing,59269,2022-01-23 16:00:00
546,1971,Customer_546,53,Female,Peshawar,Grocery,1546,2022-01-23 17:00:00
547,2906,Customer_547,56,Female,Islamabad,Clothing,15409,2022-01-23 18:00:00
548,1470,Customer_548,33,Female,Peshawar,Clothing,79614,2022-01-23 19:00:00
549,2166,Customer_549,39,Female,Quetta,Furniture,23868,2022-01-23 20:00:00
550,2115,Customer_550,38,Female,Peshawar,Grocery,71755,2022-01-23 21:00:00
551,2377,Customer_551,38,Male,Lahore,Furniture,16124,2022-01-23 22:00:00
552,1833,Customer_552,25,Male,Lahore,Electronics,10852,2022-01-23 23:00:00
553,2823,Customer_553,33,Female,Peshawar,Clothing,9723,2022-01-24 00:00:00
554,1726,Customer_554,48,Female,Quetta,Furniture,78754,2022-01-24 01:00:00
555,2982,Customer_555,59,Male,Karachi,Furniture,67351,2022-01-24 02:00:00
556,1853,Customer_556,27,Male,Lahore,Electronics,50544,2022-01-24 03:00:00
557,1050,Customer_557,49,Female,Peshawar,Grocery,31919,2022-01-24 04:00:00
558,2688,Customer_558,51,Female,Peshawar,Furniture,14267,2022-01-24 05:00:00
559,2721,Customer_559,26,Male,Peshawar,Clothing,72502,2022-01-24 06:00:00
560,1574,Customer_560,34,Male,Karachi,Clothing,31528,2022-01-24 07:00:00
561,2213,Customer_561,28,Female,Islamabad,Clothing,48453,2022-01-24 08:00:00
562,2148,Customer_562,49,Male,Quetta,Clothing,58465,2022-01-24 09:00:00
563,1149,Customer_563,27,Male,Islamabad,Furniture,70276,2022-01-24 10:00:00
564,1313,Customer_564,39,Female,Quetta,Clothing,31959,2022-01-24 11:00:00
565,1569,Customer_565,34,Female,Quetta,Furniture,25189,2022-01-24 12:00:00
566,2365,Customer_566,21,Female,Peshawar,Grocery,68482,2022-01-24 13:00:00
567,1304,Customer_567,64,Male,Lahore,Clothing,3846,2022-01-24 14:00:00
568,2715,Customer_568,42,Female,Peshawar,Grocery,45679,2022-01-24 15:00:00
569,1681,Customer_569,38,Male,Karachi,Furniture,41017,2022-01-24 16:00:00
570,1837,Customer_570,54,Female,Quetta,Electronics,70178,2022-01-24 17:00:00
571,2806,Customer_571,55,Female,Lahore,Grocery,73123,2022-01-24 18:00:00
572,2077,Customer_572,18,Male,Quetta,Clothing,59416,2022-01-24 19:00:00
573,2002,Customer_573,42,Male,Quetta,Electronics,49075,2022-01-24 20:00:00
574,1443,Customer_574,53,Female,Peshawar,Grocery,45539,2022-01-24 21:00:00
575,1612,Customer_575,34,Female,Lahore,Furniture,50455,2022-01-24 22:00:00
576,1992,Customer_576,58,Male,Lahore,Furniture,56371,2022-01-24 23:00:00
577,1263,Customer_577,41,Female,Quetta,Furniture,61178,2022-01-25 00:00:00
578,2076,Customer_578,19,Male,Lahore,Grocery,31851,2022-01-25 01:00:00
579,2595,Customer_579,57,Male,Lahore,Furniture,61193,2022-01-25 02:00:00
580,2003,Customer_580,32,Female,Peshawar,Grocery,31933,2022-01-25 03:00:00
581,2643,Customer_581,49,Male,Islamabad,Clothing,75297,2022-01-25 04:00:00
582,1004,Customer_582,56,Male,Karachi,Clothing,79515,2022-01-25 05:00:00
583,2126,Customer_583,23,Male,Islamabad,Grocery,16304,2022-01-25 06:00:00
584,2219,Customer_584,18,Female,Lahore,Grocery,45601,2022-01-25 07:00:00
585,1773,Customer_585,64,Male,Quetta,Electronics,60615,2022-01-25 08:00:00
586,1876,Customer_586,40,Female,Karachi,Furniture,78863,2022-01-25 09:00:00
587,1991,Customer_587,56,Female,Karachi,Clothing,45200,2022-01-25 10:00:00
588,1883,Customer_588,34,Female,Quetta,Clothing,78076,2022-01-25 11:00:00
589,2373,Customer_589,51,Male,Karachi,Electronics,19977,2022-01-25 12:00:00
590,1046,Customer_590,58,Male,Quetta,Grocery,16627,2022-01-25 13:00:00
591,1866,Customer_591,46,Female,Karachi,Grocery,26549,2022-01-25 14:00:00
592,1822,Customer_592,26,Female,Islamabad,Electronics,12973,2022-01-25 15:00:00
593,1935,Customer_593,30,Male,Karachi,Furniture,62336,2022-01-25 16:00:00
594,2843,Customer_594,23,Female,Peshawar,Grocery,42964,2022-01-25 17:00:00
595,1655,Customer_595,23,Female,Quetta,Grocery,14214,2022-01-25 18:00:00
596,1268,Customer_596,37,Male,Karachi,Furniture,61378,2022-01-25 19:00:00
597,1369,Customer_597,20,Female,Quetta,Furniture,34708,2022-01-25 20:00:00
598,1635,Customer_598,34,Male,Peshawar,Electronics,75183,2022-01-25 21:00:00
599,2129,Customer_599,29,Male,Karachi,Electronics,42014,2022-01-25 22:00:00
600,2693,Customer_600,64,Female,Karachi,Electronics,5636,2022-01-25 23:00:00
601,2682,Customer_601,62,Male,Peshawar,Grocery,32016,2022-01-26 00:00:00
602,1656,Customer_602,18,Male,Peshawar,Electronics,77482,2022-01-26 01:00:00
603,1119,Customer_603,34,Male,Peshawar,Grocery,64378,2022-01-26 02:00:00
604,1830,Customer_604,20,Female,Quetta,Clothing,45599,2022-01-26 03:00:00
605,2810,Customer_605,43,Female,Peshawar,Furniture,13688,2022-01-26 04:00:00
606,2627,Customer_606,32,Female,Quetta,Furniture,51688,2022-01-26 05:00:00
607,2081,Customer_607,53,Male,Islamabad,Clothing,6060,2022-01-26 06:00:00
608,2974,Customer_608,49,Male,Karachi,Electronics,36897,2022-01-26 07:00:00
609,2369,Customer_609,49,Female,Karachi,Grocery,77693,2022-01-26 08:00:00
610,1740,Customer_610,21,Female,Lahore,Grocery,38582,2022-01-26 09:00:00
611,2497,Customer_611,35,Male,Islamabad,Grocery,41930,2022-01-26 10:00:00
612,1116,Customer_612,36,Female,Peshawar,Furniture,51022,2022-01-26 11:00:00
613,2853,Customer_613,60,Female,Peshawar,Electronics,40897,2022-01-26 12:00:00
614,1790,Customer_614,52,Female,Islamabad,Grocery,77360,2022-01-26 13:00:00
615,2150,Customer_615,57,Female,Peshawar,Grocery,25747,2022-01-26 14:00:00
616,2416,Customer_616,31,Female,Lahore,Grocery,20443,2022-01-26 15:00:00
617,2931,Customer_617,50,Male,Quetta,Clothing,39960,2022-01-26 16:00:00
618,2012,Customer_618,31,Female,Karachi,Grocery,42486,2022-01-26 17:00:00
619,2664,Customer_619,51,Female,Islamabad,Clothing,45014,2022-01-26 18:00:00
620,2081,Customer_620,21,Male,Karachi,Grocery,52885,2022-01-26 19:00:00
621,1633,Customer_621,41,Male,Quetta,Grocery,13131,2022-01-26 20:00:00
622,1512,Customer_622,46,Male,Islamabad,Grocery,67508,2022-01-26 21:00:00
623,2774,Customer_623,36,Male,Quetta,Clothing,27455,2022-01-26 22:00:00
624,1801,Customer_624,23,Female,Peshawar,Grocery,47867,2022-01-26 23:00:00
625,2119,Customer_625,50,Female,Peshawar,Electronics,31302,2022-01-27 00:00:00
626,2661,Customer_626,57,Female,Peshawar,Grocery,70908,2022-01-27 01:00:00
627,2141,Customer_627,36,Female,Quetta,Clothing,43841,2022-01-27 02:00:00
628,1559,Customer_628,18,Male,Quetta,Clothing,14191,2022-01-27 03:00:00
629,2624,Customer_629,22,Male,Quetta,Electronics,5253,2022-01-27 04:00:00
630,1487,Customer_630,44,Female,Karachi,Furniture,2333,2022-01-27 05:00:00
631,2260,Customer_631,33,Female,Quetta,Electronics,9145,2022-01-27 06:00:00
632,2908,Customer_632,23,Female,Peshawar,Electronics,40524,2022-01-27 07:00:00
633,1896,Customer_633,57,Female,Lahore,Clothing,10135,2022-01-27 08:00:00
634,2295,Customer_634,30,Male,Quetta,Grocery,20564,2022-01-27 09:00:00
635,2212,Customer_635,52,Female,Lahore,Grocery,10440,2022-01-27 10:00:00
636,1703,Customer_636,36,Male,Peshawar,Furniture,35669,2022-01-27 11:00:00
637,2470,Customer_637,29,Male,Quetta,Furniture,79147,2022-01-27 12:00:00
638,1580,Customer_638,33,Male,Karachi,Furniture,45700,2022-01-27 13:00:00
639,1789,Customer_639,60,Male,Karachi,Furniture,56829,2022-01-27 14:00:00
640,1860,Customer_640,27,Female,Lahore,Electronics,51658,2022-01-27 15:00:00
641,1246,Customer_641,42,Female,Karachi,Electronics,30239,2022-01-27 16:00:00
642,2986,Customer_642,37,Female,Karachi,Grocery,18293,2022-01-27 17:00:00
643,2099,Customer_643,48,Female,Karachi,Electronics,34177,2022-01-27 18:00:00
644,1153,Customer_644,21,Male,Peshawar,Grocery,66796,2022-01-27 19:00:00
645,2679,Customer_645,61,Male,Karachi,Grocery,23522,2022-01-27 20:00:00
646,2458,Customer_646,40,Male,Islamabad,Grocery,71648,2022-01-27 21:00:00
647,1996,Customer_647,19,Female,Quetta,Grocery,27765,2022-01-27 22:00:00
648,2109,Customer_648,39,Male,Karachi,Clothing,1030,2022-01-27 23:00:00
649,1696,Customer_649,54,Male,Karachi,Grocery,10051,2022-01-28 00:00:00
650,2308,Customer_650,25,Male,Karachi,Electronics,28894,2022-01-28 01:00:00
651,2997,Customer_651,24,Male,Islamabad,Electronics,43487,2022-01-28 02:00:00
652,2243,Customer_652,31,Female,Karachi,Electronics,49484,2022-01-28 03:00:00
653,2092,Customer_653,20,Male,Karachi,Electronics,68596,2022-01-28 04:00:00
654,2070,Customer_654,33,Male,Quetta,Clothing,71139,2022-01-28 05:00:00
655,2008,Customer_655,36,Female,Islamabad,Furniture,24590,2022-01-28 06:00:00
656,1093,Customer_656,35,Female,Islamabad,Furniture,3281,2022-01-28 07:00:00
657,2773,Customer_657,33,Female,Karachi,Grocery,17830,2022-01-28 08:00:00
658,1957,Customer_658,25,Male,Islamabad,Grocery,5757,2022-01-28 09:00:00
659,2011,Customer_659,50,Male,Lahore,Electronics,59142,2022-01-28 10:00:00
660,1452,Customer_660,29,Male,Islamabad,Electronics,54749,2022-01-28 11:00:00
661,2227,Customer_661,28,Male,Islamabad,Furniture,52163,2022-01-28 12:00:00
662,1911,Customer_662,22,Female,Islamabad,Furniture,35456,2022-01-28 13:00:00
663,1217,Customer_663,44,Male,Peshawar,Electronics,16115,2022-01-28 14:00:00
664,1473,Customer_664,29,Male,Peshawar,Grocery,1381,2022-01-28 15:00:00
665,1431,Customer_665,34,Female,Peshawar,Clothing,2347,2022-01-28 16:00:00
666,1340,Customer_666,23,Female,Islamabad,Clothing,51627,2022-01-28 17:00:00
667,1550,Customer_667,50,Female,Lahore,Furniture,37836,2022-01-28 18:00:00
668,2635,Customer_668,22,Male,Islamabad,Furniture,40431,2022-01-28 19:00:00
669,2312,Customer_669,45,Male,Karachi,Furniture,44424,2022-01-28 20:00:00
670,2277,Customer_670,31,Male,Lahore,Clothing,23466,2022-01-28 21:00:00
671,2757,Customer_671,22,Male,Peshawar,Clothing,44523,2022-01-28 22:00:00
672,1356,Customer_672,50,Male,Quetta,Electronics,11820,2022-01-28 23:00:00
673,1022,Customer_673,58,Female,Lahore,Grocery,58341,2022-01-29 00:00:00
674,2785,Customer_674,36,Female,Peshawar,Furniture,65625,2022-01-29 01:00:00
675,1521,Customer_675,39,Male,Lahore,Electronics,68252,2022-01-29 02:00:00
676,2781,Customer_676,22,Male,Lahore,Clothing,62358,2022-01-29 03:00:00
677,2860,Customer_677,19,Male,Islamabad,Electronics,59214,2022-01-29 04:00:00
678,2123,Customer_678,47,Male,Karachi,Clothing,12280,2022-01-29 05:00:00
679,1801,Customer_679,64,Male,Quetta,Grocery,76730,2022-01-29 06:00:00
680,2203,Customer_680,56,Female,Peshawar,Clothing,70845,2022-01-29 07:00:00
681,2246,Customer_681,21,Female,Lahore,Electronics,2429,2022-01-29 08:00:00
682,2929,Customer_682,50,Female,Quetta,Grocery,14744,2022-01-29 09:00:00
683,1761,Customer_683,30,Male,Lahore,Clothing,11616,2022-01-29 10:00:00
684,2682,Customer_684,37,Male,Karachi,Furniture,36395,2022-01-29 11:00:00
685,1441,Customer_685,24,Female,Quetta,Clothing,79136,2022-01-29 12:00:00
686,2631,Customer_686,32,Female,Peshawar,Grocery,24367,2022-01-29 13:00:00
687,1768,Customer_687,40,Male,Lahore,Electronics,1708,2022-01-29 14:00:00
688,2015,Customer_688,31,Female,Karachi,Grocery,44585,2022-01-29 15:00:00
689,2348,Customer_689,40,Female,Quetta,Electronics,66072,2022-01-29 16:00:00
690,1515,Customer_690,36,Male,Lahore,Clothing,65734,2022-01-29 17:00:00
691,2039,Customer_691,46,Female,Lahore,Clothing,11752,2022-01-29 18:00:00
692,1791,Customer_692,37,Female,Peshawar,Grocery,7506,2022-01-29 19:00:00
693,1335,Customer_693,46,Female,Karachi,Furniture,71383,2022-01-29 20:00:00
694,2782,Customer_694,41,Male,Islamabad,Clothing,32671,2022-01-29 21:00:00
695,1257,Customer_695,35,Female,Lahore,Furniture,29017,2022-01-29 22:00:00
696,1496,Customer_696,27,Female,Quetta,Furniture,24774,2022-01-29 23:00:00
697,1895,Customer_697,58,Female,Peshawar,Grocery,34077,2022-01-30 00:00:00
698,1159,Customer_698,25,Male,Peshawar,Clothing,28148,2022-01-30 01:00:00
699,2498,Customer_699,43,Male,Lahore,Furniture,70154,2022-01-30 02:00:00
700,1851,Customer_700,46,Female,Lahore,Clothing,18410,2022-01-30 03:00:00
701,2687,Customer_701,27,Male,Lahore,Electronics,79119,2022-01-30 04:00:00
702,2931,Customer_702,34,Female,Islamabad,Furniture,50147,2022-01-30 05:00:00
703,1689,Customer_703,19,Male,Lahore,Grocery,79223,2022-01-30 06:00:00
704,2698,Customer_704,23,Male,Karachi,Grocery,924,2022-01-30 07:00:00
705,1379,Customer_705,22,Female,Quetta,Furniture,52399,2022-01-30 08:00:00
706,2568,Customer_706,45,Female,Lahore,Clothing,27141,2022-01-30 09:00:00
707,2952,Customer_707,58,Female,Islamabad,Electronics,35250,2022-01-30 10:00:00
708,1956,Customer_708,22,Male,Quetta,Electronics,23654,2022-01-30 11:00:00
709,1690,Customer_709,35,Female,Peshawar,Grocery,48666,2022-01-30 12:00:00
710,2450,Customer_710,43,Male,Lahore,Grocery,12492,2022-01-30 13:00:00
711,2636,Customer_711,37,Male,Quetta,Clothing,34501,2022-01-30 14:00:00
712,2291,Customer_712,58,Female,Peshawar,Grocery,15046,2022-01-30 15:00:00
713,2858,Customer_713,44,Male,Islamabad,Clothing,42024,2022-01-30 16:00:00
714,2600,Customer_714,29,Female,Karachi,Furniture,69055,2022-01-30 17:00:00
715,2440,Customer_715,24,Male,Lahore,Electronics,1804,2022-01-30 18:00:00
716,2191,Customer_716,20,Female,Karachi,Furniture,49784,2022-01-30 19:00:00
717,2865,Customer_717,27,Male,Islamabad,Grocery,10522,2022-01-30 20:00:00
718,2066,Customer_718,51,Male,Quetta,Electronics,76386,2022-01-30 21:00:00
719,2579,Customer_719,42,Female,Quetta,Electronics,77854,2022-01-30 22:00:00
720,1284,Customer_720,52,Male,Islamabad,Furniture,34117,2022-01-30 23:00:00
721,1396,Customer_721,33,Female,Islamabad,Clothing,69998,2022-01-31 00:00:00
722,1011,Customer_722,19,Male,Lahore,Electronics,59324,2022-01-31 01:00:00
723,2630,Customer_723,41,Male,Peshawar,Clothing,70890,2022-01-31 02:00:00
724,2325,Customer_724,27,Male,Karachi,Furniture,34807,2022-01-31 03:00:00
725,2921,Customer_725,55,Female,Karachi,Furniture,68980,2022-01-31 04:00:00
726,2276,Customer_726,39,Female,Quetta,Clothing,22827,2022-01-31 05:00:00
727,1498,Customer_727,43,Female,Quetta,Furniture,3744,2022-01-31 06:00:00
728,1753,Customer_728,60,Female,Lahore,Electronics,23220,2022-01-31 07:00:00
729,1034,Customer_729,56,Female,Islamabad,Furniture,25590,2022-01-31 08:00:00
730,1726,Customer_730,44,Male,Karachi,Furniture,64777,2022-01-31 09:00:00
731,1848,Customer_731,46,Male,Lahore,Electronics,49036,2022-01-31 10:00:00
732,1089,Customer_732,64,Female,Quetta,Clothing,8355,2022-01-31 11:00:00
733,1775,Customer_733,55,Male,Quetta,Furniture,2101,2022-01-31 12:00:00
734,1604,Customer_734,37,Male,Karachi,Clothing,32452,2022-01-31 13:00:00
735,2945,Customer_735,44,Male,Quetta,Electronics,50874,2022-01-31 14:00:00
736,1969,Customer_736,58,Male,Quetta,Clothing,6190,2022-01-31 15:00:00
737,2625,Customer_737,37,Female,Peshawar,Clothing,13021,2022-01-31 16:00:00
738,2021,Customer_738,61,Male,Islamabad,Grocery,76519,2022-01-31 17:00:00
739,1417,Customer_739,36,Female,Quetta,Grocery,8558,2022-01-31 18:00:00
740,1114,Customer_740,37,Female,Peshawar,Furniture,14204,2022-01-31 19:00:00
741,1616,Customer_741,52,Male,Lahore,Grocery,59433,2022-01-31 20:00:00
742,2926,Customer_742,64,Female,Quetta,Grocery,71601,2022-01-31 21:00:00
743,2219,Customer_743,19,Male,Lahore,Grocery,44356,2022-01-31 22:00:00
744,1825,Customer_744,47,Male,Quetta,Clothing,37756,2022-01-31 23:00:00
745,2524,Customer_745,51,Male,Karachi,Clothing,57852,2022-02-01 00:00:00
746,2649,Customer_746,39,Female,Peshawar,Grocery,31115,2022-02-01 01:00:00
747,2516,Customer_747,20,Female,Peshawar,Electronics,2427,2022-02-01 02:00:00
748,2098,Customer_748,23,Female,Karachi,Grocery,16012,2022-02-01 03:00:00
749,1412,Customer_749,32,Male,Islamabad,Electronics,8801,2022-02-01 04:00:00
750,2399,Customer_750,44,Male,Peshawar,Clothing,74493,2022-02-01 05:00:00
751,2443,Customer_751,27,Male,Lahore,Electronics,71528,2022-02-01 06:00:00
752,1728,Customer_752,26,Female,Peshawar,Clothing,69259,2022-02-01 07:00:00
753,2300,Customer_753,50,Male,Islamabad,Electronics,63558,2022-02-01 08:00:00
754,2020,Customer_754,49,Male,Lahore,Clothing,65426,2022-02-01 09:00:00
755,1760,Customer_755,23,Female,Lahore,Clothing,23934,2022-02-01 10:00:00
756,1675,Customer_756,58,Female,Karachi,Grocery,30841,2022-02-01 11:00:00
757,2417,Customer_757,53,Female,Quetta,Furniture,15507,2022-02-01 12:00:00
758,2892,Customer_758,19,Male,Karachi,Furniture,27299,2022-02-01 13:00:00
759,1456,Customer_759,46,Male,Quetta,Clothing,56320,2022-02-01 14:00:00
760,1919,Customer_760,21,Male,Karachi,Grocery,16174,2022-02-01 15:00:00
761,1191,Customer_761,18,Female,Quetta,Furniture,15926,2022-02-01 16:00:00
762,1738,Customer_762,36,Female,Peshawar,Furniture,73131,2022-02-01 17:00:00
763,2712,Customer_763,43,Female,Lahore,Grocery,45291,2022-02-01 18:00:00
764,2122,Customer_764,42,Female,Quetta,Grocery,3755,2022-02-01 19:00:00
765,2571,Customer_765,27,Male,Peshawar,Furniture,34326,2022-02-01 20:00:00
766,1977,Customer_766,32,Male,Islamabad,Furniture,5444,2022-02-01 21:00:00
767,2008,Customer_767,39,Male,Karachi,Electronics,38326,2022-02-01 22:00:00
768,1095,Customer_768,38,Male,Islamabad,Electronics,30997,2022-02-01 23:00:00
769,2687,Customer_769,39,Male,Peshawar,Clothing,28223,2022-02-02 00:00:00
770,1662,Customer_770,53,Male,Islamabad,Furniture,35787,2022-02-02 01:00:00
771,2213,Customer_771,51,Male,Islamabad,Grocery,12345,2022-02-02 02:00:00
772,2759,Customer_772,47,Male,Peshawar,Grocery,68606,2022-02-02 03:00:00
773,1036,Customer_773,42,Female,Lahore,Furniture,73486,2022-02-02 04:00:00
774,2803,Customer_774,62,Female,Quetta,Clothing,56069,2022-02-02 05:00:00
775,2392,Customer_775,45,Male,Karachi,Grocery,25963,2022-02-02 06:00:00
776,2718,Customer_776,18,Female,Quetta,Furniture,1244,2022-02-02 07:00:00
777,2548,Customer_777,62,Male,Karachi,Furniture,36782,2022-02-02 08:00:00
778,1278,Customer_778,21,Male,Quetta,Clothing,52582,2022-02-02 09:00:00
779,1216,Customer_779,24,Female,Islamabad,Furniture,55189,2022-02-02 10:00:00
780,1866,Customer_780,26,Male,Lahore,Grocery,76907,2022-02-02 11:00:00
781,1872,Customer_781,53,Male,Islamabad,Electronics,79572,2022-02-02 12:00:00
782,2821,Customer_782,36,Male,Lahore,Clothing,65266,2022-02-02 13:00:00
783,2296,Customer_783,18,Male,Peshawar,Furniture,66211,2022-02-02 14:00:00
784,2904,Customer_784,27,Male,Karachi,Clothing,3717,2022-02-02 15:00:00
785,1061,Customer_785,53,Male,Karachi,Furniture,30859,2022-02-02 16:00:00
786,1595,Customer_786,26,Male,Peshawar,Electronics,54009,2022-02-02 17:00:00
787,2903,Customer_787,62,Female,Quetta,Clothing,62470,2022-02-02 18:00:00
788,1728,Customer_788,63,Female,Peshawar,Furniture,22857,2022-02-02 19:00:00
789,2365,Customer_789,59,Male,Peshawar,Electronics,42854,2022-02-02 20:00:00
790,1396,Customer_790,49,Female,Lahore,Grocery,39070,2022-02-02 21:00:00
791,1698,Customer_791,49,Male,Peshawar,Furniture,7534,2022-02-02 22:00:00
792,2042,Customer_792,23,Male,Karachi,Electronics,16763,2022-02-02 23:00:00
793,1176,Customer_793,55,Male,Islamabad,Electronics,42680,2022-02-03 00:00:00
794,2635,Customer_794,34,Male,Lahore,Clothing,50599,2022-02-03 01:00:00
795,1395,Customer_795,27,Female,Lahore,Furniture,74812,2022-02-03 02:00:00
796,1444,Customer_796,44,Female,Quetta,Grocery,75848,2022-02-03 03:00:00
797,2256,Customer_797,52,Female,Islamabad,Furniture,27425,2022-02-03 04:00:00
798,2938,Customer_798,38,Female,Lahore,Electronics,20075,2022-02-03 05:00:00
799,1075,Customer_799,42,Male,Peshawar,Grocery,22731,2022-02-03 06:00:00
800,1264,Customer_800,45,Female,Lahore,Electronics,77435,2022-02-03 07:00:00
801,1454,Customer_801,64,Male,Lahore,Clothing,48231,2022-02-03 08:00:00
802,2819,Customer_802,32,Male,Lahore,Furniture,23600,2022-02-03 09:00:00
803,1717,Customer_803,21,Female,Quetta,Electronics,11268,2022-02-03 10:00:00
804,1734,Customer_804,46,Male,Lahore,Electronics,59837,2022-02-03 11:00:00
805,2407,Customer_805,26,Female,Lahore,Furniture,51197,2022-02-03 12:00:00
806,2587,Customer_806,44,Female,Quetta,Grocery,11857,2022-02-03 13:00:00
807,1850,Customer_807,43,Female,Islamabad,Electronics,67473,2022-02-03 14:00:00
808,2529,Customer_808,36,Female,Karachi,Furniture,25446,2022-02-03 15:00:00
809,2390,Customer_809,45,Female,Quetta,Clothing,71538,2022-02-03 16:00:00
810,1143,Customer_810,34,Male,Quetta,Clothing,55649,2022-02-03 17:00:00
811,1884,Customer_811,60,Female,Lahore,Furniture,6066,2022-02-03 18:00:00
812,2092,Customer_812,58,Female,Lahore,Electronics,42076,2022-02-03 19:00:00
813,2122,Customer_813,59,Male,Karachi,Furniture,53818,2022-02-03 20:00:00
814,1395,Customer_814,37,Female,Lahore,Furniture,70050,2022-02-03 21:00:00
815,2048,Customer_815,62,Female,Peshawar,Electronics,51908,2022-02-03 22:00:00
816,1947,Customer_816,57,Male,Lahore,Grocery,54006,2022-02-03 23:00:00
817,1890,Customer_817,56,Male,Lahore,Grocery,79649,2022-02-04 00:00:00
818,2492,Customer_818,40,Female,Peshawar,Clothing,40667,2022-02-04 01:00:00
819,2507,Customer_819,64,Male,Karachi,Grocery,34199,2022-02-04 02:00:00
820,2588,Customer_820,49,Female,Peshawar,Furniture,50045,2022-02-04 03:00:00
821,2174,Customer_821,64,Male,Quetta,Electronics,52929,2022-02-04 04:00:00
822,2167,Customer_822,50,Female,Peshawar,Clothing,23886,2022-02-04 05:00:00
823,1568,Customer_823,63,Female,Islamabad,Grocery,59773,2022-02-04 06:00:00
824,2062,Customer_824,22,Female,Quetta,Furniture,42085,2022-02-04 07:00:00
825,1108,Customer_825,60,Male,Lahore,Clothing,8009,2022-02-04 08:00:00
826,2716,Customer_826,51,Female,Quetta,Electronics,77107,2022-02-04 09:00:00
827,2065,Customer_827,57,Male,Karachi,Grocery,79264,2022-02-04 10:00:00
828,2209,Customer_828,28,Female,Karachi,Furniture,77650,2022-02-04 11:00:00
829,1934,Customer_829,20,Female,Peshawar,Electronics,76337,2022-02-04 12:00:00
830,1397,Customer_830,50,Female,Quetta,Furniture,63805,2022-02-04 13:00:00
831,2246,Customer_831,28,Female,Lahore,Furniture,43351,2022-02-04 14:00:00
832,1633,Customer_832,33,Female,Karachi,Furniture,77410,2022-02-04 15:00:00
833,2156,Customer_833,35,Male,Lahore,Electronics,34907,2022-02-04 16:00:00
834,2186,Customer_834,47,Male,Islamabad,Clothing,47106,2022-02-04 17:00:00
835,2238,Customer_835,27,Male,Karachi,Furniture,46152,2022-02-04 18:00:00
836,1732,Customer_836,35,Female,Peshawar,Clothing,10748,2022-02-04 19:00:00
837,1234,Customer_837,55,Female,Islamabad,Clothing,11015,2022-02-04 20:00:00
838,2866,Customer_838,36,Male,Quetta,Grocery,11330,2022-02-04 21:00:00
839,1657,Customer_839,53,Female,Lahore,Grocery,61131,2022-02-04 22:00:00
840,1750,Customer_840,30,Female,Karachi,Clothing,7299,2022-02-04 23:00:00
841,1587,Customer_841,63,Female,Islamabad,Grocery,74583,2022-02-05 00:00:00
842,2032,Customer_842,20,Male,Islamabad,Grocery,14828,2022-02-05 01:00:00
843,2097,Customer_843,27,Male,Karachi,Clothing,13179,2022-02-05 02:00:00
844,1953,Customer_844,55,Male,Quetta,Electronics,21558,2022-02-05 03:00:00
845,1491,Customer_845,18,Male,Quetta,Grocery,47196,2022-02-05 04:00:00
846,1912,Customer_846,44,Male,Peshawar,Grocery,39372,2022-02-05 05:00:00
847,2276,Customer_847,63,Female,Quetta,Electronics,55471,2022-02-05 06:00:00
848,2253,Customer_848,25,Female,Peshawar,Electronics,23806,2022-02-05 07:00:00
849,2542,Customer_849,63,Female,Islamabad,Electronics,28710,2022-02-05 08:00:00
850,2197,Customer_850,59,Female,Karachi,Clothing,46193,2022-02-05 09:00:00
851,2676,Customer_851,34,Male,Quetta,Electronics,28739,2022-02-05 10:00:00
852,2191,Customer_852,26,Male,Peshawar,Clothing,69417,2022-02-05 11:00:00
853,1169,Customer_853,23,Female,Islamabad,Furniture,7947,2022-02-05 12:00:00
854,2416,Customer_854,60,Male,Quetta,Furniture,20771,2022-02-05 13:00:00
855,1945,Customer_855,42,Female,Lahore,Electronics,66375,2022-02-05 14:00:00
856,1794,Customer_856,56,Female,Islamabad,Electronics,57343,2022-02-05 15:00:00
857,1633,Customer_857,45,Female,Quetta,Furniture,26721,2022-02-05 16:00:00
858,2217,Customer_858,50,Female,Islamabad,Clothing,64888,2022-02-05 17:00:00
859,2540,Customer_859,54,Male,Karachi,Clothing,56967,2022-02-05 18:00:00
860,1028,Customer_860,26,Female,Karachi,Electronics,73769,2022-02-05 19:00:00
861,2188,Customer_861,35,Male,Karachi,Electronics,71085,2022-02-05 20:00:00
862,2445,Customer_862,38,Female,Lahore,Electronics,43586,2022-02-05 21:00:00
863,1338,Customer_863,19,Female,Karachi,Furniture,1138,2022-02-05 22:00:00
864,2671,Customer_864,60,Female,Lahore,Grocery,73745,2022-02-05 23:00:00
865,2519,Customer_865,55,Female,Karachi,Electronics,71179,2022-02-06 00:00:00
866,2388,Customer_866,57,Male,Islamabad,Clothing,63434,2022-02-06 01:00:00
867,2856,Customer_867,53,Female,Quetta,Grocery,67260,2022-02-06 02:00:00
868,2365,Customer_868,60,Male,Quetta,Clothing,47734,2022-02-06 03:00:00
869,1499,Customer_869,54,Female,Karachi,Grocery,61549,2022-02-06 04:00:00
870,2680,Customer_870,32,Female,Quetta,Furniture,64343,2022-02-06 05:00:00
871,1510,Customer_871,45,Female,Karachi,Grocery,48547,2022-02-06 06:00:00
872,2350,Customer_872,35,Male,Karachi,Clothing,10241,2022-02-06 07:00:00
873,1216,Customer_873,51,Female,Peshawar,Grocery,63504,2022-02-06 08:00:00
874,2324,Customer_874,39,Female,Peshawar,Furniture,61989,2022-02-06 09:00:00
875,2155,Customer_875,28,Female,Peshawar,Clothing,23491,2022-02-06 10:00:00
876,2827,Customer_876,30,Female,Lahore,Electronics,26581,2022-02-06 11:00:00
877,2093,Customer_877,21,Female,Peshawar,Grocery,57804,2022-02-06 12:00:00
878,2275,Customer_878,39,Male,Karachi,Clothing,16142,2022-02-06 13:00:00
879,2438,Customer_879,24,Male,Islamabad,Grocery,75603,2022-02-06 14:00:00
880,2810,Customer_880,60,Female,Peshawar,Furniture,17899,2022-02-06 15:00:00
881,1444,Customer_881,41,Female,Peshawar,Clothing,33603,2022-02-06 16:00:00
882,1875,Customer_882,21,Male,Islamabad,Electronics,15830,2022-02-06 17:00:00
883,2205,Customer_883,45,Female,Karachi,Electronics,16964,2022-02-06 18:00:00
884,1166,Customer_884,32,Male,Lahore,Grocery,2634,2022-02-06 19:00:00
885,1090,Customer_885,18,Female,Peshawar,Furniture,49909,2022-02-06 20:00:00
886,1713,Customer_886,20,Female,Islamabad,Furniture,684,2022-02-06 21:00:00
887,2881,Customer_887,31,Male,Karachi,Grocery,49774,2022-02-06 22:00:00
888,2554,Customer_888,55,Female,Quetta,Clothing,73299,2022-02-06 23:00:00
889,1038,Customer_889,18,Male,Lahore,Clothing,56310,2022-02-07 00:00:00
890,2149,Customer_890,55,Male,Islamabad,Grocery,79227,2022-02-07 01:00:00
891,2474,Customer_891,55,Male,Islamabad,Clothing,69550,2022-02-07 02:00:00
892,1172,Customer_892,38,Female,Islamabad,Clothing,33234,2022-02-07 03:00:00
893,1652,Customer_893,46,Male,Peshawar,Clothing,72113,2022-02-07 04:00:00
894,1753,Customer_894,22,Male,Quetta,Grocery,51046,2022-02-07 05:00:00
895,2243,Customer_895,27,Female,Lahore,Electronics,35620,2022-02-07 06:00:00
896,2661,Customer_896,45,Female,Karachi,Furniture,48984,2022-02-07 07:00:00
897,2081,Customer_897,38,Female,Karachi,Electronics,61063,2022-02-07 08:00:00
898,2683,Customer_898,24,Female,Quetta,Clothing,75536,2022-02-07 09:00:00
899,1475,Customer_899,20,Female,Islamabad,Grocery,55613,2022-02-07 10:00:00
900,1455,Customer_900,62,Female,Islamabad,Furniture,53596,2022-02-07 11:00:00
901,1828,Customer_901,64,Male,Islamabad,Clothing,10633,2022-02-07 12:00:00
902,1894,Customer_902,37,Female,Islamabad,Furniture,6905,2022-02-07 13:00:00
903,2384,Customer_903,36,Male,Islamabad,Furniture,30769,2022-02-07 14:00:00
904,2958,Customer_904,52,Female,Quetta,Electronics,17585,2022-02-07 15:00:00
905,2024,Customer_905,21,Male,Peshawar,Clothing,36202,2022-02-07 16:00:00
906,1386,Customer_906,22,Male,Lahore,Furniture,14002,2022-02-07 17:00:00
907,2996,Customer_907,18,Female,Islamabad,Electronics,46979,2022-02-07 18:00:00
908,1347,Customer_908,21,Female,Peshawar,Grocery,79884,2022-02-07 19:00:00
909,1189,Customer_909,29,Male,Karachi,Furniture,14926,2022-02-07 20:00:00
910,1504,Customer_910,44,Female,Quetta,Clothing,70731,2022-02-07 21:00:00
911,2214,Customer_911,59,Female,Peshawar,Grocery,16360,2022-02-07 22:00:00
912,2531,Customer_912,40,Male,Islamabad,Furniture,47365,2022-02-07 23:00:00
913,2392,Customer_913,42,Male,Islamabad,Furniture,47904,2022-02-08 00:00:00
914,2432,Customer_914,38,Male,Islamabad,Clothing,57923,2022-02-08 01:00:00
915,1823,Customer_915,41,Female,Peshawar,Furniture,74879,2022-02-08 02:00:00
916,1928,Customer_916,42,Female,Islamabad,Clothing,31652,2022-02-08 03:00:00
917,1933,Customer_917,62,Female,Peshawar,Clothing,31237,2022-02-08 04:00:00
918,2140,Customer_918,63,Female,Islamabad,Clothing,54825,2022-02-08 05:00:00
919,1133,Customer_919,49,Male,Karachi,Clothing,39267,2022-02-08 06:00:00
920,1057,Customer_920,49,Female,Karachi,Furniture,42205,2022-02-08 07:00:00
921,2579,Customer_921,22,Male,Lahore,Grocery,2502,2022-02-08 08:00:00
922,1684,Customer_922,53,Female,Islamabad,Grocery,60737,2022-02-08 09:00:00
923,1671,Customer_923,63,Female,Islamabad,Electronics,56213,2022-02-08 10:00:00
924,1172,Customer_924,59,Male,Peshawar,Clothing,42315,2022-02-08 11:00:00
925,2852,Customer_925,59,Female,Peshawar,Furniture,65497,2022-02-08 12:00:00
926,1814,Customer_926,56,Female,Islamabad,Furniture,61359,2022-02-08 13:00:00
927,2172,Customer_927,33,Male,Lahore,Electronics,63736,2022-02-08 14:00:00
928,1079,Customer_928,50,Female,Islamabad,Grocery,78743,2022-02-08 15:00:00
929,1885,Customer_929,38,Male,Peshawar,Furniture,23243,2022-02-08 16:00:00
930,2236,Customer_930,26,Male,Islamabad,Electronics,57239,2022-02-08 17:00:00
931,1202,Customer_931,23,Male,Peshawar,Grocery,76826,2022-02-08 18:00:00
932,1763,Customer_932,62,Male,Islamabad,Furniture,30839,2022-02-08 19:00:00
933,2252,Customer_933,52,Female,Quetta,Clothing,34621,2022-02-08 20:00:00
934,2699,Customer_934,56,Female,Peshawar,Electronics,43495,2022-02-08 21:00:00
935,2250,Customer_935,39,Female,Lahore,Furniture,52532,2022-02-08 22:00:00
936,2682,Customer_936,58,Male,Quetta,Electronics,50331,2022-02-08 23:00:00
937,2555,Customer_937,22,Female,Islamabad,Electronics,41946,2022-02-09 00:00:00
938,2464,Customer_938,59,Female,Peshawar,Electronics,46178,2022-02-09 01:00:00
939,2425,Customer_939,40,Female,Quetta,Clothing,21198,2022-02-09 02:00:00
940,1046,Customer_940,34,Female,Lahore,Grocery,48418,2022-02-09 03:00:00
941,2256,Customer_941,29,Male,Peshawar,Grocery,57735,2022-02-09 04:00:00
942,2328,Customer_942,40,Male,Quetta,Furniture,6625,2022-02-09 05:00:00
943,2549,Customer_943,33,Female,Quetta,Clothing,48011,2022-02-09 06:00:00
944,2166,Customer_944,20,Male,Quetta,Grocery,29546,2022-02-09 07:00:00
945,2438,Customer_945,47,Female,Karachi,Furniture,10614,2022-02-09 08:00:00
946,2536,Customer_946,39,Female,Islamabad,Furniture,1137,2022-02-09 09:00:00
947,2396,Customer_947,26,Female,Peshawar,Electronics,39134,2022-02-09 10:00:00
948,2589,Customer_948,46,Male,Peshawar,Clothing,36276,2022-02-09 11:00:00
949,2909,Customer_949,64,Female,Peshawar,Grocery,24100,2022-02-09 12:00:00
950,2282,Customer_950,54,Male,Quetta,Clothing,27309,2022-02-09 13:00:00
951,1655,Customer_951,40,Male,Islamabad,Clothing,24256,2022-02-09 14:00:00
952,1470,Customer_952,30,Female,Lahore,Grocery,59969,2022-02-09 15:00:00
953,2976,Customer_953,49,Male,Peshawar,Grocery,38868,2022-02-09 16:00:00
954,1970,Customer_954,63,Male,Islamabad,Clothing,77685,2022-02-09 17:00:00
955,2035,Customer_955,64,Female,Islamabad,Furniture,77402,2022-02-09 18:00:00
956,2353,Customer_956,40,Male,Karachi,Clothing,12380,2022-02-09 19:00:00
957,1735,Customer_957,62,Male,Peshawar,Grocery,57655,2022-02-09 20:00:00
958,1783,Customer_958,34,Female,Quetta,Clothing,65816,2022-02-09 21:00:00
959,1967,Customer_959,57,Female,Islamabad,Grocery,71356,2022-02-09 22:00:00
960,1357,Customer_960,38,Male,Islamabad,Furniture,9227,2022-02-09 23:00:00
961,1971,Customer_961,19,Female,Lahore,Clothing,77760,2022-02-10 00:00:00
962,2431,Customer_962,54,Female,Karachi,Furniture,39711,2022-02-10 01:00:00
963,1667,Customer_963,23,Male,Islamabad,Clothing,79430,2022-02-10 02:00:00
964,1372,Customer_964,61,Male,Islamabad,Clothing,41917,2022-02-10 03:00:00
965,2031,Customer_965,35,Female,Quetta,Grocery,63327,2022-02-10 04:00:00
966,2145,Customer_966,47,Male,Quetta,Electronics,31937,2022-02-10 05:00:00
967,2371,Customer_967,39,Female,Lahore,Grocery,21019,2022-02-10 06:00:00
968,1675,Customer_968,50,Female,Lahore,Clothing,8483,2022-02-10 07:00:00
969,1089,Customer_969,47,Male,Lahore,Electronics,45156,2022-02-10 08:00:00
970,2671,Customer_970,34,Male,Quetta,Electronics,6135,2022-02-10 09:00:00
971,1697,Customer_971,60,Female,Quetta,Furniture,20122,2022-02-10 10:00:00
972,2339,Customer_972,49,Female,Karachi,Clothing,75475,2022-02-10 11:00:00
973,2201,Customer_973,59,Female,Peshawar,Grocery,61166,2022-02-10 12:00:00
974,1539,Customer_974,31,Female,Peshawar,Electronics,56505,2022-02-10 13:00:00
975,1731,Customer_975,27,Male,Karachi,Electronics,11903,2022-02-10 14:00:00
976,1868,Customer_976,64,Female,Peshawar,Grocery,60977,2022-02-10 15:00:00
977,1040,Customer_977,53,Male,Quetta,Grocery,65535,2022-02-10 16:00:00
978,1739,Customer_978,51,Male,Peshawar,Electronics,33403,2022-02-10 17:00:00
979,2727,Customer_979,26,Female,Quetta,Grocery,7811,2022-02-10 18:00:00
980,2946,Customer_980,59,Male,Karachi,Furniture,51111,2022-02-10 19:00:00
981,1501,Customer_981,45,Male,Lahore,Electronics,21115,2022-02-10 20:00:00
982,1958,Customer_982,28,Female,Karachi,Furniture,57308,2022-02-10 21:00:00
983,2168,Customer_983,31,Male,Peshawar,Clothing,34080,2022-02-10 22:00:00
984,2224,Customer_984,56,Male,Quetta,Furniture,57552,2022-02-10 23:00:00
985,1928,Customer_985,64,Female,Peshawar,Grocery,43398,2022-02-11 00:00:00
986,2747,Customer_986,36,Female,Peshawar,Electronics,24452,2022-02-11 01:00:00
987,1460,Customer_987,32,Female,Lahore,Furniture,15727,2022-02-11 02:00:00
988,1731,Customer_988,45,Female,Peshawar,Grocery,14260,2022-02-11 03:00:00
989,1751,Customer_989,41,Female,Lahore,Grocery,9326,2022-02-11 04:00:00
990,1924,Customer_990,25,Female,Quetta,Furniture,79975,2022-02-11 05:00:00
991,1908,Customer_991,60,Female,Quetta,Electronics,60932,2022-02-11 06:00:00
992,2581,Customer_992,26,Male,Lahore,Furniture,74496,2022-02-11 07:00:00
993,2570,Customer_993,64,Male,Karachi,Clothing,58704,2022-02-11 08:00:00
994,2276,Customer_994,50,Female,Quetta,Furniture,9173,2022-02-11 09:00:00
995,1389,Customer_995,50,Male,Karachi,Furniture,36658,2022-02-11 10:00:00
996,2617,Customer_996,36,Male,Quetta,Electronics,75489,2022-02-11 11:00:00
997,1882,Customer_997,20,Female,Quetta,Furniture,16404,2022-02-11 12:00:00
998,1255,Customer_998,27,Male,Islamabad,Grocery,15896,2022-02-11 13:00:00
999,1708,Customer_999,57,Female,Peshawar,Electronics,54539,2022-02-11 14:00:00
1000,2838,Customer_1000,64,Male,Peshawar,Grocery,4834,2022-02-11 15:00:00
1001,2944,Customer_1001,59,Female,Karachi,Electronics,27768,2022-02-11 16:00:00
1002,1449,Customer_1002,18,Male,Peshawar,Clothing,65136,2022-02-11 17:00:00
1003,1009,Customer_1003,46,Male,Karachi,Clothing,22568,2022-02-11 18:00:00
1004,1823,Customer_1004,51,Male,Quetta,Clothing,28747,2022-02-11 19:00:00
1005,1797,Customer_1005,30,Female,Islamabad,Furniture,65621,2022-02-11 20:00:00
1006,2265,Customer_1006,18,Male,Islamabad,Clothing,16785,2022-02-11 21:00:00
1007,2274,Customer_1007,51,Male,Quetta,Electronics,24636,2022-02-11 22:00:00
1008,1876,Customer_1008,46,Female,Lahore,Clothing,60878,2022-02-11 23:00:00
1009,2028,Customer_1009,64,Female,Lahore,Electronics,38287,2022-02-12 00:00:00
1010,2142,Customer_1010,30,Male,Peshawar,Grocery,24925,2022-02-12 01:00:00
1011,2015,Customer_1011,46,Male,Karachi,Furniture,19461,2022-02-12 02:00:00
1012,2824,Customer_1012,56,Male,Islamabad,Grocery,33943,2022-02-12 03:00:00
1013,1373,Customer_1013,41,Male,Peshawar,Grocery,19323,2022-02-12 04:00:00
1014,2088,Customer_1014,43,Female,Quetta,Clothing,75909,2022-02-12 05:00:00
1015,1145,Customer_1015,34,Male,Islamabad,Clothing,71623,2022-02-12 06:00:00
1016,1223,Customer_1016,24,Male,Karachi,Clothing,26352,2022-02-12 07:00:00
1017,2262,Customer_1017,30,Female,Karachi,Grocery,38035,2022-02-12 08:00:00
1018,1176,Customer_1018,22,Male,Lahore,Furniture,7504,2022-02-12 09:00:00
1019,2802,Customer_1019,43,Male,Peshawar,Furniture,28323,2022-02-12 10:00:00
1020,1852,Customer_1020,20,Male,Quetta,Grocery,54586,2022-02-12 11:00:00
1021,2305,Customer_1021,24,Female,Islamabad,Furniture,7631,2022-02-12 12:00:00
1022,1062,Customer_1022,56,Female,Karachi,Grocery,26149,2022-02-12 13:00:00
1023,2240,Customer_1023,18,Male,Islamabad,Grocery,4599,2022-02-12 14:00:00
1024,2877,Customer_1024,34,Male,Quetta,Furniture,51306,2022-02-12 15:00:00
1025,1826,Customer_1025,60,Female,Islamabad,Electronics,32071,2022-02-12 16:00:00
1026,1794,Customer_1026,42,Male,Peshawar,Electronics,31080,2022-02-12 17:00:00
1027,1688,Customer_1027,20,Male,Lahore,Clothing,26969,2022-02-12 18:00:00
1028,2484,Customer_1028,32,Female,Islamabad,Furniture,65679,2022-02-12 19:00:00
1029,2952,Customer_1029,46,Female,Lahore,Clothing,24736,2022-02-12 20:00:00
1030,2633,Customer_1030,60,Female,Quetta,Grocery,25610,2022-02-12 21:00:00
1031,1104,Customer_1031,49,Male,Lahore,Electronics,23930,2022-02-12 22:00:00
1032,2122,Customer_1032,43,Male,Islamabad,Furniture,44907,2022-02-12 23:00:00
1033,1510,Customer_1033,33,Male,Islamabad,Furniture,38448,2022-02-13 00:00:00
1034,1384,Customer_1034,42,Male,Karachi,Furniture,57867,2022-02-13 01:00:00
1035,1404,Customer_1035,45,Female,Islamabad,Electronics,38680,2022-02-13 02:00:00
1036,1822,Customer_1036,26,Male,Lahore,Clothing,5152,2022-02-13 03:00:00
1037,1517,Customer_1037,18,Male,Karachi,Electronics,72870,2022-02-13 04:00:00
1038,1475,Customer_1038,46,Female,Islamabad,Clothing,7584,2022-02-13 05:00:00
1039,1708,Customer_1039,39,Female,Islamabad,Grocery,46130,2022-02-13 06:00:00
1040,2886,Customer_1040,33,Male,Quetta,Grocery,53776,2022-02-13 07:00:00
1041,2668,Customer_1041,58,Female,Karachi,Clothing,3155,2022-02-13 08:00:00
1042,2893,Customer_1042,61,Female,Quetta,Grocery,58252,2022-02-13 09:00:00
1043,1770,Customer_1043,58,Male,Quetta,Grocery,48170,2022-02-13 10:00:00
1044,2460,Customer_1044,24,Male,Quetta,Furniture,5772,2022-02-13 11:00:00
1045,2046,Customer_1045,31,Male,Peshawar,Furniture,718,2022-02-13 12:00:00
1046,1996,Customer_1046,46,Male,Quetta,Electronics,37971,2022-02-13 13:00:00
1047,2588,Customer_1047,36,Female,Lahore,Electronics,49262,2022-02-13 14:00:00
1048,1676,Customer_1048,36,Female,Islamabad,Electronics,22015,2022-02-13 15:00:00
1049,1713,Customer_1049,19,Male,Peshawar,Furniture,34807,2022-02-13 16:00:00
1050,2481,Customer_1050,58,Male,Quetta,Electronics,79181,2022-02-13 17:00:00
1051,1082,Customer_1051,62,Female,Islamabad,Electronics,18486,2022-02-13 18:00:00
1052,2168,Customer_1052,32,Male,Karachi,Furniture,71100,2022-02-13 19:00:00
1053,2108,Customer_1053,20,Male,Karachi,Clothing,55388,2022-02-13 20:00:00
1054,2101,Customer_1054,28,Male,Islamabad,Furniture,12103,2022-02-13 21:00:00
1055,1456,Customer_1055,63,Male,Lahore,Clothing,68524,2022-02-13 22:00:00
1056,2901,Customer_1056,47,Female,Islamabad,Furniture,29397,2022-02-13 23:00:00
1057,1000,Customer_1057,57,Male,Islamabad,Electronics,19302,2022-02-14 00:00:00
1058,1050,Customer_1058,35,Female,Peshawar,Grocery,16911,2022-02-14 01:00:00
1059,1684,Customer_1059,19,Male,Karachi,Grocery,60899,2022-02-14 02:00:00
1060,1716,Customer_1060,49,Male,Karachi,Clothing,61192,2022-02-14 03:00:00
1061,2795,Customer_1061,25,Female,Quetta,Clothing,58176,2022-02-14 04:00:00
1062,2469,Customer_1062,39,Male,Islamabad,Clothing,13270,2022-02-14 05:00:00
1063,1448,Customer_1063,23,Female,Islamabad,Grocery,74013,2022-02-14 06:00:00
1064,1880,Customer_1064,29,Male,Lahore,Clothing,37929,2022-02-14 07:00:00
1065,1487,Customer_1065,64,Male,Karachi,Furniture,59929,2022-02-14 08:00:00
1066,2823,Customer_1066,57,Male,Lahore,Furniture,70585,2022-02-14 09:00:00
1067,1033,Customer_1067,53,Male,Peshawar,Grocery,20837,2022-02-14 10:00:00
1068,2371,Customer_1068,32,Male,Quetta,Furniture,25007,2022-02-14 11:00:00
1069,1094,Customer_1069,45,Female,Lahore,Clothing,60096,2022-02-14 12:00:00
1070,2095,Customer_1070,62,Female,Karachi,Grocery,71009,2022-02-14 13:00:00
1071,2574,Customer_1071,35,Male,Peshawar,Clothing,8936,2022-02-14 14:00:00
1072,1153,Customer_1072,19,Male,Islamabad,Furniture,10586,2022-02-14 15:00:00
1073,1249,Customer_1073,30,Female,Peshawar,Clothing,20351,2022-02-14 16:00:00
1074,1673,Customer_1074,62,Female,Lahore,Grocery,40232,2022-02-14 17:00:00
1075,1437,Customer_1075,32,Male,Karachi,Clothing,15342,2022-02-14 18:00:00
1076,1117,Customer_1076,37,Male,Lahore,Furniture,2245,2022-02-14 19:00:00
1077,1770,Customer_1077,46,Female,Islamabad,Electronics,13197,2022-02-14 20:00:00
1078,2914,Customer_1078,59,Male,Islamabad,Grocery,4379,2022-02-14 21:00:00
1079,2329,Customer_1079,46,Female,Karachi,Clothing,18999,2022-02-14 22:00:00
1080,1267,Customer_1080,20,Male,Quetta,Grocery,35535,2022-02-14 23:00:00
1081,2984,Customer_1081,36,Female,Peshawar,Clothing,19151,2022-02-15 00:00:00
1082,2077,Customer_1082,20,Female,Peshawar,Electronics,75724,2022-02-15 01:00:00
1083,1235,Customer_1083,31,Male,Islamabad,Furniture,77024,2022-02-15 02:00:00
1084,1388,Customer_1084,57,Female,Lahore,Clothing,37749,2022-02-15 03:00:00
1085,1989,Customer_1085,21,Male,Lahore,Clothing,24349,2022-02-15 04:00:00
1086,2757,Customer_1086,28,Male,Quetta,Electronics,73809,2022-02-15 05:00:00
1087,1762,Customer_1087,48,Male,Lahore,Grocery,29576,2022-02-15 06:00:00
1088,2848,Customer_1088,60,Male,Peshawar,Furniture,70623,2022-02-15 07:00:00
1089,1400,Customer_1089,49,Female,Lahore,Clothing,33624,2022-02-15 08:00:00
1090,1623,Customer_1090,44,Male,Quetta,Clothing,16287,2022-02-15 09:00:00
1091,1766,Customer_1091,47,Male,Peshawar,Furniture,53962,2022-02-15 10:00:00
1092,2326,Customer_1092,60,Male,Lahore,Electronics,71535,2022-02-15 11:00:00
1093,1918,Customer_1093,19,Male,Peshawar,Grocery,4341,2022-02-15 12:00:00
1094,2230,Customer_1094,26,Female,Islamabad,Furniture,45390,2022-02-15 13:00:00
1095,2252,Customer_1095,45,Male,Islamabad,Grocery,25902,2022-02-15 14:00:00
1096,1852,Customer_1096,48,Female,Islamabad,Electronics,66701,2022-02-15 15:00:00
1097,2933,Customer_1097,51,Female,Lahore,Electronics,23737,2022-02-15 16:00:00
1098,1577,Customer_1098,32,Female,Quetta,Furniture,43488,2022-02-15 17:00:00
1099,1074,Customer_1099,42,Male,Peshawar,Clothing,76810,2022-02-15 18:00:00
1100,1434,Customer_1100,53,Male,Karachi,Electronics,1053,2022-02-15 19:00:00
1101,1102,Customer_1101,25,Male,Islamabad,Electronics,14360,2022-02-15 20:00:00
1102,2445,Customer_1102,26,Male,Islamabad,Furniture,7545,2022-02-15 21:00:00
1103,2727,Customer_1103,54,Female,Karachi,Furniture,75416,2022-02-15 22:00:00
1104,1763,Customer_1104,62,Female,Karachi,Furniture,56935,2022-02-15 23:00:00
1105,1737,Customer_1105,56,Male,Lahore,Electronics,32761,2022-02-16 00:00:00
1106,1805,Customer_1106,49,Male,Peshawar,Grocery,79379,2022-02-16 01:00:00
1107,2329,Customer_1107,34,Male,Islamabad,Electronics,3353,2022-02-16 02:00:00
1108,1097,Customer_1108,52,Male,Quetta,Furniture,76164,2022-02-16 03:00:00
1109,2873,Customer_1109,54,Male,Lahore,Clothing,48522,2022-02-16 04:00:00
1110,1797,Customer_1110,36,Male,Lahore,Clothing,3236,2022-02-16 05:00:00
1111,2358,Customer_1111,61,Male,Quetta,Furniture,34224,2022-02-16 06:00:00
1112,1858,Customer_1112,46,Female,Quetta,Clothing,11940,2022-02-16 07:00:00
1113,1434,Customer_1113,24,Female,Quetta,Electronics,71216,2022-02-16 08:00:00
1114,1446,Customer_1114,45,Female,Karachi,Grocery,30784,2022-02-16 09:00:00
1115,2331,Customer_1115,26,Female,Islamabad,Electronics,12146,2022-02-16 10:00:00
1116,1248,Customer_1116,45,Male,Karachi,Furniture,14842,2022-02-16 11:00:00
1117,1165,Customer_1117,23,Male,Islamabad,Electronics,66120,2022-02-16 12:00:00
1118,2504,Customer_1118,46,Male,Karachi,Clothing,64761,2022-02-16 13:00:00
1119,1983,Customer_1119,34,Male,Peshawar,Electronics,2435,2022-02-16 14:00:00
1120,2358,Customer_1120,33,Male,Islamabad,Grocery,42876,2022-02-16 15:00:00
1121,2019,Customer_1121,40,Female,Lahore,Clothing,75298,2022-02-16 16:00:00
1122,1541,Customer_1122,48,Male,Islamabad,Grocery,77640,2022-02-16 17:00:00
1123,1758,Customer_1123,20,Female,Islamabad,Grocery,42981,2022-02-16 18:00:00
1124,2129,Customer_1124,38,Male,Islamabad,Grocery,56221,2022-02-16 19:00:00
1125,2586,Customer_1125,43,Female,Peshawar,Electronics,3338,2022-02-16 20:00:00
1126,1080,Customer_1126,53,Male,Karachi,Electronics,35830,2022-02-16 21:00:00
1127,1132,Customer_1127,59,Female,Lahore,Electronics,79476,2022-02-16 22:00:00
1128,1796,Customer_1128,54,Male,Karachi,Electronics,37494,2022-02-16 23:00:00
1129,1899,Customer_1129,39,Male,Karachi,Clothing,30884,2022-02-17 00:00:00
1130,1137,Customer_1130,59,Male,Quetta,Electronics,45878,2022-02-17 01:00:00
1131,1183,Customer_1131,29,Male,Peshawar,Clothing,33143,2022-02-17 02:00:00
1132,2424,Customer_1132,59,Female,Quetta,Grocery,17426,2022-02-17 03:00:00
1133,2353,Customer_1133,30,Male,Peshawar,Clothing,39477,2022-02-17 04:00:00
1134,1784,Customer_1134,28,Female,Karachi,Furniture,24152,2022-02-17 05:00:00
1135,2531,Customer_1135,33,Male,Karachi,Electronics,63795,2022-02-17 06:00:00
1136,2875,Customer_1136,25,Female,Peshawar,Furniture,10770,2022-02-17 07:00:00
1137,1983,Customer_1137,57,Male,Karachi,Clothing,62130,2022-02-17 08:00:00
1138,1068,Customer_1138,57,Male,Karachi,Electronics,36917,2022-02-17 09:00:00
1139,1545,Customer_1139,62,Female,Lahore,Furniture,47394,2022-02-17 10:00:00
1140,2797,Customer_1140,19,Male,Quetta,Electronics,56542,2022-02-17 11:00:00
1141,1052,Customer_1141,47,Male,Quetta,Clothing,63753,2022-02-17 12:00:00
1142,2473,Customer_1142,47,Female,Quetta,Furniture,49341,2022-02-17 13:00:00
1143,1204,Customer_1143,29,Male,Islamabad,Clothing,53223,2022-02-17 14:00:00
1144,1125,Customer_1144,27,Female,Lahore,Furniture,20817,2022-02-17 15:00:00
1145,2770,Customer_1145,61,Male,Quetta,Grocery,55508,2022-02-17 16:00:00
1146,1042,Customer_1146,28,Female,Quetta,Grocery,36934,2022-02-17 17:00:00
1147,2775,Customer_1147,32,Female,Lahore,Grocery,46625,2022-02-17 18:00:00
1148,2994,Customer_1148,33,Female,Karachi,Grocery,75949,2022-02-17 19:00:00
1149,2906,Customer_1149,34,Female,Quetta,Grocery,74602,2022-02-17 20:00:00
1150,1110,Customer_1150,43,Male,Karachi,Clothing,1057,2022-02-17 21:00:00
1151,1760,Customer_1151,19,Male,Quetta,Grocery,44883,2022-02-17 22:00:00
1152,2686,Customer_1152,29,Female,Peshawar,Clothing,6540,2022-02-17 23:00:00
1153,2206,Customer_1153,43,Male,Islamabad,Grocery,47152,2022-02-18 00:00:00
1154,1847,Customer_1154,40,Male,Quetta,Electronics,61441,2022-02-18 01:00:00
1155,1094,Customer_1155,35,Male,Peshawar,Grocery,75328,2022-02-18 02:00:00
1156,2994,Customer_1156,49,Female,Lahore,Electronics,26610,2022-02-18 03:00:00
1157,2397,Customer_1157,55,Male,Peshawar,Clothing,5849,2022-02-18 04:00:00
1158,2935,Customer_1158,64,Male,Lahore,Grocery,30874,2022-02-18 05:00:00
1159,2543,Customer_1159,20,Female,Quetta,Furniture,43091,2022-02-18 06:00:00
1160,1899,Customer_1160,55,Male,Lahore,Clothing,557,2022-02-18 07:00:00
1161,1359,Customer_1161,20,Female,Peshawar,Grocery,74539,2022-02-18 08:00:00
1162,1899,Customer_1162,47,Female,Islamabad,Clothing,65078,2022-02-18 09:00:00
1163,2719,Customer_1163,18,Female,Karachi,Furniture,19621,2022-02-18 10:00:00
1164,1280,Customer_1164,47,Male,Karachi,Grocery,5993,2022-02-18 11:00:00
1165,2218,Customer_1165,62,Male,Islamabad,Furniture,68318,2022-02-18 12:00:00
1166,2887,Customer_1166,49,Female,Karachi,Grocery,1931,2022-02-18 13:00:00
1167,2218,Customer_1167,45,Female,Quetta,Electronics,60969,2022-02-18 14:00:00
1168,1666,Customer_1168,38,Female,Quetta,Clothing,62741,2022-02-18 15:00:00
1169,1092,Customer_1169,63,Female,Peshawar,Furniture,45794,2022-02-18 16:00:00
1170,1671,Customer_1170,30,Female,Peshawar,Clothing,11851,2022-02-18 17:00:00
1171,2969,Customer_1171,44,Female,Lahore,Furniture,32983,2022-02-18 18:00:00
1172,1060,Customer_1172,53,Male,Peshawar,Clothing,31695,2022-02-18 19:00:00
1173,1633,Customer_1173,24,Female,Quetta,Clothing,23235,2022-02-18 20:00:00
1174,2074,Customer_1174,39,Female,Peshawar,Clothing,15703,2022-02-18 21:00:00
1175,2426,Customer_1175,27,Female,Karachi,Electronics,4474,2022-02-18 22:00:00
1176,2812,Customer_1176,56,Male,Lahore,Grocery,40213,2022-02-18 23:00:00
1177,2028,Customer_1177,32,Male,Lahore,Electronics,13136,2022-02-19 00:00:00
1178,2489,Customer_1178,32,Male,Quetta,Clothing,35570,2022-02-19 01:00:00
1179,1603,Customer_1179,21,Male,Peshawar,Furniture,29623,2022-02-19 02:00:00
1180,1681,Customer_1180,49,Female,Karachi,Clothing,32312,2022-02-19 03:00:00
1181,2852,Customer_1181,40,Male,Peshawar,Grocery,29260,2022-02-19 04:00:00
1182,1533,Customer_1182,23,Female,Islamabad,Electronics,5466,2022-02-19 05:00:00
1183,2428,Customer_1183,41,Female,Peshawar,Grocery,16558,2022-02-19 06:00:00
1184,1837,Customer_1184,37,Female,Quetta,Furniture,41982,2022-02-19 07:00:00
1185,2536,Customer_1185,54,Female,Peshawar,Grocery,3498,2022-02-19 08:00:00
1186,1644,Customer_1186,37,Female,Lahore,Electronics,61765,2022-02-19 09:00:00
1187,1232,Customer_1187,29,Female,Karachi,Furniture,66945,2022-02-19 10:00:00
1188,1523,Customer_1188,50,Male,Quetta,Grocery,35148,2022-02-19 11:00:00
1189,1345,Customer_1189,45,Male,Islamabad,Electronics,61123,2022-02-19 12:00:00
1190,2069,Customer_1190,25,Male,Karachi,Electronics,78533,2022-02-19 13:00:00
1191,1545,Customer_1191,18,Male,Karachi,Clothing,8027,2022-02-19 14:00:00
1192,2968,Customer_1192,54,Male,Lahore,Grocery,3572,2022-02-19 15:00:00
1193,2101,Customer_1193,39,Female,Lahore,Furniture,12518,2022-02-19 16:00:00
1194,2753,Customer_1194,23,Male,Lahore,Clothing,30152,2022-02-19 17:00:00
1195,2836,Customer_1195,38,Male,Quetta,Grocery,4976,2022-02-19 18:00:00
1196,2946,Customer_1196,49,Male,Peshawar,Grocery,27982,2022-02-19 19:00:00
1197,2096,Customer_1197,52,Female,Karachi,Furniture,63013,2022-02-19 20:00:00
1198,1793,Customer_1198,32,Female,Peshawar,Clothing,16719,2022-02-19 21:00:00
1199,1248,Customer_1199,22,Female,Peshawar,Clothing,30948,2022-02-19 22:00:00
1200,1046,Customer_1200,63,Male,Lahore,Furniture,25620,2022-02-19 23:00:00
1201,2144,Customer_1201,23,Male,Peshawar,Clothing,7355,2022-02-20 00:00:00
1202,1213,Customer_1202,42,Male,Karachi,Electronics,57053,2022-02-20 01:00:00
1203,1238,Customer_1203,63,Male,Karachi,Furniture,69133,2022-02-20 02:00:00
1204,2079,Customer_1204,57,Male,Islamabad,Grocery,45085,2022-02-20 03:00:00
1205,1349,Customer_1205,46,Female,Quetta,Furniture,1584,2022-02-20 04:00:00
1206,1106,Customer_1206,24,Male,Peshawar,Electronics,22444,2022-02-20 05:00:00
1207,1830,Customer_1207,57,Female,Quetta,Furniture,34421,2022-02-20 06:00:00
1208,1047,Customer_1208,30,Male,Quetta,Grocery,61782,2022-02-20 07:00:00
1209,2596,Customer_1209,55,Female,Quetta,Grocery,51897,2022-02-20 08:00:00
1210,1336,Customer_1210,35,Female,Quetta,Furniture,18570,2022-02-20 09:00:00
1211,2049,Customer_1211,19,Female,Karachi,Furniture,55487,2022-02-20 10:00:00
1212,1803,Customer_1212,25,Female,Peshawar,Electronics,57190,2022-02-20 11:00:00
1213,2280,Customer_1213,28,Male,Islamabad,Electronics,61634,2022-02-20 12:00:00
1214,1007,Customer_1214,50,Male,Quetta,Grocery,59939,2022-02-20 13:00:00
1215,1624,Customer_1215,55,Male,Islamabad,Clothing,31989,2022-02-20 14:00:00
1216,2890,Customer_1216,44,Female,Karachi,Clothing,23678,2022-02-20 15:00:00
1217,2276,Customer_1217,37,Male,Karachi,Clothing,79519,2022-02-20 16:00:00
1218,2715,Customer_1218,29,Male,Lahore,Clothing,58456,2022-02-20 17:00:00
1219,1718,Customer_1219,60,Male,Quetta,Grocery,48302,2022-02-20 18:00:00
1220,1302,Customer_1220,48,Male,Lahore,Clothing,63278,2022-02-20 19:00:00
1221,1638,Customer_1221,44,Female,Islamabad,Clothing,58219,2022-02-20 20:00:00
1222,1055,Customer_1222,49,Female,Peshawar,Furniture,34073,2022-02-20 21:00:00
1223,1725,Customer_1223,27,Male,Lahore,Clothing,34188,2022-02-20 22:00:00
1224,1525,Customer_1224,20,Male,Karachi,Furniture,46975,2022-02-20 23:00:00
1225,1473,Customer_1225,62,Male,Quetta,Grocery,51197,2022-02-21 00:00:00
1226,1027,Customer_1226,44,Female,Islamabad,Furniture,34478,2022-02-21 01:00:00
1227,1077,Customer_1227,52,Female,Karachi,Electronics,30177,2022-02-21 02:00:00
1228,2239,Customer_1228,48,Female,Peshawar,Furniture,10772,2022-02-21 03:00:00
1229,2409,Customer_1229,32,Male,Quetta,Clothing,6712,2022-02-21 04:00:00
1230,1364,Customer_1230,33,Female,Peshawar,Furniture,21571,2022-02-21 05:00:00
1231,1665,Customer_1231,30,Female,Peshawar,Furniture,75736,2022-02-21 06:00:00
1232,1525,Customer_1232,52,Female,Quetta,Grocery,17797,2022-02-21 07:00:00
1233,1698,Customer_1233,28,Female,Quetta,Grocery,52432,2022-02-21 08:00:00
1234,2335,Customer_1234,38,Female,Peshawar,Clothing,57384,2022-02-21 09:00:00
1235,1882,Customer_1235,28,Male,Islamabad,Electronics,29125,2022-02-21 10:00:00
1236,2030,Customer_1236,47,Male,Quetta,Electronics,29331,2022-02-21 11:00:00
1237,2026,Customer_1237,52,Male,Karachi,Furniture,56978,2022-02-21 12:00:00
1238,2646,Customer_1238,39,Male,Lahore,Electronics,63409,2022-02-21 13:00:00
1239,1918,Customer_1239,55,Female,Islamabad,Grocery,29867,2022-02-21 14:00:00
1240,1749,Customer_1240,48,Male,Quetta,Clothing,46313,2022-02-21 15:00:00
1241,1362,Customer_1241,31,Male,Quetta,Clothing,20621,2022-02-21 16:00:00
1242,2774,Customer_1242,41,Male,Islamabad,Grocery,36047,2022-02-21 17:00:00
1243,2531,Customer_1243,49,Female,Lahore,Clothing,64142,2022-02-21 18:00:00
1244,2297,Customer_1244,53,Male,Peshawar,Furniture,25414,2022-02-21 19:00:00
1245,2529,Customer_1245,49,Female,Karachi,Clothing,17678,2022-02-21 20:00:00
1246,1805,Customer_1246,32,Female,Quetta,Electronics,67758,2022-02-21 21:00:00
1247,1738,Customer_1247,60,Female,Lahore,Clothing,79921,2022-02-21 22:00:00
1248,2906,Customer_1248,52,Male,Karachi,Clothing,61063,2022-02-21 23:00:00
1249,2038,Customer_1249,20,Female,Islamabad,Grocery,50550,2022-02-22 00:00:00
1250,2215,Customer_1250,33,Male,Quetta,Grocery,63107,2022-02-22 01:00:00
1251,2654,Customer_1251,22,Male,Peshawar,Electronics,66138,2022-02-22 02:00:00
1252,1484,Customer_1252,38,Male,Islamabad,Grocery,13762,2022-02-22 03:00:00
1253,1027,Customer_1253,27,Female,Quetta,Electronics,7953,2022-02-22 04:00:00
1254,1713,Customer_1254,36,Female,Lahore,Furniture,45674,2022-02-22 05:00:00
1255,2062,Customer_1255,42,Male,Karachi,Electronics,78260,2022-02-22 06:00:00
1256,2976,Customer_1256,21,Female,Karachi,Clothing,6672,2022-02-22 07:00:00
1257,2296,Customer_1257,46,Female,Quetta,Electronics,77288,2022-02-22 08:00:00
1258,2254,Customer_1258,36,Female,Islamabad,Furniture,18418,2022-02-22 09:00:00
1259,1085,Customer_1259,60,Male,Peshawar,Clothing,7697,2022-02-22 10:00:00
1260,2497,Customer_1260,19,Female,Lahore,Electronics,14177,2022-02-22 11:00:00
1261,1125,Customer_1261,27,Female,Quetta,Grocery,11539,2022-02-22 12:00:00
1262,1811,Customer_1262,60,Male,Lahore,Grocery,28285,2022-02-22 13:00:00
1263,1536,Customer_1263,42,Female,Karachi,Grocery,5070,2022-02-22 14:00:00
1264,1144,Customer_1264,37,Male,Peshawar,Electronics,72742,2022-02-22 15:00:00
1265,2548,Customer_1265,36,Female,Lahore,Electronics,12155,2022-02-22 16:00:00
1266,2235,Customer_1266,40,Female,Quetta,Furniture,48407,2022-02-22 17:00:00
1267,1024,Customer_1267,41,Female,Peshawar,Clothing,9949,2022-02-22 18:00:00
1268,2603,Customer_1268,28,Female,Islamabad,Clothing,25130,2022-02-22 19:00:00
1269,2417,Customer_1269,63,Female,Quetta,Clothing,75158,2022-02-22 20:00:00
1270,1066,Customer_1270,51,Female,Lahore,Clothing,46871,2022-02-22 21:00:00
1271,1232,Customer_1271,45,Male,Peshawar,Electronics,11491,2022-02-22 22:00:00
1272,1108,Customer_1272,22,Female,Quetta,Electronics,25387,2022-02-22 23:00:00
1273,2169,Customer_1273,22,Female,Peshawar,Furniture,14359,2022-02-23 00:00:00
1274,1110,Customer_1274,38,Female,Peshawar,Clothing,24140,2022-02-23 01:00:00
1275,1227,Customer_1275,29,Male,Peshawar,Electronics,48839,2022-02-23 02:00:00
1276,1110,Customer_1276,21,Male,Lahore,Electronics,53735,2022-02-23 03:00:00
1277,2493,Customer_1277,59,Male,Quetta,Electronics,3012,2022-02-23 04:00:00
1278,1033,Customer_1278,37,Female,Karachi,Electronics,22412,2022-02-23 05:00:00
1279,1622,Customer_1279,55,Female,Karachi,Clothing,36015,2022-02-23 06:00:00
1280,2799,Customer_1280,42,Male,Lahore,Clothing,15916,2022-02-23 07:00:00
1281,2959,Customer_1281,31,Male,Lahore,Electronics,73316,2022-02-23 08:00:00
1282,2392,Customer_1282,28,Male,Peshawar,Grocery,77010,2022-02-23 09:00:00
1283,1747,Customer_1283,49,Female,Quetta,Furniture,44246,2022-02-23 10:00:00
1284,1594,Customer_1284,28,Male,Quetta,Clothing,44275,2022-02-23 11:00:00
1285,2577,Customer_1285,35,Female,Islamabad,Clothing,12727,2022-02-23 12:00:00
1286,1424,Customer_1286,44,Female,Islamabad,Grocery,13531,2022-02-23 13:00:00
1287,1612,Customer_1287,35,Female,Karachi,Clothing,33500,2022-02-23 14:00:00
1288,2541,Customer_1288,40,Male,Islamabad,Grocery,51753,2022-02-23 15:00:00
1289,1691,Customer_1289,28,Female,Islamabad,Grocery,68064,2022-02-23 16:00:00
1290,2305,Customer_1290,38,Male,Karachi,Electronics,18813,2022-02-23 17:00:00
1291,2343,Customer_1291,61,Male,Karachi,Clothing,75686,2022-02-23 18:00:00
1292,2761,Customer_1292,22,Male,Islamabad,Furniture,58251,2022-02-23 19:00:00
1293,2466,Customer_1293,40,Male,Quetta,Grocery,52992,2022-02-23 20:00:00
1294,2975,Customer_1294,58,Female,Islamabad,Furniture,30864,2022-02-23 21:00:00
1295,1314,Customer_1295,42,Female,Peshawar,Electronics,18861,2022-02-23 22:00:00
1296,1876,Customer_1296,58,Female,Peshawar,Clothing,68449,2022-02-23 23:00:00
1297,2989,Customer_1297,27,Female,Peshawar,Electronics,31570,2022-02-24 00:00:00
1298,2764,Customer_1298,39,Male,Lahore,Electronics,22909,2022-02-24 01:00:00
1299,2400,Customer_1299,36,Male,Peshawar,Furniture,30354,2022-02-24 02:00:00
1300,2312,Customer_1300,18,Male,Quetta,Furniture,30155,2022-02-24 03:00:00
1301,2460,Customer_1301,24,Male,Lahore,Grocery,10452,2022-02-24 04:00:00
1302,1661,Customer_1302,21,Female,Lahore,Clothing,36865,2022-02-24 05:00:00
1303,1276,Customer_1303,18,Male,Peshawar,Electronics,66656,2022-02-24 06:00:00
1304,2733,Customer_1304,32,Female,Islamabad,Grocery,57224,2022-02-24 07:00:00
1305,2605,Customer_1305,57,Male,Karachi,Grocery,15955,2022-02-24 08:00:00
1306,2526,Customer_1306,29,Male,Islamabad,Electronics,48173,2022-02-24 09:00:00
1307,1623,Customer_1307,39,Male,Islamabad,Electronics,1474,2022-02-24 10:00:00
1308,1515,Customer_1308,39,Male,Lahore,Grocery,13179,2022-02-24 11:00:00
1309,2373,Customer_1309,64,Female,Lahore,Electronics,62291,2022-02-24 12:00:00
1310,1842,Customer_1310,34,Female,Lahore,Electronics,27929,2022-02-24 13:00:00
1311,2469,Customer_1311,46,Female,Quetta,Furniture,18573,2022-02-24 14:00:00
1312,2853,Customer_1312,63,Female,Quetta,Clothing,70707,2022-02-24 15:00:00
1313,1349,Customer_1313,31,Male,Karachi,Grocery,30865,2022-02-24 16:00:00
1314,2630,Customer_1314,37,Male,Lahore,Electronics,56428,2022-02-24 17:00:00
1315,2687,Customer_1315,50,Female,Peshawar,Grocery,74953,2022-02-24 18:00:00
1316,1822,Customer_1316,60,Female,Lahore,Clothing,8284,2022-02-24 19:00:00
1317,2160,Customer_1317,32,Male,Quetta,Grocery,12791,2022-02-24 20:00:00
1318,1758,Customer_1318,29,Male,Lahore,Grocery,26654,2022-02-24 21:00:00
1319,1898,Customer_1319,57,Female,Quetta,Grocery,26150,2022-02-24 22:00:00
1320,1242,Customer_1320,37,Female,Lahore,Furniture,69241,2022-02-24 23:00:00
1321,1542,Customer_1321,47,Female,Peshawar,Clothing,36701,2022-02-25 00:00:00
1322,2063,Customer_1322,55,Male,Karachi,Clothing,39979,2022-02-25 01:00:00
1323,1228,Customer_1323,20,Female,Peshawar,Grocery,73420,2022-02-25 02:00:00
1324,1547,Customer_1324,45,Female,Quetta,Grocery,50743,2022-02-25 03:00:00
1325,1919,Customer_1325,43,Female,Islamabad,Clothing,69095,2022-02-25 04:00:00
1326,2246,Customer_1326,47,Female,Peshawar,Electronics,32234,2022-02-25 05:00:00
1327,1005,Customer_1327,30,Female,Lahore,Furniture,43068,2022-02-25 06:00:00
1328,2345,Customer_1328,30,Male,Karachi,Clothing,26293,2022-02-25 07:00:00
1329,1467,Customer_1329,19,Female,Lahore,Grocery,52704,2022-02-25 08:00:00
1330,2755,Customer_1330,54,Male,Lahore,Electronics,47246,2022-02-25 09:00:00
1331,1074,Customer_1331,55,Female,Peshawar,Electronics,32489,2022-02-25 10:00:00
1332,1003,Customer_1332,19,Female,Karachi,Electronics,49965,2022-02-25 11:00:00
1333,2870,Customer_1333,53,Female,Islamabad,Furniture,61883,2022-02-25 12:00:00
1334,1645,Customer_1334,43,Male,Lahore,Furniture,17267,2022-02-25 13:00:00
1335,1117,Customer_1335,28,Male,Karachi,Clothing,39152,2022-02-25 14:00:00
1336,1880,Customer_1336,25,Male,Islamabad,Clothing,13883,2022-02-25 15:00:00
1337,2629,Customer_1337,61,Female,Lahore,Clothing,71284,2022-02-25 16:00:00
1338,1503,Customer_1338,57,Female,Karachi,Clothing,60589,2022-02-25 17:00:00
1339,1946,Customer_1339,60,Male,Peshawar,Grocery,26940,2022-02-25 18:00:00
1340,1573,Customer_1340,39,Male,Lahore,Furniture,52943,2022-02-25 19:00:00
1341,2464,Customer_1341,37,Female,Lahore,Electronics,56825,2022-02-25 20:00:00
1342,1193,Customer_1342,25,Male,Karachi,Grocery,56419,2022-02-25 21:00:00
1343,1846,Customer_1343,46,Female,Lahore,Clothing,17111,2022-02-25 22:00:00
1344,1714,Customer_1344,57,Male,Islamabad,Clothing,63983,2022-02-25 23:00:00
1345,2415,Customer_1345,43,Male,Lahore,Grocery,22957,2022-02-26 00:00:00
1346,2049,Customer_1346,47,Male,Quetta,Electronics,10756,2022-02-26 01:00:00
1347,2458,Customer_1347,34,Female,Islamabad,Furniture,55356,2022-02-26 02:00:00
1348,1172,Customer_1348,37,Female,Karachi,Furniture,41033,2022-02-26 03:00:00
1349,2323,Customer_1349,33,Male,Islamabad,Electronics,28781,2022-02-26 04:00:00
1350,2668,Customer_1350,63,Female,Quetta,Furniture,67775,2022-02-26 05:00:00
1351,1325,Customer_1351,60,Female,Quetta,Clothing,2025,2022-02-26 06:00:00
1352,2433,Customer_1352,24,Female,Lahore,Clothing,16953,2022-02-26 07:00:00
1353,2141,Customer_1353,33,Female,Lahore,Clothing,6751,2022-02-26 08:00:00
1354,1835,Customer_1354,62,Male,Peshawar,Clothing,20007,2022-02-26 09:00:00
1355,2810,Customer_1355,64,Female,Islamabad,Electronics,79896,2022-02-26 10:00:00
1356,1723,Customer_1356,44,Female,Peshawar,Furniture,28406,2022-02-26 11:00:00
1357,1224,Customer_1357,40,Male,Quetta,Furniture,73685,2022-02-26 12:00:00
1358,1531,Customer_1358,41,Female,Lahore,Grocery,13693,2022-02-26 13:00:00
1359,1112,Customer_1359,26,Female,Lahore,Electronics,64542,2022-02-26 14:00:00
1360,1139,Customer_1360,52,Female,Lahore,Furniture,60016,2022-02-26 15:00:00
1361,1558,Customer_1361,37,Male,Karachi,Furniture,31192,2022-02-26 16:00:00
1362,1000,Customer_1362,54,Male,Quetta,Grocery,70990,2022-02-26 17:00:00
1363,1089,Customer_1363,59,Female,Lahore,Clothing,34012,2022-02-26 18:00:00
1364,1653,Customer_1364,34,Female,Quetta,Furniture,11219,2022-02-26 19:00:00
1365,1319,Customer_1365,64,Male,Lahore,Clothing,55927,2022-02-26 20:00:00
1366,2573,Customer_1366,48,Male,Islamabad,Grocery,28149,2022-02-26 21:00:00
1367,2828,Customer_1367,25,Male,Quetta,Furniture,12902,2022-02-26 22:00:00
1368,2917,Customer_1368,32,Female,Peshawar,Clothing,9716,2022-02-26 23:00:00
1369,1138,Customer_1369,48,Female,Karachi,Electronics,31550,2022-02-27 00:00:00
1370,2534,Customer_1370,47,Male,Peshawar,Clothing,50593,2022-02-27 01:00:00
1371,2891,Customer_1371,63,Female,Quetta,Clothing,5550,2022-02-27 02:00:00
1372,1844,Customer_1372,37,Female,Lahore,Clothing,47216,2022-02-27 03:00:00
1373,1258,Customer_1373,56,Female,Quetta,Clothing,2938,2022-02-27 04:00:00
1374,2696,Customer_1374,29,Female,Karachi,Electronics,47931,2022-02-27 05:00:00
1375,1901,Customer_1375,34,Female,Quetta,Grocery,17260,2022-02-27 06:00:00
1376,1689,Customer_1376,59,Female,Lahore,Clothing,78114,2022-02-27 07:00:00
1377,1009,Customer_1377,47,Female,Peshawar,Clothing,16973,2022-02-27 08:00:00
1378,1260,Customer_1378,46,Male,Islamabad,Furniture,44315,2022-02-27 09:00:00
1379,2942,Customer_1379,36,Male,Peshawar,Furniture,62960,2022-02-27 10:00:00
1380,2673,Customer_1380,63,Male,Lahore,Electronics,9757,2022-02-27 11:00:00
1381,1171,Customer_1381,28,Male,Lahore,Electronics,26134,2022-02-27 12:00:00
1382,1897,Customer_1382,51,Male,Karachi,Electronics,60903,2022-02-27 13:00:00
1383,1012,Customer_1383,24,Male,Quetta,Furniture,47073,2022-02-27 14:00:00
1384,2191,Customer_1384,61,Male,Quetta,Clothing,29148,2022-02-27 15:00:00
1385,2665,Customer_1385,51,Male,Peshawar,Furniture,49480,2022-02-27 16:00:00
1386,2619,Customer_1386,37,Male,Islamabad,Grocery,10796,2022-02-27 17:00:00
1387,1320,Customer_1387,55,Female,Islamabad,Electronics,60697,2022-02-27 18:00:00
1388,2342,Customer_1388,41,Female,Karachi,Electronics,22459,2022-02-27 19:00:00
1389,2636,Customer_1389,27,Male,Lahore,Electronics,15070,2022-02-27 20:00:00
1390,1328,Customer_1390,49,Female,Karachi,Grocery,35923,2022-02-27 21:00:00
1391,1784,Customer_1391,32,Female,Quetta,Clothing,18399,2022-02-27 22:00:00
1392,1776,Customer_1392,54,Male,Lahore,Clothing,36285,2022-02-27 23:00:00
1393,2994,Customer_1393,37,Male,Karachi,Clothing,63306,2022-02-28 00:00:00
1394,1910,Customer_1394,20,Male,Peshawar,Electronics,57463,2022-02-28 01:00:00
1395,2943,Customer_1395,54,Female,Quetta,Clothing,78375,2022-02-28 02:00:00
1396,2573,Customer_1396,57,Female,Islamabad,Furniture,34841,2022-02-28 03:00:00
1397,2442,Customer_1397,25,Male,Karachi,Electronics,6097,2022-02-28 04:00:00
1398,2629,Customer_1398,57,Female,Quetta,Grocery,10744,2022-02-28 05:00:00
1399,2118,Customer_1399,61,Female,Quetta,Grocery,4296,2022-02-28 06:00:00
1400,2840,Customer_1400,40,Female,Islamabad,Clothing,76089,2022-02-28 07:00:00
1401,2604,Customer_1401,57,Male,Islamabad,Electronics,29028,2022-02-28 08:00:00
1402,1317,Customer_1402,28,Female,Islamabad,Furniture,19148,2022-02-28 09:00:00
1403,2979,Customer_1403,63,Female,Karachi,Furniture,1035,2022-02-28 10:00:00
1404,1235,Customer_1404,25,Female,Islamabad,Electronics,48969,2022-02-28 11:00:00
1405,2969,Customer_1405,46,Female,Peshawar,Clothing,65412,2022-02-28 12:00:00
1406,1333,Customer_1406,47,Female,Quetta,Grocery,44993,2022-02-28 13:00:00
1407,2908,Customer_1407,27,Female,Islamabad,Grocery,72917,2022-02-28 14:00:00
1408,1375,Customer_1408,56,Female,Quetta,Furniture,46285,2022-02-28 15:00:00
1409,2482,Customer_1409,45,Male,Lahore,Furniture,67061,2022-02-28 16:00:00
1410,2160,Customer_1410,53,Male,Lahore,Furniture,31369,2022-02-28 17:00:00
1411,2953,Customer_1411,30,Female,Islamabad,Grocery,65594,2022-02-28 18:00:00
1412,1587,Customer_1412,49,Male,Quetta,Furniture,30692,2022-02-28 19:00:00
1413,2570,Customer_1413,53,Female,Lahore,Grocery,69657,2022-02-28 20:00:00
1414,1512,Customer_1414,54,Female,Islamabad,Grocery,58044,2022-02-28 21:00:00
1415,2319,Customer_1415,43,Female,Quetta,Clothing,4903,2022-02-28 22:00:00
1416,2343,Customer_1416,39,Male,Islamabad,Clothing,36591,2022-02-28 23:00:00
1417,1917,Customer_1417,21,Female,Quetta,Clothing,53010,2022-03-01 00:00:00
1418,2595,Customer_1418,48,Female,Lahore,Furniture,5517,2022-03-01 01:00:00
1419,2855,Customer_1419,35,Male,Islamabad,Grocery,39703,2022-03-01 02:00:00
1420,2372,Customer_1420,55,Male,Lahore,Furniture,56973,2022-03-01 03:00:00
1421,2863,Customer_1421,41,Female,Islamabad,Grocery,52623,2022-03-01 04:00:00
1422,2802,Customer_1422,40,Male,Karachi,Clothing,48760,2022-03-01 05:00:00
1423,1872,Customer_1423,39,Male,Lahore,Clothing,46438,2022-03-01 06:00:00
1424,2252,Customer_1424,19,Female,Lahore,Furniture,58429,2022-03-01 07:00:00
1425,1269,Customer_1425,48,Female,Peshawar,Grocery,37872,2022-03-01 08:00:00
1426,2851,Customer_1426,28,Female,Lahore,Furniture,53752,2022-03-01 09:00:00
1427,1797,Customer_1427,45,Male,Quetta,Electronics,15128,2022-03-01 10:00:00
1428,2314,Customer_1428,63,Male,Islamabad,Furniture,13001,2022-03-01 11:00:00
1429,1724,Customer_1429,49,Male,Karachi,Clothing,30631,2022-03-01 12:00:00
1430,2188,Customer_1430,22,Female,Quetta,Grocery,68848,2022-03-01 13:00:00
1431,1004,Customer_1431,55,Male,Quetta,Grocery,9902,2022-03-01 14:00:00
1432,1850,Customer_1432,27,Male,Quetta,Furniture,56456,2022-03-01 15:00:00
1433,2402,Customer_1433,57,Female,Quetta,Clothing,52420,2022-03-01 16:00:00
1434,1077,Customer_1434,63,Female,Karachi,Electronics,26500,2022-03-01 17:00:00
1435,2433,Customer_1435,41,Female,Peshawar,Furniture,67962,2022-03-01 18:00:00
1436,1573,Customer_1436,52,Male,Lahore,Grocery,66892,2022-03-01 19:00:00
1437,1131,Customer_1437,61,Female,Quetta,Clothing,6488,2022-03-01 20:00:00
1438,1600,Customer_1438,40,Male,Lahore,Grocery,74779,2022-03-01 21:00:00
1439,2772,Customer_1439,34,Male,Lahore,Grocery,57499,2022-03-01 22:00:00
1440,2065,Customer_1440,18,Female,Quetta,Grocery,70174,2022-03-01 23:00:00
1441,1088,Customer_1441,48,Female,Peshawar,Grocery,53926,2022-03-02 00:00:00
1442,1401,Customer_1442,48,Female,Lahore,Electronics,59324,2022-03-02 01:00:00
1443,1295,Customer_1443,59,Female,Islamabad,Clothing,74899,2022-03-02 02:00:00
1444,2863,Customer_1444,59,Female,Lahore,Furniture,61159,2022-03-02 03:00:00
1445,2318,Customer_1445,51,Male,Quetta,Clothing,38290,2022-03-02 04:00:00
1446,1615,Customer_1446,26,Male,Karachi,Clothing,22618,2022-03-02 05:00:00
1447,2549,Customer_1447,39,Male,Lahore,Clothing,52525,2022-03-02 06:00:00
1448,1799,Customer_1448,30,Female,Peshawar,Furniture,60438,2022-03-02 07:00:00
1449,2714,Customer_1449,42,Male,Islamabad,Clothing,5649,2022-03-02 08:00:00
1450,2660,Customer_1450,35,Female,Islamabad,Furniture,38579,2022-03-02 09:00:00
1451,1421,Customer_1451,29,Female,Karachi,Furniture,2984,2022-03-02 10:00:00
1452,2888,Customer_1452,57,Male,Karachi,Electronics,55974,2022-03-02 11:00:00
1453,2046,Customer_1453,34,Male,Lahore,Grocery,49101,2022-03-02 12:00:00
1454,1574,Customer_1454,32,Female,Quetta,Furniture,44309,2022-03-02 13:00:00
1455,1142,Customer_1455,59,Male,Peshawar,Grocery,21291,2022-03-02 14:00:00
1456,1992,Customer_1456,32,Female,Islamabad,Clothing,69843,2022-03-02 15:00:00
1457,1664,Customer_1457,32,Male,Karachi,Grocery,27148,2022-03-02 16:00:00
1458,1144,Customer_1458,56,Male,Peshawar,Grocery,31590,2022-03-02 17:00:00
1459,2248,Customer_1459,30,Male,Quetta,Grocery,18357,2022-03-02 18:00:00
1460,2006,Customer_1460,34,Male,Islamabad,Clothing,62827,2022-03-02 19:00:00
1461,1502,Customer_1461,49,Male,Islamabad,Clothing,43467,2022-03-02 20:00:00
1462,2985,Customer_1462,26,Female,Quetta,Furniture,54209,2022-03-02 21:00:00
1463,2997,Customer_1463,57,Male,Islamabad,Furniture,68448,2022-03-02 22:00:00
1464,1820,Customer_1464,37,Male,Quetta,Electronics,49361,2022-03-02 23:00:00
1465,2639,Customer_1465,43,Male,Islamabad,Clothing,69218,2022-03-03 00:00:00
1466,1103,Customer_1466,44,Female,Lahore,Electronics,21448,2022-03-03 01:00:00
1467,2970,Customer_1467,38,Female,Quetta,Clothing,34282,2022-03-03 02:00:00
1468,2062,Customer_1468,35,Female,Peshawar,Grocery,51256,2022-03-03 03:00:00
1469,2970,Customer_1469,30,Female,Lahore,Electronics,68888,2022-03-03 04:00:00
1470,1197,Customer_1470,33,Female,Peshawar,Electronics,67309,2022-03-03 05:00:00
1471,2669,Customer_1471,26,Male,Islamabad,Electronics,8149,2022-03-03 06:00:00
1472,1578,Customer_1472,29,Male,Peshawar,Clothing,29502,2022-03-03 07:00:00
1473,1390,Customer_1473,61,Male,Lahore,Furniture,35223,2022-03-03 08:00:00
1474,2202,Customer_1474,55,Female,Quetta,Electronics,74814,2022-03-03 09:00:00
1475,2991,Customer_1475,36,Female,Karachi,Furniture,70585,2022-03-03 10:00:00
1476,1553,Customer_1476,24,Male,Peshawar,Clothing,12309,2022-03-03 11:00:00
1477,2471,Customer_1477,52,Female,Karachi,Electronics,58669,2022-03-03 12:00:00
1478,2523,Customer_1478,35,Female,Peshawar,Clothing,8802,2022-03-03 13:00:00
1479,2038,Customer_1479,33,Female,Peshawar,Furniture,8600,2022-03-03 14:00:00
1480,2646,Customer_1480,56,Male,Quetta,Furniture,68947,2022-03-03 15:00:00
1481,2692,Customer_1481,21,Male,Islamabad,Electronics,78127,2022-03-03 16:00:00
1482,2312,Customer_1482,42,Female,Lahore,Furniture,75135,2022-03-03 17:00:00
1483,1477,Customer_1483,49,Female,Lahore,Grocery,55520,2022-03-03 18:00:00
1484,2254,Customer_1484,57,Female,Lahore,Grocery,6163,2022-03-03 19:00:00
1485,1922,Customer_1485,30,Female,Islamabad,Electronics,45149,2022-03-03 20:00:00
1486,1419,Customer_1486,62,Male,Karachi,Clothing,47636,2022-03-03 21:00:00
1487,1156,Customer_1487,34,Female,Lahore,Clothing,36604,2022-03-03 22:00:00
1488,1549,Customer_1488,54,Male,Karachi,Clothing,39637,2022-03-03 23:00:00
1489,2464,Customer_1489,23,Male,Islamabad,Grocery,3034,2022-03-04 00:00:00
1490,2120,Customer_1490,36,Male,Islamabad,Furniture,68262,2022-03-04 01:00:00
1491,2020,Customer_1491,30,Female,Quetta,Grocery,52945,2022-03-04 02:00:00
1492,1996,Customer_1492,43,Male,Lahore,Furniture,10085,2022-03-04 03:00:00
1493,2434,Customer_1493,31,Male,Quetta,Grocery,76938,2022-03-04 04:00:00
1494,1950,Customer_1494,48,Female,Lahore,Clothing,36892,2022-03-04 05:00:00
1495,1288,Customer_1495,21,Female,Islamabad,Clothing,31626,2022-03-04 06:00:00
1496,2277,Customer_1496,56,Female,Islamabad,Clothing,42985,2022-03-04 07:00:00
1497,1195,Customer_1497,25,Male,Peshawar,Electronics,46298,2022-03-04 08:00:00
1498,1597,Customer_1498,42,Female,Peshawar,Electronics,68810,2022-03-04 09:00:00
1499,2857,Customer_1499,30,Male,Islamabad,Furniture,9517,2022-03-04 10:00:00
1500,2545,Customer_1500,49,Male,Islamabad,Electronics,26200,2022-03-04 11:00:00
1501,1516,Customer_1501,55,Female,Karachi,Grocery,37007,2022-03-04 12:00:00
1502,2658,Customer_1502,55,Male,Karachi,Grocery,48179,2022-03-04 13:00:00
1503,2865,Customer_1503,45,Male,Quetta,Furniture,37732,2022-03-04 14:00:00
1504,1864,Customer_1504,47,Male,Peshawar,Furniture,24520,2022-03-04 15:00:00
1505,2141,Customer_1505,20,Male,Peshawar,Clothing,57672,2022-03-04 16:00:00
1506,1805,Customer_1506,45,Female,Islamabad,Electronics,14246,2022-03-04 17:00:00
1507,2932,Customer_1507,20,Male,Islamabad,Clothing,64037,2022-03-04 18:00:00
1508,2182,Customer_1508,62,Female,Quetta,Electronics,4594,2022-03-04 19:00:00
1509,1814,Customer_1509,51,Male,Peshawar,Electronics,68966,2022-03-04 20:00:00
1510,1227,Customer_1510,33,Male,Karachi,Furniture,31255,2022-03-04 21:00:00
1511,2900,Customer_1511,39,Female,Lahore,Clothing,12052,2022-03-04 22:00:00
1512,1215,Customer_1512,49,Male,Quetta,Clothing,59991,2022-03-04 23:00:00
1513,1947,Customer_1513,55,Male,Lahore,Electronics,20279,2022-03-05 00:00:00
1514,2719,Customer_1514,25,Male,Karachi,Electronics,29500,2022-03-05 01:00:00
1515,1014,Customer_1515,25,Male,Karachi,Furniture,54453,2022-03-05 02:00:00
1516,2180,Customer_1516,23,Male,Lahore,Grocery,58064,2022-03-05 03:00:00
1517,2671,Customer_1517,31,Male,Quetta,Clothing,14602,2022-03-05 04:00:00
1518,2284,Customer_1518,49,Female,Lahore,Clothing,2361,2022-03-05 05:00:00
1519,2180,Customer_1519,52,Female,Quetta,Furniture,44074,2022-03-05 06:00:00
1520,1046,Customer_1520,27,Female,Quetta,Furniture,33182,2022-03-05 07:00:00
1521,1323,Customer_1521,20,Male,Islamabad,Clothing,79319,2022-03-05 08:00:00
1522,1843,Customer_1522,29,Male,Peshawar,Clothing,78472,2022-03-05 09:00:00
1523,2708,Customer_1523,48,Male,Peshawar,Electronics,65685,2022-03-05 10:00:00
1524,1129,Customer_1524,46,Female,Karachi,Grocery,74926,2022-03-05 11:00:00
1525,2434,Customer_1525,22,Male,Islamabad,Clothing,48620,2022-03-05 12:00:00
1526,1094,Customer_1526,42,Female,Peshawar,Furniture,38797,2022-03-05 13:00:00
1527,1626,Customer_1527,58,Male,Quetta,Electronics,8799,2022-03-05 14:00:00
1528,1754,Customer_1528,48,Male,Quetta,Electronics,41848,2022-03-05 15:00:00
1529,2955,Customer_1529,38,Male,Lahore,Furniture,41884,2022-03-05 16:00:00
1530,2315,Customer_1530,37,Female,Lahore,Furniture,77193,2022-03-05 17:00:00
1531,1793,Customer_1531,56,Male,Quetta,Electronics,33187,2022-03-05 18:00:00
1532,2834,Customer_1532,39,Female,Quetta,Furniture,65077,2022-03-05 19:00:00
1533,2306,Customer_1533,21,Male,Lahore,Electronics,60547,2022-03-05 20:00:00
1534,1068,Customer_1534,30,Male,Peshawar,Furniture,10691,2022-03-05 21:00:00
1535,2683,Customer_1535,62,Female,Karachi,Electronics,57384,2022-03-05 22:00:00
1536,1010,Customer_1536,59,Male,Lahore,Clothing,55411,2022-03-05 23:00:00
1537,2277,Customer_1537,37,Male,Peshawar,Clothing,77803,2022-03-06 00:00:00
1538,2865,Customer_1538,30,Male,Peshawar,Furniture,44226,2022-03-06 01:00:00
1539,1871,Customer_1539,34,Male,Peshawar,Grocery,35123,2022-03-06 02:00:00
1540,1549,Customer_1540,53,Female,Islamabad,Clothing,50500,2022-03-06 03:00:00
1541,2157,Customer_1541,50,Female,Islamabad,Electronics,71994,2022-03-06 04:00:00
1542,1711,Customer_1542,18,Male,Peshawar,Grocery,63527,2022-03-06 05:00:00
1543,1022,Customer_1543,32,Male,Quetta,Electronics,59495,2022-03-06 06:00:00
1544,1814,Customer_1544,30,Female,Islamabad,Electronics,43376,2022-03-06 07:00:00
1545,1345,Customer_1545,34,Male,Lahore,Clothing,51570,2022-03-06 08:00:00
1546,1301,Customer_1546,41,Female,Islamabad,Furniture,66724,2022-03-06 09:00:00
1547,1362,Customer_1547,25,Male,Quetta,Furniture,25865,2022-03-06 10:00:00
1548,1395,Customer_1548,44,Female,Karachi,Electronics,30163,2022-03-06 11:00:00
1549,1217,Customer_1549,62,Female,Islamabad,Clothing,65936,2022-03-06 12:00:00
1550,1140,Customer_1550,40,Female,Peshawar,Electronics,63711,2022-03-06 13:00:00
1551,2639,Customer_1551,63,Female,Peshawar,Grocery,11409,2022-03-06 14:00:00
1552,1957,Customer_1552,25,Male,Peshawar,Electronics,61383,2022-03-06 15:00:00
1553,2233,Customer_1553,25,Male,Karachi,Clothing,13213,2022-03-06 16:00:00
1554,1984,Customer_1554,43,Female,Quetta,Electronics,13114,2022-03-06 17:00:00
1555,1992,Customer_1555,64,Female,Lahore,Clothing,21234,2022-03-06 18:00:00
1556,2646,Customer_1556,30,Female,Quetta,Furniture,31209,2022-03-06 19:00:00
1557,2639,Customer_1557,56,Female,Karachi,Clothing,23385,2022-03-06 20:00:00
1558,1827,Customer_1558,54,Male,Peshawar,Grocery,72122,2022-03-06 21:00:00
1559,1682,Customer_1559,45,Female,Quetta,Clothing,78767,2022-03-06 22:00:00
1560,2483,Customer_1560,42,Female,Lahore,Grocery,13841,2022-03-06 23:00:00
1561,2003,Customer_1561,33,Female,Peshawar,Grocery,39935,2022-03-07 00:00:00
1562,1355,Customer_1562,19,Female,Lahore,Electronics,13476,2022-03-07 01:00:00
1563,2007,Customer_1563,35,Female,Islamabad,Grocery,78369,2022-03-07 02:00:00
1564,2347,Customer_1564,34,Female,Lahore,Clothing,5790,2022-03-07 03:00:00
1565,2156,Customer_1565,47,Female,Peshawar,Furniture,46312,2022-03-07 04:00:00
1566,1887,Customer_1566,56,Male,Islamabad,Clothing,51028,2022-03-07 05:00:00
1567,2828,Customer_1567,30,Female,Peshawar,Furniture,59070,2022-03-07 06:00:00
1568,2863,Customer_1568,49,Female,Peshawar,Grocery,56899,2022-03-07 07:00:00
1569,1126,Customer_1569,46,Female,Islamabad,Electronics,48937,2022-03-07 08:00:00
1570,2129,Customer_1570,63,Male,Lahore,Grocery,58407,2022-03-07 09:00:00
1571,2008,Customer_1571,47,Male,Karachi,Grocery,49223,2022-03-07 10:00:00
1572,1603,Customer_1572,35,Male,Karachi,Furniture,36155,2022-03-07 11:00:00
1573,2822,Customer_1573,30,Female,Karachi,Clothing,56333,2022-03-07 12:00:00
1574,2401,Customer_1574,60,Female,Karachi,Electronics,24497,2022-03-07 13:00:00
1575,2928,Customer_1575,38,Female,Quetta,Electronics,67376,2022-03-07 14:00:00
1576,2013,Customer_1576,47,Male,Karachi,Electronics,26513,2022-03-07 15:00:00
1577,1050,Customer_1577,38,Female,Islamabad,Electronics,33362,2022-03-07 16:00:00
1578,2052,Customer_1578,34,Male,Karachi,Clothing,52948,2022-03-07 17:00:00
1579,2485,Customer_1579,57,Male,Peshawar,Electronics,46108,2022-03-07 18:00:00
1580,2319,Customer_1580,36,Male,Karachi,Furniture,41394,2022-03-07 19:00:00
1581,2320,Customer_1581,32,Male,Lahore,Furniture,51149,2022-03-07 20:00:00
1582,2749,Customer_1582,26,Male,Islamabad,Electronics,62604,2022-03-07 21:00:00
1583,1778,Customer_1583,27,Female,Islamabad,Electronics,76959,2022-03-07 22:00:00
1584,2430,Customer_1584,61,Female,Quetta,Clothing,40321,2022-03-07 23:00:00
1585,2792,Customer_1585,48,Male,Peshawar,Clothing,48440,2022-03-08 00:00:00
1586,1813,Customer_1586,40,Female,Islamabad,Electronics,11435,2022-03-08 01:00:00
1587,2636,Customer_1587,47,Female,Lahore,Clothing,12967,2022-03-08 02:00:00
1588,2428,Customer_1588,50,Male,Karachi,Grocery,11573,2022-03-08 03:00:00
1589,2369,Customer_1589,26,Male,Islamabad,Electronics,8191,2022-03-08 04:00:00
1590,2645,Customer_1590,64,Female,Lahore,Clothing,47038,2022-03-08 05:00:00
1591,1419,Customer_1591,18,Female,Karachi,Furniture,24990,2022-03-08 06:00:00
1592,2205,Customer_1592,61,Female,Quetta,Electronics,16188,2022-03-08 07:00:00
1593,1982,Customer_1593,52,Female,Islamabad,Electronics,51150,2022-03-08 08:00:00
1594,1824,Customer_1594,28,Male,Islamabad,Furniture,14329,2022-03-08 09:00:00
1595,2024,Customer_1595,51,Female,Lahore,Furniture,3586,2022-03-08 10:00:00
1596,2854,Customer_1596,33,Male,Peshawar,Clothing,3090,2022-03-08 11:00:00
1597,2973,Customer_1597,26,Male,Quetta,Furniture,40393,2022-03-08 12:00:00
1598,1566,Customer_1598,49,Female,Peshawar,Grocery,73896,2022-03-08 13:00:00
1599,1370,Customer_1599,32,Female,Islamabad,Electronics,38676,2022-03-08 14:00:00
1600,1935,Customer_1600,29,Female,Peshawar,Grocery,67984,2022-03-08 15:00:00
1601,2934,Customer_1601,50,Male,Karachi,Clothing,26795,2022-03-08 16:00:00
1602,1660,Customer_1602,62,Male,Quetta,Furniture,38631,2022-03-08 17:00:00
1603,2454,Customer_1603,31,Male,Peshawar,Electronics,45393,2022-03-08 18:00:00
1604,1968,Customer_1604,25,Male,Karachi,Furniture,12424,2022-03-08 19:00:00
1605,2332,Customer_1605,25,Female,Lahore,Furniture,11351,2022-03-08 20:00:00
1606,2160,Customer_1606,44,Male,Peshawar,Clothing,8234,2022-03-08 21:00:00
1607,1201,Customer_1607,29,Male,Quetta,Clothing,43181,2022-03-08 22:00:00
1608,2459,Customer_1608,18,Female,Karachi,Clothing,5793,2022-03-08 23:00:00
1609,1312,Customer_1609,60,Male,Peshawar,Clothing,53703,2022-03-09 00:00:00
1610,1116,Customer_1610,57,Male,Lahore,Electronics,14320,2022-03-09 01:00:00
1611,2689,Customer_1611,59,Female,Peshawar,Grocery,68327,2022-03-09 02:00:00
1612,1936,Customer_1612,28,Male,Karachi,Grocery,47663,2022-03-09 03:00:00
1613,2826,Customer_1613,56,Male,Peshawar,Electronics,12891,2022-03-09 04:00:00
1614,1574,Customer_1614,60,Male,Quetta,Furniture,42470,2022-03-09 05:00:00
1615,1243,Customer_1615,48,Male,Islamabad,Electronics,47323,2022-03-09 06:00:00
1616,1536,Customer_1616,34,Female,Karachi,Grocery,31296,2022-03-09 07:00:00
1617,2625,Customer_1617,50,Male,Karachi,Grocery,36889,2022-03-09 08:00:00
1618,1074,Customer_1618,49,Female,Karachi,Electronics,3852,2022-03-09 09:00:00
1619,2829,Customer_1619,46,Male,Karachi,Clothing,28672,2022-03-09 10:00:00
1620,1385,Customer_1620,38,Female,Peshawar,Furniture,11437,2022-03-09 11:00:00
1621,2926,Customer_1621,38,Female,Quetta,Electronics,66981,2022-03-09 12:00:00
1622,2233,Customer_1622,57,Female,Lahore,Grocery,74009,2022-03-09 13:00:00
1623,1474,Customer_1623,40,Male,Quetta,Clothing,24052,2022-03-09 14:00:00
1624,1417,Customer_1624,23,Male,Karachi,Furniture,14618,2022-03-09 15:00:00
1625,1346,Customer_1625,39,Male,Peshawar,Grocery,11790,2022-03-09 16:00:00
1626,2552,Customer_1626,55,Female,Peshawar,Furniture,25623,2022-03-09 17:00:00
1627,1639,Customer_1627,54,Male,Karachi,Clothing,60051,2022-03-09 18:00:00
1628,1938,Customer_1628,62,Male,Peshawar,Grocery,52636,2022-03-09 19:00:00
1629,1954,Customer_1629,25,Male,Karachi,Clothing,64386,2022-03-09 20:00:00
1630,1875,Customer_1630,58,Male,Quetta,Electronics,76402,2022-03-09 21:00:00
1631,1762,Customer_1631,52,Female,Islamabad,Electronics,67833,2022-03-09 22:00:00
1632,2202,Customer_1632,28,Female,Peshawar,Furniture,44516,2022-03-09 23:00:00
1633,2205,Customer_1633,41,Male,Karachi,Clothing,21927,2022-03-10 00:00:00
1634,1663,Customer_1634,38,Male,Karachi,Clothing,2757,2022-03-10 01:00:00
1635,1024,Customer_1635,19,Male,Peshawar,Furniture,68233,2022-03-10 02:00:00
1636,2990,Customer_1636,57,Female,Lahore,Furniture,8722,2022-03-10 03:00:00
1637,2203,Customer_1637,36,Male,Karachi,Furniture,25687,2022-03-10 04:00:00
1638,1709,Customer_1638,56,Female,Peshawar,Electronics,21281,2022-03-10 05:00:00
1639,2524,Customer_1639,45,Female,Karachi,Furniture,11504,2022-03-10 06:00:00
1640,2879,Customer_1640,34,Male,Lahore,Electronics,58100,2022-03-10 07:00:00
1641,2184,Customer_1641,23,Male,Islamabad,Furniture,26015,2022-03-10 08:00:00
1642,1176,Customer_1642,36,Male,Lahore,Clothing,72188,2022-03-10 09:00:00
1643,1284,Customer_1643,55,Female,Quetta,Clothing,73208,2022-03-10 10:00:00
1644,1062,Customer_1644,45,Female,Peshawar,Furniture,3685,2022-03-10 11:00:00
1645,2002,Customer_1645,19,Male,Lahore,Furniture,54976,2022-03-10 12:00:00
1646,1661,Customer_1646,55,Female,Islamabad,Electronics,31712,2022-03-10 13:00:00
1647,1665,Customer_1647,54,Male,Karachi,Grocery,75197,2022-03-10 14:00:00
1648,1155,Customer_1648,21,Male,Peshawar,Electronics,49033,2022-03-10 15:00:00
1649,2905,Customer_1649,39,Female,Lahore,Clothing,38130,2022-03-10 16:00:00
1650,2492,Customer_1650,43,Female,Islamabad,Furniture,69106,2022-03-10 17:00:00
1651,2072,Customer_1651,60,Female,Lahore,Clothing,74599,2022-03-10 18:00:00
1652,1966,Customer_1652,53,Female,Quetta,Grocery,17085,2022-03-10 19:00:00
1653,1848,Customer_1653,30,Male,Peshawar,Electronics,49740,2022-03-10 20:00:00
1654,2107,Customer_1654,49,Male,Karachi,Clothing,15272,2022-03-10 21:00:00
1655,2384,Customer_1655,34,Male,Islamabad,Electronics,72335,2022-03-10 22:00:00
1656,1688,Customer_1656,58,Female,Lahore,Furniture,76224,2022-03-10 23:00:00
1657,1147,Customer_1657,53,Male,Peshawar,Clothing,18438,2022-03-11 00:00:00
1658,2653,Customer_1658,63,Female,Lahore,Grocery,22483,2022-03-11 01:00:00
1659,1341,Customer_1659,36,Female,Peshawar,Electronics,13374,2022-03-11 02:00:00
1660,1475,Customer_1660,52,Female,Quetta,Electronics,61396,2022-03-11 03:00:00
1661,2086,Customer_1661,63,Male,Lahore,Grocery,46709,2022-03-11 04:00:00
1662,2724,Customer_1662,57,Female,Quetta,Clothing,33322,2022-03-11 05:00:00
1663,2383,Customer_1663,45,Female,Islamabad,Clothing,21250,2022-03-11 06:00:00
1664,1560,Customer_1664,18,Female,Quetta,Electronics,42583,2022-03-11 07:00:00
1665,1326,Customer_1665,59,Female,Peshawar,Grocery,28446,2022-03-11 08:00:00
1666,2792,Customer_1666,35,Female,Islamabad,Electronics,2052,2022-03-11 09:00:00
1667,2759,Customer_1667,57,Female,Lahore,Electronics,73831,2022-03-11 10:00:00
1668,2164,Customer_1668,50,Female,Lahore,Furniture,5771,2022-03-11 11:00:00
1669,1989,Customer_1669,29,Female,Peshawar,Clothing,66151,2022-03-11 12:00:00
1670,1214,Customer_1670,25,Female,Karachi,Clothing,29494,2022-03-11 13:00:00
1671,1434,Customer_1671,41,Female,Karachi,Furniture,27686,2022-03-11 14:00:00
1672,2914,Customer_1672,33,Female,Lahore,Clothing,30767,2022-03-11 15:00:00
1673,1951,Customer_1673,21,Female,Peshawar,Clothing,39640,2022-03-11 16:00:00
1674,1722,Customer_1674,55,Male,Karachi,Clothing,25435,2022-03-11 17:00:00
1675,2341,Customer_1675,61,Male,Quetta,Grocery,32248,2022-03-11 18:00:00
1676,1031,Customer_1676,44,Female,Lahore,Furniture,4337,2022-03-11 19:00:00
1677,1669,Customer_1677,26,Female,Quetta,Electronics,65375,2022-03-11 20:00:00
1678,1284,Customer_1678,64,Female,Peshawar,Grocery,63194,2022-03-11 21:00:00
1679,2328,Customer_1679,33,Male,Quetta,Electronics,10110,2022-03-11 22:00:00
1680,1428,Customer_1680,29,Male,Karachi,Furniture,29115,2022-03-11 23:00:00
1681,2500,Customer_1681,48,Male,Karachi,Furniture,77144,2022-03-12 00:00:00
1682,1285,Customer_1682,41,Female,Islamabad,Furniture,22847,2022-03-12 01:00:00
1683,2167,Customer_1683,31,Female,Lahore,Clothing,34562,2022-03-12 02:00:00
1684,2447,Customer_1684,62,Female,Peshawar,Grocery,55622,2022-03-12 03:00:00
1685,2042,Customer_1685,42,Female,Lahore,Furniture,48931,2022-03-12 04:00:00
1686,1017,Customer_1686,51,Male,Quetta,Electronics,73586,2022-03-12 05:00:00
1687,1768,Customer_1687,20,Female,Peshawar,Clothing,28705,2022-03-12 06:00:00
1688,1589,Customer_1688,41,Male,Peshawar,Clothing,18959,2022-03-12 07:00:00
1689,2394,Customer_1689,59,Male,Karachi,Grocery,24250,2022-03-12 08:00:00
1690,2198,Customer_1690,26,Female,Quetta,Grocery,28229,2022-03-12 09:00:00
1691,2009,Customer_1691,43,Male,Karachi,Grocery,39085,2022-03-12 10:00:00
1692,1193,Customer_1692,37,Male,Karachi,Clothing,46135,2022-03-12 11:00:00
1693,1501,Customer_1693,57,Male,Islamabad,Furniture,45354,2022-03-12 12:00:00
1694,1987,Customer_1694,27,Male,Karachi,Electronics,76726,2022-03-12 13:00:00
1695,2136,Customer_1695,36,Female,Lahore,Furniture,29604,2022-03-12 14:00:00
1696,1113,Customer_1696,20,Female,Peshawar,Electronics,15270,2022-03-12 15:00:00
1697,2245,Customer_1697,41,Male,Karachi,Furniture,76493,2022-03-12 16:00:00
1698,2701,Customer_1698,22,Female,Lahore,Grocery,18457,2022-03-12 17:00:00
1699,1946,Customer_1699,20,Male,Quetta,Electronics,55678,2022-03-12 18:00:00
1700,1830,Customer_1700,44,Female,Peshawar,Clothing,21328,2022-03-12 19:00:00
1701,2667,Customer_1701,33,Female,Quetta,Electronics,17671,2022-03-12 20:00:00
1702,2920,Customer_1702,32,Female,Lahore,Clothing,61965,2022-03-12 21:00:00
1703,2287,Customer_1703,52,Female,Quetta,Furniture,13646,2022-03-12 22:00:00
1704,1924,Customer_1704,29,Female,Quetta,Grocery,46766,2022-03-12 23:00:00
1705,1054,Customer_1705,58,Male,Quetta,Electronics,46439,2022-03-13 00:00:00
1706,2894,Customer_1706,61,Female,Karachi,Clothing,14702,2022-03-13 01:00:00
1707,2666,Customer_1707,43,Male,Karachi,Furniture,37642,2022-03-13 02:00:00
1708,1799,Customer_1708,64,Male,Karachi,Grocery,64328,2022-03-13 03:00:00
1709,1777,Customer_1709,51,Female,Peshawar,Grocery,59546,2022-03-13 04:00:00
1710,2481,Customer_1710,40,Male,Lahore,Grocery,10349,2022-03-13 05:00:00
1711,2901,Customer_1711,48,Female,Karachi,Furniture,59772,2022-03-13 06:00:00
1712,1161,Customer_1712,37,Male,Quetta,Furniture,20939,2022-03-13 07:00:00
1713,2403,Customer_1713,29,Male,Quetta,Furniture,79372,2022-03-13 08:00:00
1714,1086,Customer_1714,40,Female,Quetta,Grocery,35844,2022-03-13 09:00:00
1715,1054,Customer_1715,21,Female,Quetta,Electronics,53776,2022-03-13 10:00:00
1716,2499,Customer_1716,40,Female,Islamabad,Clothing,5551,2022-03-13 11:00:00
1717,2823,Customer_1717,18,Female,Peshawar,Furniture,49974,2022-03-13 12:00:00
1718,2201,Customer_1718,42,Male,Lahore,Electronics,76104,2022-03-13 13:00:00
1719,2414,Customer_1719,19,Female,Lahore,Clothing,17467,2022-03-13 14:00:00
1720,2372,Customer_1720,47,Male,Karachi,Grocery,22273,2022-03-13 15:00:00
1721,2031,Customer_1721,20,Male,Islamabad,Electronics,74883,2022-03-13 16:00:00
1722,1832,Customer_1722,38,Male,Lahore,Grocery,70917,2022-03-13 17:00:00
1723,1312,Customer_1723,42,Male,Peshawar,Clothing,41682,2022-03-13 18:00:00
1724,1758,Customer_1724,37,Male,Quetta,Furniture,64089,2022-03-13 19:00:00
1725,2858,Customer_1725,39,Male,Karachi,Grocery,73735,2022-03-13 20:00:00
1726,1442,Customer_1726,38,Female,Peshawar,Electronics,24680,2022-03-13 21:00:00
1727,2790,Customer_1727,50,Male,Lahore,Furniture,64872,2022-03-13 22:00:00
1728,1327,Customer_1728,55,Male,Islamabad,Electronics,51872,2022-03-13 23:00:00
1729,2077,Customer_1729,32,Male,Karachi,Clothing,69586,2022-03-14 00:00:00
1730,1760,Customer_1730,63,Female,Lahore,Clothing,22663,2022-03-14 01:00:00
1731,2262,Customer_1731,32,Female,Karachi,Furniture,63589,2022-03-14 02:00:00
1732,2252,Customer_1732,63,Male,Lahore,Electronics,33434,2022-03-14 03:00:00
1733,1578,Customer_1733,42,Female,Quetta,Electronics,56095,2022-03-14 04:00:00
1734,2074,Customer_1734,38,Male,Islamabad,Electronics,27092,2022-03-14 05:00:00
1735,2632,Customer_1735,41,Female,Quetta,Electronics,23539,2022-03-14 06:00:00
1736,2627,Customer_1736,22,Male,Lahore,Clothing,64599,2022-03-14 07:00:00
1737,2006,Customer_1737,23,Female,Peshawar,Electronics,34518,2022-03-14 08:00:00
1738,2287,Customer_1738,60,Female,Quetta,Clothing,53658,2022-03-14 09:00:00
1739,2441,Customer_1739,61,Female,Peshawar,Electronics,5058,2022-03-14 10:00:00
1740,2826,Customer_1740,64,Male,Lahore,Electronics,32674,2022-03-14 11:00:00
1741,1095,Customer_1741,40,Male,Islamabad,Grocery,43131,2022-03-14 12:00:00
1742,2111,Customer_1742,21,Male,Peshawar,Grocery,68187,2022-03-14 13:00:00
1743,2101,Customer_1743,44,Female,Lahore,Electronics,16052,2022-03-14 14:00:00
1744,2311,Customer_1744,35,Female,Peshawar,Clothing,35565,2022-03-14 15:00:00
1745,2143,Customer_1745,38,Male,Quetta,Electronics,3114,2022-03-14 16:00:00
1746,1813,Customer_1746,45,Female,Lahore,Grocery,35147,2022-03-14 17:00:00
1747,1490,Customer_1747,52,Male,Quetta,Electronics,58440,2022-03-14 18:00:00
1748,2935,Customer_1748,39,Male,Karachi,Grocery,1120,2022-03-14 19:00:00
1749,1451,Customer_1749,57,Male,Lahore,Electronics,23582,2022-03-14 20:00:00
1750,2523,Customer_1750,40,Male,Peshawar,Furniture,22391,2022-03-14 21:00:00
1751,1164,Customer_1751,20,Female,Karachi,Electronics,62895,2022-03-14 22:00:00
1752,1181,Customer_1752,57,Female,Quetta,Clothing,51455,2022-03-14 23:00:00
1753,1468,Customer_1753,27,Female,Quetta,Grocery,32814,2022-03-15 00:00:00
1754,1909,Customer_1754,42,Male,Peshawar,Furniture,24000,2022-03-15 01:00:00
1755,1734,Customer_1755,25,Female,Karachi,Grocery,54185,2022-03-15 02:00:00
1756,1822,Customer_1756,28,Male,Islamabad,Grocery,65283,2022-03-15 03:00:00
1757,1943,Customer_1757,22,Male,Peshawar,Clothing,50689,2022-03-15 04:00:00
1758,1006,Customer_1758,62,Male,Quetta,Electronics,20067,2022-03-15 05:00:00
1759,1329,Customer_1759,54,Male,Lahore,Clothing,26478,2022-03-15 06:00:00
1760,1774,Customer_1760,62,Male,Karachi,Electronics,76589,2022-03-15 07:00:00
1761,2696,Customer_1761,55,Male,Islamabad,Furniture,10130,2022-03-15 08:00:00
1762,1150,Customer_1762,46,Female,Lahore,Clothing,12503,2022-03-15 09:00:00
1763,2108,Customer_1763,22,Female,Karachi,Clothing,41944,2022-03-15 10:00:00
1764,1146,Customer_1764,26,Female,Peshawar,Grocery,32107,2022-03-15 11:00:00
1765,2647,Customer_1765,19,Female,Peshawar,Clothing,25321,2022-03-15 12:00:00
1766,2404,Customer_1766,18,Male,Karachi,Electronics,15101,2022-03-15 13:00:00
1767,1914,Customer_1767,57,Male,Islamabad,Clothing,46404,2022-03-15 14:00:00
1768,2571,Customer_1768,47,Female,Karachi,Clothing,72157,2022-03-15 15:00:00
1769,2308,Customer_1769,28,Female,Lahore,Furniture,39057,2022-03-15 16:00:00
1770,1699,Customer_1770,45,Female,Lahore,Electronics,53023,2022-03-15 17:00:00
1771,1081,Customer_1771,61,Female,Peshawar,Grocery,51002,2022-03-15 18:00:00
1772,1513,Customer_1772,29,Female,Karachi,Electronics,22598,2022-03-15 19:00:00
1773,2920,Customer_1773,56,Female,Peshawar,Furniture,46402,2022-03-15 20:00:00
1774,1814,Customer_1774,43,Female,Islamabad,Electronics,39753,2022-03-15 21:00:00
1775,1708,Customer_1775,30,Female,Lahore,Electronics,76016,2022-03-15 22:00:00
1776,2939,Customer_1776,25,Male,Quetta,Clothing,44780,2022-03-15 23:00:00
1777,2546,Customer_1777,45,Male,Quetta,Clothing,9451,2022-03-16 00:00:00
1778,1745,Customer_1778,47,Male,Karachi,Electronics,8617,2022-03-16 01:00:00
1779,2022,Customer_1779,26,Male,Karachi,Electronics,26479,2022-03-16 02:00:00
1780,2409,Customer_1780,56,Female,Quetta,Grocery,75025,2022-03-16 03:00:00
1781,1706,Customer_1781,48,Male,Karachi,Furniture,17415,2022-03-16 04:00:00
1782,1470,Customer_1782,38,Female,Lahore,Clothing,59761,2022-03-16 05:00:00
1783,2142,Customer_1783,64,Male,Islamabad,Clothing,73464,2022-03-16 06:00:00
1784,1395,Customer_1784,51,Female,Islamabad,Clothing,70940,2022-03-16 07:00:00
1785,2555,Customer_1785,48,Female,Peshawar,Clothing,36177,2022-03-16 08:00:00
1786,1260,Customer_1786,42,Male,Lahore,Electronics,50330,2022-03-16 09:00:00
1787,1804,Customer_1787,29,Male,Karachi,Electronics,53036,2022-03-16 10:00:00
1788,1933,Customer_1788,18,Female,Karachi,Grocery,9422,2022-03-16 11:00:00
1789,2279,Customer_1789,39,Female,Peshawar,Clothing,68061,2022-03-16 12:00:00
1790,2757,Customer_1790,57,Female,Peshawar,Clothing,13720,2022-03-16 13:00:00
1791,1904,Customer_1791,54,Male,Karachi,Electronics,46458,2022-03-16 14:00:00
1792,2249,Customer_1792,64,Male,Karachi,Grocery,53880,2022-03-16 15:00:00
1793,2076,Customer_1793,18,Female,Lahore,Electronics,3266,2022-03-16 16:00:00
1794,1939,Customer_1794,18,Male,Peshawar,Clothing,33659,2022-03-16 17:00:00
1795,2890,Customer_1795,59,Female,Lahore,Clothing,11435,2022-03-16 18:00:00
1796,2523,Customer_1796,59,Male,Karachi,Furniture,4284,2022-03-16 19:00:00
1797,2529,Customer_1797,38,Male,Quetta,Furniture,20721,2022-03-16 20:00:00
1798,1853,Customer_1798,32,Male,Quetta,Furniture,29679,2022-03-16 21:00:00
1799,2387,Customer_1799,34,Male,Karachi,Grocery,18569,2022-03-16 22:00:00
1800,2303,Customer_1800,39,Male,Peshawar,Electronics,36182,2022-03-16 23:00:00
1801,1592,Customer_1801,55,Female,Quetta,Clothing,56768,2022-03-17 00:00:00
1802,1713,Customer_1802,52,Female,Peshawar,Clothing,78318,2022-03-17 01:00:00
1803,2181,Customer_1803,62,Male,Quetta,Grocery,20610,2022-03-17 02:00:00
1804,1631,Customer_1804,33,Female,Peshawar,Clothing,31732,2022-03-17 03:00:00
1805,1058,Customer_1805,25,Female,Quetta,Clothing,44773,2022-03-17 04:00:00
1806,2750,Customer_1806,64,Male,Peshawar,Electronics,70987,2022-03-17 05:00:00
1807,1127,Customer_1807,34,Female,Lahore,Furniture,55710,2022-03-17 06:00:00
1808,1735,Customer_1808,34,Male,Peshawar,Furniture,73691,2022-03-17 07:00:00
1809,1720,Customer_1809,43,Female,Lahore,Grocery,29961,2022-03-17 08:00:00
1810,2905,Customer_1810,30,Female,Lahore,Furniture,5110,2022-03-17 09:00:00
1811,2138,Customer_1811,34,Female,Karachi,Furniture,57473,2022-03-17 10:00:00
1812,2232,Customer_1812,55,Female,Lahore,Grocery,8083,2022-03-17 11:00:00
1813,1525,Customer_1813,34,Female,Islamabad,Grocery,26083,2022-03-17 12:00:00
1814,1520,Customer_1814,31,Female,Lahore,Furniture,18201,2022-03-17 13:00:00
1815,1551,Customer_1815,62,Female,Peshawar,Electronics,7380,2022-03-17 14:00:00
1816,2985,Customer_1816,23,Male,Lahore,Grocery,52345,2022-03-17 15:00:00
1817,1236,Customer_1817,52,Male,Peshawar,Clothing,72917,2022-03-17 16:00:00
1818,2304,Customer_1818,63,Male,Peshawar,Grocery,4222,2022-03-17 17:00:00
1819,2382,Customer_1819,31,Male,Islamabad,Clothing,20577,2022-03-17 18:00:00
1820,2224,Customer_1820,64,Female,Lahore,Grocery,13729,2022-03-17 19:00:00
1821,2781,Customer_1821,25,Female,Lahore,Grocery,73838,2022-03-17 20:00:00
1822,2301,Customer_1822,32,Female,Quetta,Furniture,62179,2022-03-17 21:00:00
1823,2258,Customer_1823,44,Male,Quetta,Furniture,11939,2022-03-17 22:00:00
1824,1493,Customer_1824,30,Male,Karachi,Furniture,36402,2022-03-17 23:00:00
1825,1003,Customer_1825,48,Male,Peshawar,Electronics,3098,2022-03-18 00:00:00
1826,1665,Customer_1826,52,Female,Islamabad,Furniture,4552,2022-03-18 01:00:00
1827,1441,Customer_1827,23,Male,Quetta,Furniture,13241,2022-03-18 02:00:00
1828,1028,Customer_1828,22,Female,Lahore,Grocery,69860,2022-03-18 03:00:00
1829,2132,Customer_1829,39,Male,Karachi,Grocery,36788,2022-03-18 04:00:00
1830,1609,Customer_1830,40,Female,Islamabad,Electronics,1749,2022-03-18 05:00:00
1831,2750,Customer_1831,42,Male,Lahore,Clothing,23470,2022-03-18 06:00:00
1832,1804,Customer_1832,51,Female,Lahore,Grocery,16065,2022-03-18 07:00:00
1833,1074,Customer_1833,43,Male,Peshawar,Grocery,57495,2022-03-18 08:00:00
1834,1837,Customer_1834,64,Male,Peshawar,Clothing,52156,2022-03-18 09:00:00
1835,2169,Customer_1835,22,Female,Quetta,Electronics,62634,2022-03-18 10:00:00
1836,1127,Customer_1836,43,Female,Quetta,Grocery,46265,2022-03-18 11:00:00
1837,2876,Customer_1837,37,Male,Lahore,Furniture,2514,2022-03-18 12:00:00
1838,1041,Customer_1838,23,Female,Lahore,Electronics,70980,2022-03-18 13:00:00
1839,2379,Customer_1839,23,Male,Quetta,Clothing,14512,2022-03-18 14:00:00
1840,1040,Customer_1840,35,Female,Quetta,Clothing,57998,2022-03-18 15:00:00
1841,1933,Customer_1841,21,Male,Lahore,Furniture,69276,2022-03-18 16:00:00
1842,1033,Customer_1842,34,Female,Islamabad,Furniture,62211,2022-03-18 17:00:00
1843,2040,Customer_1843,31,Male,Lahore,Furniture,43030,2022-03-18 18:00:00
1844,2700,Customer_1844,31,Male,Islamabad,Electronics,79767,2022-03-18 19:00:00
1845,2176,Customer_1845,30,Male,Islamabad,Clothing,18518,2022-03-18 20:00:00
1846,1997,Customer_1846,24,Female,Lahore,Furniture,18416,2022-03-18 21:00:00
1847,2401,Customer_1847,61,Male,Karachi,Furniture,40876,2022-03-18 22:00:00
1848,1587,Customer_1848,32,Female,Quetta,Clothing,65546,2022-03-18 23:00:00
1849,2622,Customer_1849,36,Female,Peshawar,Grocery,59242,2022-03-19 00:00:00
1850,2652,Customer_1850,60,Female,Lahore,Electronics,77625,2022-03-19 01:00:00
1851,2897,Customer_1851,64,Male,Islamabad,Grocery,12937,2022-03-19 02:00:00
1852,1341,Customer_1852,61,Female,Lahore,Furniture,62646,2022-03-19 03:00:00
1853,1026,Customer_1853,52,Female,Quetta,Electronics,28118,2022-03-19 04:00:00
1854,2848,Customer_1854,34,Female,Islamabad,Grocery,51267,2022-03-19 05:00:00
1855,2310,Customer_1855,52,Male,Peshawar,Clothing,10205,2022-03-19 06:00:00
1856,1645,Customer_1856,36,Female,Peshawar,Furniture,57646,2022-03-19 07:00:00
1857,1730,Customer_1857,37,Female,Peshawar,Electronics,52250,2022-03-19 08:00:00
1858,1167,Customer_1858,53,Female,Karachi,Electronics,44879,2022-03-19 09:00:00
1859,1609,Customer_1859,52,Female,Islamabad,Electronics,53182,2022-03-19 10:00:00
1860,1267,Customer_1860,49,Male,Islamabad,Electronics,65213,2022-03-19 11:00:00
1861,2772,Customer_1861,61,Male,Karachi,Furniture,57419,2022-03-19 12:00:00
1862,1820,Customer_1862,57,Female,Islamabad,Furniture,60884,2022-03-19 13:00:00
1863,1454,Customer_1863,41,Female,Karachi,Clothing,51628,2022-03-19 14:00:00
1864,1905,Customer_1864,34,Female,Lahore,Clothing,2335,2022-03-19 15:00:00
1865,2708,Customer_1865,24,Female,Quetta,Clothing,21783,2022-03-19 16:00:00
1866,2424,Customer_1866,60,Male,Peshawar,Grocery,50006,2022-03-19 17:00:00
1867,1921,Customer_1867,18,Male,Karachi,Clothing,54125,2022-03-19 18:00:00
1868,1980,Customer_1868,52,Male,Karachi,Furniture,36463,2022-03-19 19:00:00
1869,2499,Customer_1869,49,Male,Karachi,Grocery,9679,2022-03-19 20:00:00
1870,1701,Customer_1870,53,Female,Lahore,Furniture,12455,2022-03-19 21:00:00
1871,1633,Customer_1871,30,Female,Karachi,Grocery,7698,2022-03-19 22:00:00
1872,2581,Customer_1872,23,Male,Quetta,Clothing,67656,2022-03-19 23:00:00
1873,2599,Customer_1873,31,Male,Quetta,Clothing,45088,2022-03-20 00:00:00
1874,1129,Customer_1874,54,Female,Peshawar,Clothing,12266,2022-03-20 01:00:00
1875,2019,Customer_1875,32,Female,Lahore,Grocery,54070,2022-03-20 02:00:00
1876,2845,Customer_1876,64,Female,Quetta,Furniture,70374,2022-03-20 03:00:00
1877,2386,Customer_1877,21,Female,Islamabad,Electronics,49179,2022-03-20 04:00:00
1878,2728,Customer_1878,57,Female,Islamabad,Furniture,5801,2022-03-20 05:00:00
1879,1818,Customer_1879,33,Male,Islamabad,Clothing,15644,2022-03-20 06:00:00
1880,1692,Customer_1880,45,Male,Karachi,Grocery,14284,2022-03-20 07:00:00
1881,2315,Customer_1881,33,Female,Karachi,Grocery,68459,2022-03-20 08:00:00
1882,2394,Customer_1882,21,Female,Islamabad,Clothing,8772,2022-03-20 09:00:00
1883,1793,Customer_1883,62,Male,Peshawar,Grocery,2073,2022-03-20 10:00:00
1884,1028,Customer_1884,43,Female,Peshawar,Clothing,24919,2022-03-20 11:00:00
1885,1148,Customer_1885,45,Male,Karachi,Furniture,49055,2022-03-20 12:00:00
1886,2802,Customer_1886,49,Male,Islamabad,Grocery,5676,2022-03-20 13:00:00
1887,2319,Customer_1887,62,Male,Peshawar,Electronics,36661,2022-03-20 14:00:00
1888,1010,Customer_1888,19,Male,Karachi,Grocery,63940,2022-03-20 15:00:00
1889,2535,Customer_1889,48,Female,Islamabad,Clothing,59362,2022-03-20 16:00:00
1890,1675,Customer_1890,20,Female,Lahore,Electronics,15664,2022-03-20 17:00:00
1891,2136,Customer_1891,25,Male,Islamabad,Clothing,78258,2022-03-20 18:00:00
1892,1186,Customer_1892,41,Female,Islamabad,Grocery,25879,2022-03-20 19:00:00
1893,1806,Customer_1893,32,Female,Quetta,Electronics,18868,2022-03-20 20:00:00
1894,1743,Customer_1894,60,Female,Quetta,Electronics,33271,2022-03-20 21:00:00
1895,2250,Customer_1895,48,Female,Lahore,Grocery,65450,2022-03-20 22:00:00
1896,2333,Customer_1896,26,Male,Lahore,Electronics,40745,2022-03-20 23:00:00
1897,1097,Customer_1897,56,Female,Islamabad,Furniture,73292,2022-03-21 00:00:00
1898,1054,Customer_1898,62,Male,Peshawar,Electronics,43827,2022-03-21 01:00:00
1899,1622,Customer_1899,19,Male,Lahore,Electronics,46954,2022-03-21 02:00:00
1900,1663,Customer_1900,25,Female,Islamabad,Furniture,47241,2022-03-21 03:00:00
1901,1757,Customer_1901,24,Male,Karachi,Clothing,32477,2022-03-21 04:00:00
1902,1405,Customer_1902,61,Female,Quetta,Clothing,7214,2022-03-21 05:00:00
1903,1068,Customer_1903,56,Female,Peshawar,Furniture,77737,2022-03-21 06:00:00
1904,2335,Customer_1904,59,Male,Islamabad,Electronics,15391,2022-03-21 07:00:00
1905,2312,Customer_1905,33,Female,Karachi,Grocery,52799,2022-03-21 08:00:00
1906,2785,Customer_1906,52,Male,Quetta,Furniture,65667,2022-03-21 09:00:00
1907,2571,Customer_1907,47,Male,Karachi,Grocery,65624,2022-03-21 10:00:00
1908,1750,Customer_1908,27,Female,Islamabad,Clothing,59139,2022-03-21 11:00:00
1909,2171,Customer_1909,55,Female,Lahore,Furniture,41412,2022-03-21 12:00:00
1910,2490,Customer_1910,35,Female,Quetta,Grocery,75952,2022-03-21 13:00:00
1911,2762,Customer_1911,22,Male,Karachi,Electronics,68946,2022-03-21 14:00:00
1912,2267,Customer_1912,46,Female,Lahore,Furniture,62016,2022-03-21 15:00:00
1913,2514,Customer_1913,56,Male,Peshawar,Grocery,44750,2022-03-21 16:00:00
1914,2872,Customer_1914,51,Male,Islamabad,Furniture,36616,2022-03-21 17:00:00
1915,1957,Customer_1915,60,Female,Islamabad,Furniture,22651,2022-03-21 18:00:00
1916,2530,Customer_1916,62,Female,Quetta,Clothing,71866,2022-03-21 19:00:00
1917,1364,Customer_1917,40,Female,Karachi,Clothing,44797,2022-03-21 20:00:00
1918,1481,Customer_1918,22,Male,Peshawar,Electronics,41388,2022-03-21 21:00:00
1919,1200,Customer_1919,47,Female,Quetta,Clothing,56695,2022-03-21 22:00:00
1920,1153,Customer_1920,23,Male,Quetta,Clothing,71516,2022-03-21 23:00:00
1921,2473,Customer_1921,63,Female,Karachi,Clothing,75479,2022-03-22 00:00:00
1922,2524,Customer_1922,61,Female,Peshawar,Grocery,54834,2022-03-22 01:00:00
1923,1072,Customer_1923,21,Male,Karachi,Furniture,68845,2022-03-22 02:00:00
1924,1712,Customer_1924,46,Male,Islamabad,Clothing,40261,2022-03-22 03:00:00
1925,1295,Customer_1925,40,Female,Lahore,Grocery,27430,2022-03-22 04:00:00
1926,2040,Customer_1926,23,Female,Islamabad,Furniture,59617,2022-03-22 05:00:00
1927,2664,Customer_1927,49,Female,Islamabad,Clothing,23595,2022-03-22 06:00:00
1928,2240,Customer_1928,59,Female,Quetta,Clothing,77982,2022-03-22 07:00:00
1929,1060,Customer_1929,35,Female,Islamabad,Furniture,4491,2022-03-22 08:00:00
1930,1938,Customer_1930,32,Male,Peshawar,Grocery,24019,2022-03-22 09:00:00
1931,2639,Customer_1931,57,Male,Islamabad,Grocery,27157,2022-03-22 10:00:00
1932,1041,Customer_1932,49,Male,Peshawar,Electronics,1326,2022-03-22 11:00:00
1933,1024,Customer_1933,26,Male,Karachi,Furniture,43125,2022-03-22 12:00:00
1934,2062,Customer_1934,54,Female,Quetta,Electronics,18301,2022-03-22 13:00:00
1935,2826,Customer_1935,27,Male,Peshawar,Grocery,30346,2022-03-22 14:00:00
1936,1130,Customer_1936,37,Male,Islamabad,Clothing,40066,2022-03-22 15:00:00
1937,2521,Customer_1937,23,Male,Quetta,Electronics,23657,2022-03-22 16:00:00
1938,2252,Customer_1938,20,Female,Quetta,Grocery,28863,2022-03-22 17:00:00
1939,1107,Customer_1939,59,Male,Peshawar,Grocery,51059,2022-03-22 18:00:00
1940,1171,Customer_1940,28,Female,Peshawar,Clothing,5636,2022-03-22 19:00:00
1941,2458,Customer_1941,60,Male,Lahore,Furniture,58437,2022-03-22 20:00:00
1942,2501,Customer_1942,34,Female,Lahore,Grocery,17921,2022-03-22 21:00:00
1943,1101,Customer_1943,49,Male,Quetta,Electronics,78527,2022-03-22 22:00:00
1944,1865,Customer_1944,21,Female,Lahore,Clothing,8046,2022-03-22 23:00:00
1945,1523,Customer_1945,21,Male,Islamabad,Furniture,71939,2022-03-23 00:00:00
1946,1274,Customer_1946,34,Female,Karachi,Furniture,47123,2022-03-23 01:00:00
1947,2636,Customer_1947,58,Female,Quetta,Furniture,16906,2022-03-23 02:00:00
1948,2067,Customer_1948,36,Male,Karachi,Grocery,10325,2022-03-23 03:00:00
1949,2978,Customer_1949,22,Female,Lahore,Furniture,72323,2022-03-23 04:00:00
1950,1816,Customer_1950,49,Female,Peshawar,Grocery,34673,2022-03-23 05:00:00
1951,1956,Customer_1951,39,Male,Quetta,Clothing,56119,2022-03-23 06:00:00
1952,2040,Customer_1952,23,Male,Lahore,Clothing,8423,2022-03-23 07:00:00
1953,1329,Customer_1953,52,Female,Islamabad,Furniture,34874,2022-03-23 08:00:00
1954,2592,Customer_1954,39,Male,Quetta,Clothing,62213,2022-03-23 09:00:00
1955,2846,Customer_1955,18,Male,Quetta,Electronics,41911,2022-03-23 10:00:00
1956,2520,Customer_1956,37,Male,Peshawar,Electronics,64868,2022-03-23 11:00:00
1957,2838,Customer_1957,39,Female,Quetta,Grocery,8816,2022-03-23 12:00:00
1958,1011,Customer_1958,28,Female,Peshawar,Furniture,11056,2022-03-23 13:00:00
1959,2341,Customer_1959,30,Female,Lahore,Grocery,10558,2022-03-23 14:00:00
1960,2615,Customer_1960,59,Female,Islamabad,Clothing,25982,2022-03-23 15:00:00
1961,1215,Customer_1961,20,Female,Islamabad,Furniture,44994,2022-03-23 16:00:00
1962,1338,Customer_1962,26,Female,Quetta,Grocery,25505,2022-03-23 17:00:00
1963,2799,Customer_1963,29,Female,Quetta,Furniture,32981,2022-03-23 18:00:00
1964,1660,Customer_1964,40,Male,Lahore,Furniture,28901,2022-03-23 19:00:00
1965,2104,Customer_1965,31,Female,Peshawar,Grocery,40931,2022-03-23 20:00:00
1966,2750,Customer_1966,50,Female,Islamabad,Furniture,64959,2022-03-23 21:00:00
1967,2508,Customer_1967,35,Male,Peshawar,Clothing,79182,2022-03-23 22:00:00
1968,1373,Customer_1968,58,Male,Lahore,Electronics,77289,2022-03-23 23:00:00
1969,1975,Customer_1969,26,Male,Islamabad,Electronics,49004,2022-03-24 00:00:00
1970,1709,Customer_1970,40,Female,Islamabad,Furniture,3723,2022-03-24 01:00:00
1971,2223,Customer_1971,27,Male,Karachi,Electronics,71477,2022-03-24 02:00:00
1972,2560,Customer_1972,36,Female,Lahore,Furniture,40649,2022-03-24 03:00:00
1973,1465,Customer_1973,64,Female,Lahore,Grocery,13363,2022-03-24 04:00:00
1974,2112,Customer_1974,22,Female,Karachi,Clothing,30064,2022-03-24 05:00:00
1975,2291,Customer_1975,64,Male,Peshawar,Electronics,22999,2022-03-24 06:00:00
1976,2678,Customer_1976,40,Male,Karachi,Grocery,32632,2022-03-24 07:00:00
1977,2594,Customer_1977,47,Female,Lahore,Clothing,5033,2022-03-24 08:00:00
1978,2945,Customer_1978,42,Female,Peshawar,Electronics,34909,2022-03-24 09:00:00
1979,1488,Customer_1979,45,Female,Islamabad,Electronics,23487,2022-03-24 10:00:00
1980,2900,Customer_1980,51,Male,Karachi,Clothing,11133,2022-03-24 11:00:00
1981,2561,Customer_1981,62,Female,Peshawar,Grocery,56707,2022-03-24 12:00:00
1982,1046,Customer_1982,64,Male,Peshawar,Grocery,51035,2022-03-24 13:00:00
1983,2311,Customer_1983,42,Female,Peshawar,Electronics,4496,2022-03-24 14:00:00
1984,1777,Customer_1984,27,Male,Karachi,Clothing,514,2022-03-24 15:00:00
1985,2039,Customer_1985,31,Female,Islamabad,Grocery,2174,2022-03-24 16:00:00
1986,1710,Customer_1986,59,Male,Peshawar,Clothing,38367,2022-03-24 17:00:00
1987,1400,Customer_1987,63,Male,Karachi,Clothing,57751,2022-03-24 18:00:00
1988,2942,Customer_1988,47,Male,Lahore,Electronics,56209,2022-03-24 19:00:00
1989,2817,Customer_1989,58,Male,Karachi,Clothing,18364,2022-03-24 20:00:00
1990,1980,Customer_1990,42,Male,Karachi,Clothing,26821,2022-03-24 21:00:00
1991,2109,Customer_1991,31,Male,Karachi,Furniture,24582,2022-03-24 22:00:00
1992,1249,Customer_1992,52,Female,Peshawar,Clothing,40631,2022-03-24 23:00:00
1993,1390,Customer_1993,51,Female,Karachi,Grocery,71993,2022-03-25 00:00:00
1994,2805,Customer_1994,27,Female,Lahore,Electronics,4710,2022-03-25 01:00:00
1995,1334,Customer_1995,52,Female,Peshawar,Electronics,65086,2022-03-25 02:00:00
1996,1628,Customer_1996,28,Male,Lahore,Clothing,35351,2022-03-25 03:00:00
1997,2542,Customer_1997,28,Female,Quetta,Clothing,27365,2022-03-25 04:00:00
1998,1136,Customer_1998,38,Male,Karachi,Grocery,4658,2022-03-25 05:00:00
1999,1882,Customer_1999,38,Male,Peshawar,Furniture,58352,2022-03-25 06:00:00
2000,1687,Customer_2000,39,Male,Peshawar,Electronics,49839,2022-03-25 07:00:00
2001,2863,Customer_2001,62,Female,Karachi,Furniture,21072,2022-03-25 08:00:00
2002,2521,Customer_2002,24,Male,Islamabad,Grocery,4600,2022-03-25 09:00:00
2003,1826,Customer_2003,34,Female,Islamabad,Electronics,44969,2022-03-25 10:00:00
2004,1726,Customer_2004,19,Female,Lahore,Grocery,61361,2022-03-25 11:00:00
2005,2500,Customer_2005,29,Female,Karachi,Clothing,18956,2022-03-25 12:00:00
2006,1593,Customer_2006,59,Female,Karachi,Grocery,56303,2022-03-25 13:00:00
2007,2246,Customer_2007,35,Female,Quetta,Clothing,66133,2022-03-25 14:00:00
2008,1989,Customer_2008,28,Male,Islamabad,Furniture,75519,2022-03-25 15:00:00
2009,1371,Customer_2009,33,Male,Islamabad,Electronics,36732,2022-03-25 16:00:00
2010,1934,Customer_2010,35,Female,Karachi,Electronics,67823,2022-03-25 17:00:00
2011,1994,Customer_2011,52,Male,Lahore,Furniture,22288,2022-03-25 18:00:00
2012,1401,Customer_2012,43,Female,Karachi,Clothing,16592,2022-03-25 19:00:00
2013,2466,Customer_2013,33,Male,Lahore,Electronics,1632,2022-03-25 20:00:00
2014,2513,Customer_2014,23,Male,Islamabad,Grocery,78350,2022-03-25 21:00:00
2015,1614,Customer_2015,61,Male,Quetta,Clothing,13568,2022-03-25 22:00:00
2016,2296,Customer_2016,60,Male,Peshawar,Electronics,47901,2022-03-25 23:00:00
2017,2549,Customer_2017,64,Male,Islamabad,Grocery,49026,2022-03-26 00:00:00
2018,2182,Customer_2018,64,Male,Lahore,Grocery,59458,2022-03-26 01:00:00
2019,2175,Customer_2019,59,Male,Karachi,Electronics,77093,2022-03-26 02:00:00
2020,1994,Customer_2020,29,Male,Islamabad,Furniture,55541,2022-03-26 03:00:00
2021,1619,Customer_2021,30,Male,Quetta,Furniture,63872,2022-03-26 04:00:00
2022,1187,Customer_2022,21,Male,Lahore,Electronics,68062,2022-03-26 05:00:00
2023,2836,Customer_2023,56,Male,Karachi,Grocery,64546,2022-03-26 06:00:00
2024,2121,Customer_2024,19,Male,Peshawar,Furniture,68586,2022-03-26 07:00:00
2025,1130,Customer_2025,43,Male,Lahore,Furniture,7589,2022-03-26 08:00:00
2026,1804,Customer_2026,44,Female,Karachi,Furniture,17123,2022-03-26 09:00:00
2027,2194,Customer_2027,44,Male,Peshawar,Clothing,50141,2022-03-26 10:00:00
2028,1935,Customer_2028,32,Male,Karachi,Furniture,12543,2022-03-26 11:00:00
2029,1985,Customer_2029,25,Male,Peshawar,Electronics,67072,2022-03-26 12:00:00
2030,1182,Customer_2030,24,Male,Peshawar,Electronics,64636,2022-03-26 13:00:00
2031,1982,Customer_2031,64,Male,Peshawar,Clothing,57561,2022-03-26 14:00:00
2032,1363,Customer_2032,63,Male,Karachi,Clothing,6622,2022-03-26 15:00:00
2033,1038,Customer_2033,57,Female,Peshawar,Electronics,47846,2022-03-26 16:00:00
2034,2550,Customer_2034,29,Female,Lahore,Clothing,16650,2022-03-26 17:00:00
2035,2911,Customer_2035,30,Female,Quetta,Furniture,77728,2022-03-26 18:00:00
2036,1496,Customer_2036,60,Male,Quetta,Grocery,12554,2022-03-26 19:00:00
2037,2539,Customer_2037,34,Male,Peshawar,Grocery,2267,2022-03-26 20:00:00
2038,2372,Customer_2038,34,Male,Quetta,Grocery,5208,2022-03-26 21:00:00
2039,1981,Customer_2039,53,Female,Quetta,Electronics,58499,2022-03-26 22:00:00
2040,1920,Customer_2040,38,Male,Peshawar,Clothing,52658,2022-03-26 23:00:00
2041,2420,Customer_2041,25,Male,Peshawar,Grocery,29792,2022-03-27 00:00:00
2042,1721,Customer_2042,22,Female,Lahore,Furniture,28582,2022-03-27 01:00:00
2043,2184,Customer_2043,43,Female,Islamabad,Furniture,34524,2022-03-27 02:00:00
2044,1015,Customer_2044,33,Male,Karachi,Furniture,23961,2022-03-27 03:00:00
2045,1492,Customer_2045,53,Male,Peshawar,Clothing,5851,2022-03-27 04:00:00
2046,2449,Customer_2046,45,Male,Peshawar,Grocery,47531,2022-03-27 05:00:00
2047,2131,Customer_2047,46,Male,Quetta,Furniture,40218,2022-03-27 06:00:00
2048,1893,Customer_2048,64,Female,Lahore,Clothing,13277,2022-03-27 07:00:00
2049,2473,Customer_2049,29,Male,Quetta,Furniture,8808,2022-03-27 08:00:00
2050,1310,Customer_2050,54,Male,Peshawar,Grocery,43941,2022-03-27 09:00:00
2051,1738,Customer_2051,47,Female,Peshawar,Grocery,14382,2022-03-27 10:00:00
2052,2193,Customer_2052,40,Male,Quetta,Grocery,5214,2022-03-27 11:00:00
2053,1545,Customer_2053,33,Male,Peshawar,Grocery,43932,2022-03-27 12:00:00
2054,1413,Customer_2054,31,Female,Islamabad,Grocery,18158,2022-03-27 13:00:00
2055,1250,Customer_2055,27,Female,Karachi,Furniture,69745,2022-03-27 14:00:00
2056,1758,Customer_2056,24,Male,Karachi,Grocery,77527,2022-03-27 15:00:00
2057,2804,Customer_2057,62,Female,Karachi,Furniture,51308,2022-03-27 16:00:00
2058,2164,Customer_2058,54,Female,Islamabad,Grocery,40030,2022-03-27 17:00:00
2059,2297,Customer_2059,46,Male,Peshawar,Furniture,9334,2022-03-27 18:00:00
2060,2439,Customer_2060,20,Female,Quetta,Grocery,14858,2022-03-27 19:00:00
2061,2631,Customer_2061,32,Male,Lahore,Furniture,10372,2022-03-27 20:00:00
2062,2762,Customer_2062,53,Male,Peshawar,Grocery,59194,2022-03-27 21:00:00
2063,2914,Customer_2063,64,Male,Islamabad,Clothing,50821,2022-03-27 22:00:00
2064,2062,Customer_2064,63,Male,Islamabad,Furniture,74209,2022-03-27 23:00:00
2065,1813,Customer_2065,36,Female,Karachi,Clothing,17185,2022-03-28 00:00:00
2066,1028,Customer_2066,30,Male,Peshawar,Furniture,11833,2022-03-28 01:00:00
2067,1957,Customer_2067,59,Male,Karachi,Furniture,11856,2022-03-28 02:00:00
2068,1476,Customer_2068,38,Male,Lahore,Furniture,41084,2022-03-28 03:00:00
2069,1317,Customer_2069,54,Male,Karachi,Electronics,51862,2022-03-28 04:00:00
2070,1244,Customer_2070,44,Female,Lahore,Grocery,11844,2022-03-28 05:00:00
2071,1747,Customer_2071,46,Female,Islamabad,Clothing,45119,2022-03-28 06:00:00
2072,1696,Customer_2072,37,Female,Karachi,Clothing,2443,2022-03-28 07:00:00
2073,1271,Customer_2073,42,Male,Karachi,Furniture,60717,2022-03-28 08:00:00
2074,2463,Customer_2074,23,Female,Quetta,Clothing,21521,2022-03-28 09:00:00
2075,2771,Customer_2075,53,Female,Islamabad,Clothing,8848,2022-03-28 10:00:00
2076,2262,Customer_2076,19,Male,Quetta,Clothing,77786,2022-03-28 11:00:00
2077,1376,Customer_2077,39,Female,Lahore,Clothing,71421,2022-03-28 12:00:00
2078,1265,Customer_2078,49,Male,Lahore,Electronics,17139,2022-03-28 13:00:00
2079,1925,Customer_2079,33,Female,Islamabad,Furniture,65066,2022-03-28 14:00:00
2080,1920,Customer_2080,35,Female,Lahore,Clothing,42511,2022-03-28 15:00:00
2081,2382,Customer_2081,22,Female,Islamabad,Electronics,19140,2022-03-28 16:00:00
2082,1339,Customer_2082,53,Female,Lahore,Electronics,35902,2022-03-28 17:00:00
2083,1388,Customer_2083,47,Male,Peshawar,Furniture,65588,2022-03-28 18:00:00
2084,1576,Customer_2084,62,Male,Karachi,Grocery,60740,2022-03-28 19:00:00
2085,2712,Customer_2085,36,Female,Peshawar,Grocery,2391,2022-03-28 20:00:00
2086,1002,Customer_2086,40,Male,Islamabad,Grocery,28759,2022-03-28 21:00:00
2087,2452,Customer_2087,51,Female,Islamabad,Clothing,63521,2022-03-28 22:00:00
2088,2165,Customer_2088,30,Female,Peshawar,Furniture,29487,2022-03-28 23:00:00
2089,1375,Customer_2089,60,Female,Karachi,Grocery,53116,2022-03-29 00:00:00
2090,2693,Customer_2090,46,Female,Karachi,Clothing,11183,2022-03-29 01:00:00
2091,1323,Customer_2091,53,Female,Quetta,Furniture,61583,2022-03-29 02:00:00
2092,1145,Customer_2092,39,Female,Lahore,Clothing,10467,2022-03-29 03:00:00
2093,2981,Customer_2093,64,Male,Quetta,Grocery,78164,2022-03-29 04:00:00
2094,1292,Customer_2094,53,Male,Karachi,Grocery,40694,2022-03-29 05:00:00
2095,2688,Customer_2095,26,Female,Peshawar,Electronics,63161,2022-03-29 06:00:00
2096,1431,Customer_2096,56,Male,Lahore,Electronics,72807,2022-03-29 07:00:00
2097,1704,Customer_2097,36,Female,Peshawar,Furniture,43952,2022-03-29 08:00:00
2098,1948,Customer_2098,55,Male,Quetta,Clothing,13357,2022-03-29 09:00:00
2099,2998,Customer_2099,23,Male,Islamabad,Clothing,31801,2022-03-29 10:00:00
2100,1584,Customer_2100,64,Male,Peshawar,Grocery,56400,2022-03-29 11:00:00
2101,1398,Customer_2101,32,Female,Quetta,Grocery,31960,2022-03-29 12:00:00
2102,1816,Customer_2102,37,Male,Quetta,Furniture,50300,2022-03-29 13:00:00
2103,2912,Customer_2103,26,Female,Quetta,Electronics,10332,2022-03-29 14:00:00
2104,2367,Customer_2104,49,Female,Islamabad,Grocery,47908,2022-03-29 15:00:00
2105,1963,Customer_2105,21,Female,Islamabad,Clothing,13126,2022-03-29 16:00:00
2106,2163,Customer_2106,35,Male,Islamabad,Grocery,58372,2022-03-29 17:00:00
2107,1186,Customer_2107,22,Male,Lahore,Electronics,79459,2022-03-29 18:00:00
2108,2828,Customer_2108,37,Male,Islamabad,Clothing,17302,2022-03-29 19:00:00
2109,1060,Customer_2109,40,Female,Islamabad,Electronics,16833,2022-03-29 20:00:00
2110,1938,Customer_2110,28,Female,Islamabad,Furniture,35620,2022-03-29 21:00:00
2111,2403,Customer_2111,54,Male,Peshawar,Furniture,22659,2022-03-29 22:00:00
2112,1709,Customer_2112,39,Female,Islamabad,Electronics,25160,2022-03-29 23:00:00
2113,1806,Customer_2113,21,Male,Lahore,Clothing,57343,2022-03-30 00:00:00
2114,2463,Customer_2114,46,Male,Quetta,Electronics,35019,2022-03-30 01:00:00
2115,2342,Customer_2115,61,Male,Peshawar,Grocery,45435,2022-03-30 02:00:00
2116,2325,Customer_2116,51,Male,Karachi,Grocery,23007,2022-03-30 03:00:00
2117,2367,Customer_2117,30,Female,Islamabad,Electronics,71560,2022-03-30 04:00:00
2118,1010,Customer_2118,59,Male,Quetta,Grocery,57723,2022-03-30 05:00:00
2119,2085,Customer_2119,26,Male,Quetta,Electronics,28175,2022-03-30 06:00:00
2120,2868,Customer_2120,59,Male,Peshawar,Grocery,18173,2022-03-30 07:00:00
2121,1225,Customer_2121,48,Male,Karachi,Electronics,35970,2022-03-30 08:00:00
2122,2176,Customer_2122,24,Male,Lahore,Grocery,42103,2022-03-30 09:00:00
2123,2734,Customer_2123,21,Male,Quetta,Clothing,31730,2022-03-30 10:00:00
2124,1563,Customer_2124,36,Male,Quetta,Clothing,15042,2022-03-30 11:00:00
2125,1771,Customer_2125,59,Female,Quetta,Grocery,61907,2022-03-30 12:00:00
2126,2594,Customer_2126,47,Female,Quetta,Electronics,54321,2022-03-30 13:00:00
2127,2607,Customer_2127,48,Female,Peshawar,Grocery,36190,2022-03-30 14:00:00
2128,2683,Customer_2128,52,Female,Karachi,Furniture,7154,2022-03-30 15:00:00
2129,2884,Customer_2129,38,Male,Quetta,Furniture,68057,2022-03-30 16:00:00
2130,2598,Customer_2130,48,Female,Lahore,Electronics,27946,2022-03-30 17:00:00
2131,2333,Customer_2131,36,Female,Lahore,Grocery,48984,2022-03-30 18:00:00
2132,1884,Customer_2132,48,Female,Islamabad,Grocery,44578,2022-03-30 19:00:00
2133,2266,Customer_2133,49,Male,Quetta,Clothing,4725,2022-03-30 20:00:00
2134,2516,Customer_2134,19,Female,Quetta,Electronics,75245,2022-03-30 21:00:00
2135,2389,Customer_2135,27,Female,Quetta,Furniture,45987,2022-03-30 22:00:00
2136,2353,Customer_2136,19,Male,Quetta,Furniture,69176,2022-03-30 23:00:00
2137,2130,Customer_2137,19,Female,Quetta,Electronics,12221,2022-03-31 00:00:00
2138,1225,Customer_2138,41,Male,Lahore,Furniture,3087,2022-03-31 01:00:00
2139,1824,Customer_2139,34,Female,Karachi,Electronics,39937,2022-03-31 02:00:00
2140,1217,Customer_2140,49,Male,Karachi,Furniture,19489,2022-03-31 03:00:00
2141,1936,Customer_2141,33,Female,Islamabad,Furniture,33226,2022-03-31 04:00:00
2142,1752,Customer_2142,33,Female,Lahore,Electronics,71040,2022-03-31 05:00:00
2143,1505,Customer_2143,63,Female,Quetta,Electronics,41668,2022-03-31 06:00:00
2144,1258,Customer_2144,56,Male,Karachi,Furniture,65169,2022-03-31 07:00:00
2145,2911,Customer_2145,48,Female,Peshawar,Furniture,73540,2022-03-31 08:00:00
2146,2797,Customer_2146,60,Male,Peshawar,Clothing,72116,2022-03-31 09:00:00
2147,2540,Customer_2147,41,Male,Peshawar,Grocery,7908,2022-03-31 10:00:00
2148,2796,Customer_2148,18,Male,Quetta,Electronics,4653,2022-03-31 11:00:00
2149,1053,Customer_2149,28,Male,Quetta,Electronics,11555,2022-03-31 12:00:00
2150,2070,Customer_2150,38,Female,Islamabad,Grocery,20260,2022-03-31 13:00:00
2151,1726,Customer_2151,21,Female,Islamabad,Clothing,18252,2022-03-31 14:00:00
2152,1688,Customer_2152,24,Female,Islamabad,Furniture,4300,2022-03-31 15:00:00
2153,2544,Customer_2153,43,Male,Peshawar,Furniture,67073,2022-03-31 16:00:00
2154,2122,Customer_2154,64,Female,Quetta,Clothing,30554,2022-03-31 17:00:00
2155,2043,Customer_2155,29,Male,Peshawar,Clothing,62316,2022-03-31 18:00:00
2156,2913,Customer_2156,48,Male,Islamabad,Grocery,27366,2022-03-31 19:00:00
2157,2776,Customer_2157,34,Male,Quetta,Grocery,1492,2022-03-31 20:00:00
2158,2596,Customer_2158,50,Female,Lahore,Furniture,24196,2022-03-31 21:00:00
2159,2914,Customer_2159,28,Female,Karachi,Clothing,60782,2022-03-31 22:00:00
2160,2513,Customer_2160,45,Male,Karachi,Clothing,74041,2022-03-31 23:00:00
2161,1418,Customer_2161,49,Female,Islamabad,Furniture,53338,2022-04-01 00:00:00
2162,1689,Customer_2162,18,Female,Peshawar,Furniture,29900,2022-04-01 01:00:00
2163,1849,Customer_2163,64,Male,Lahore,Furniture,18065,2022-04-01 02:00:00
2164,1061,Customer_2164,45,Male,Quetta,Furniture,40085,2022-04-01 03:00:00
2165,2168,Customer_2165,59,Female,Peshawar,Furniture,35333,2022-04-01 04:00:00
2166,1215,Customer_2166,24,Male,Islamabad,Grocery,12594,2022-04-01 05:00:00
2167,1002,Customer_2167,19,Male,Peshawar,Furniture,31780,2022-04-01 06:00:00
2168,1159,Customer_2168,59,Female,Islamabad,Clothing,47147,2022-04-01 07:00:00
2169,2762,Customer_2169,41,Female,Karachi,Electronics,44878,2022-04-01 08:00:00
2170,1780,Customer_2170,21,Male,Karachi,Grocery,20013,2022-04-01 09:00:00
2171,2143,Customer_2171,61,Female,Peshawar,Clothing,654,2022-04-01 10:00:00
2172,1892,Customer_2172,36,Male,Lahore,Electronics,28634,2022-04-01 11:00:00
2173,2112,Customer_2173,43,Male,Quetta,Grocery,9178,2022-04-01 12:00:00
2174,1328,Customer_2174,28,Female,Islamabad,Furniture,6794,2022-04-01 13:00:00
2175,1579,Customer_2175,57,Male,Quetta,Grocery,10074,2022-04-01 14:00:00
2176,2933,Customer_2176,60,Male,Karachi,Furniture,35683,2022-04-01 15:00:00
2177,2380,Customer_2177,28,Male,Lahore,Furniture,49247,2022-04-01 16:00:00
2178,2633,Customer_2178,62,Female,Lahore,Furniture,67106,2022-04-01 17:00:00
2179,2290,Customer_2179,20,Female,Quetta,Electronics,19138,2022-04-01 18:00:00
2180,2640,Customer_2180,29,Female,Karachi,Grocery,57694,2022-04-01 19:00:00
2181,1951,Customer_2181,20,Male,Quetta,Furniture,48053,2022-04-01 20:00:00
2182,2346,Customer_2182,59,Male,Peshawar,Clothing,26582,2022-04-01 21:00:00
2183,1634,Customer_2183,44,Female,Lahore,Grocery,16806,2022-04-01 22:00:00
2184,1987,Customer_2184,19,Female,Lahore,Clothing,8307,2022-04-01 23:00:00
2185,2564,Customer_2185,33,Female,Peshawar,Electronics,51842,2022-04-02 00:00:00
2186,2672,Customer_2186,19,Male,Karachi,Electronics,32643,2022-04-02 01:00:00
2187,2218,Customer_2187,47,Female,Lahore,Grocery,58914,2022-04-02 02:00:00
2188,1920,Customer_2188,37,Male,Islamabad,Electronics,25215,2022-04-02 03:00:00
2189,1737,Customer_2189,55,Female,Islamabad,Electronics,62554,2022-04-02 04:00:00
2190,2355,Customer_2190,45,Male,Karachi,Grocery,73434,2022-04-02 05:00:00
2191,1169,Customer_2191,42,Male,Peshawar,Clothing,12702,2022-04-02 06:00:00
2192,1520,Customer_2192,49,Female,Quetta,Furniture,28487,2022-04-02 07:00:00
2193,2486,Customer_2193,27,Male,Karachi,Grocery,36240,2022-04-02 08:00:00
2194,1039,Customer_2194,59,Female,Quetta,Grocery,77348,2022-04-02 09:00:00
2195,2560,Customer_2195,57,Male,Karachi,Furniture,54371,2022-04-02 10:00:00
2196,2284,Customer_2196,50,Male,Islamabad,Clothing,14127,2022-04-02 11:00:00
2197,2418,Customer_2197,30,Female,Peshawar,Furniture,51569,2022-04-02 12:00:00
2198,1954,Customer_2198,58,Male,Islamabad,Furniture,40909,2022-04-02 13:00:00
2199,2249,Customer_2199,59,Female,Peshawar,Clothing,61986,2022-04-02 14:00:00
2200,1983,Customer_2200,64,Female,Quetta,Clothing,2111,2022-04-02 15:00:00
2201,2147,Customer_2201,54,Female,Karachi,Furniture,32157,2022-04-02 16:00:00
2202,1974,Customer_2202,33,Male,Lahore,Furniture,18962,2022-04-02 17:00:00
2203,1037,Customer_2203,62,Male,Lahore,Grocery,76809,2022-04-02 18:00:00
2204,1327,Customer_2204,39,Male,Peshawar,Clothing,39047,2022-04-02 19:00:00
2205,2274,Customer_2205,37,Female,Peshawar,Electronics,29563,2022-04-02 20:00:00
2206,2924,Customer_2206,60,Female,Islamabad,Clothing,79897,2022-04-02 21:00:00
2207,2199,Customer_2207,44,Male,Lahore,Furniture,53288,2022-04-02 22:00:00
2208,2625,Customer_2208,58,Male,Islamabad,Furniture,43023,2022-04-02 23:00:00
2209,1913,Customer_2209,33,Female,Quetta,Furniture,30784,2022-04-03 00:00:00
2210,1453,Customer_2210,51,Male,Lahore,Furniture,64496,2022-04-03 01:00:00
2211,1036,Customer_2211,49,Female,Quetta,Electronics,66747,2022-04-03 02:00:00
2212,2339,Customer_2212,43,Male,Karachi,Clothing,14206,2022-04-03 03:00:00
2213,2711,Customer_2213,42,Female,Islamabad,Electronics,11424,2022-04-03 04:00:00
2214,1972,Customer_2214,19,Male,Peshawar,Electronics,16421,2022-04-03 05:00:00
2215,1795,Customer_2215,29,Male,Lahore,Furniture,25932,2022-04-03 06:00:00
2216,2988,Customer_2216,57,Female,Islamabad,Electronics,18313,2022-04-03 07:00:00
2217,1972,Customer_2217,26,Female,Peshawar,Furniture,65750,2022-04-03 08:00:00
2218,1592,Customer_2218,29,Female,Karachi,Furniture,69456,2022-04-03 09:00:00
2219,2137,Customer_2219,43,Male,Lahore,Furniture,2568,2022-04-03 10:00:00
2220,2063,Customer_2220,26,Female,Quetta,Electronics,40427,2022-04-03 11:00:00
2221,2324,Customer_2221,27,Female,Karachi,Furniture,70842,2022-04-03 12:00:00
2222,1223,Customer_2222,49,Male,Peshawar,Electronics,31039,2022-04-03 13:00:00
2223,1317,Customer_2223,51,Female,Lahore,Clothing,12183,2022-04-03 14:00:00
2224,1348,Customer_2224,37,Female,Lahore,Furniture,36174,2022-04-03 15:00:00
2225,1114,Customer_2225,56,Female,Karachi,Grocery,53203,2022-04-03 16:00:00
2226,1697,Customer_2226,19,Male,Lahore,Grocery,59310,2022-04-03 17:00:00
2227,2346,Customer_2227,18,Male,Peshawar,Grocery,11617,2022-04-03 18:00:00
2228,2591,Customer_2228,53,Male,Karachi,Grocery,4165,2022-04-03 19:00:00
2229,2063,Customer_2229,41,Female,Quetta,Grocery,44890,2022-04-03 20:00:00
2230,2889,Customer_2230,44,Male,Karachi,Electronics,75384,2022-04-03 21:00:00
2231,1039,Customer_2231,19,Female,Karachi,Clothing,64387,2022-04-03 22:00:00
2232,2882,Customer_2232,48,Female,Quetta,Electronics,48766,2022-04-03 23:00:00
2233,2996,Customer_2233,31,Female,Peshawar,Furniture,56041,2022-04-04 00:00:00
2234,2772,Customer_2234,19,Male,Islamabad,Clothing,65302,2022-04-04 01:00:00
2235,2312,Customer_2235,46,Male,Islamabad,Clothing,8382,2022-04-04 02:00:00
2236,2285,Customer_2236,32,Female,Quetta,Clothing,71325,2022-04-04 03:00:00
2237,1215,Customer_2237,29,Female,Peshawar,Clothing,14410,2022-04-04 04:00:00
2238,2170,Customer_2238,54,Male,Lahore,Grocery,41066,2022-04-04 05:00:00
2239,1335,Customer_2239,45,Male,Quetta,Furniture,63573,2022-04-04 06:00:00
2240,2191,Customer_2240,37,Male,Islamabad,Clothing,36676,2022-04-04 07:00:00
2241,1091,Customer_2241,56,Female,Peshawar,Clothing,30789,2022-04-04 08:00:00
2242,1352,Customer_2242,41,Male,Karachi,Grocery,50911,2022-04-04 09:00:00
2243,1570,Customer_2243,38,Male,Peshawar,Electronics,70126,2022-04-04 10:00:00
2244,2594,Customer_2244,27,Male,Peshawar,Electronics,15862,2022-04-04 11:00:00
2245,1815,Customer_2245,63,Female,Islamabad,Electronics,14283,2022-04-04 12:00:00
2246,2704,Customer_2246,31,Male,Islamabad,Furniture,44662,2022-04-04 13:00:00
2247,1780,Customer_2247,54,Female,Lahore,Electronics,36249,2022-04-04 14:00:00
2248,1362,Customer_2248,35,Female,Lahore,Clothing,4054,2022-04-04 15:00:00
2249,1556,Customer_2249,41,Female,Quetta,Grocery,59068,2022-04-04 16:00:00
2250,2368,Customer_2250,31,Male,Karachi,Grocery,19273,2022-04-04 17:00:00
2251,2716,Customer_2251,51,Male,Lahore,Electronics,74194,2022-04-04 18:00:00
2252,2193,Customer_2252,29,Male,Islamabad,Grocery,67050,2022-04-04 19:00:00
2253,1355,Customer_2253,39,Female,Peshawar,Clothing,46795,2022-04-04 20:00:00
2254,1190,Customer_2254,23,Male,Quetta,Electronics,30831,2022-04-04 21:00:00
2255,2690,Customer_2255,53,Female,Lahore,Clothing,46140,2022-04-04 22:00:00
2256,1421,Customer_2256,62,Male,Peshawar,Furniture,65377,2022-04-04 23:00:00
2257,1699,Customer_2257,53,Male,Peshawar,Clothing,47469,2022-04-05 00:00:00
2258,1006,Customer_2258,39,Male,Lahore,Clothing,43486,2022-04-05 01:00:00
2259,1132,Customer_2259,31,Male,Karachi,Clothing,8085,2022-04-05 02:00:00
2260,2770,Customer_2260,33,Female,Karachi,Clothing,4622,2022-04-05 03:00:00
2261,1556,Customer_2261,53,Female,Quetta,Furniture,17338,2022-04-05 04:00:00
2262,1825,Customer_2262,42,Female,Karachi,Electronics,17801,2022-04-05 05:00:00
2263,1760,Customer_2263,49,Female,Quetta,Clothing,23607,2022-04-05 06:00:00
2264,2054,Customer_2264,50,Male,Islamabad,Electronics,57857,2022-04-05 07:00:00
2265,1534,Customer_2265,62,Female,Lahore,Grocery,55711,2022-04-05 08:00:00
2266,1425,Customer_2266,53,Female,Peshawar,Clothing,66525,2022-04-05 09:00:00
2267,2417,Customer_2267,37,Female,Quetta,Clothing,67020,2022-04-05 10:00:00
2268,1671,Customer_2268,35,Male,Karachi,Grocery,17844,2022-04-05 11:00:00
2269,1362,Customer_2269,55,Female,Quetta,Electronics,57702,2022-04-05 12:00:00
2270,2460,Customer_2270,20,Female,Quetta,Furniture,15459,2022-04-05 13:00:00
2271,2693,Customer_2271,40,Male,Karachi,Clothing,39251,2022-04-05 14:00:00
2272,2574,Customer_2272,49,Male,Karachi,Grocery,2369,2022-04-05 15:00:00
2273,2950,Customer_2273,62,Female,Lahore,Grocery,44764,2022-04-05 16:00:00
2274,1081,Customer_2274,33,Female,Peshawar,Clothing,30768,2022-04-05 17:00:00
2275,1355,Customer_2275,22,Male,Lahore,Electronics,40106,2022-04-05 18:00:00
2276,2281,Customer_2276,21,Female,Lahore,Electronics,14050,2022-04-05 19:00:00
2277,2741,Customer_2277,38,Male,Karachi,Clothing,6202,2022-04-05 20:00:00
2278,1588,Customer_2278,57,Female,Karachi,Grocery,79063,2022-04-05 21:00:00
2279,2547,Customer_2279,31,Female,Peshawar,Clothing,62245,2022-04-05 22:00:00
2280,1294,Customer_2280,56,Female,Quetta,Furniture,24959,2022-04-05 23:00:00
2281,2985,Customer_2281,48,Female,Lahore,Furniture,57282,2022-04-06 00:00:00
2282,2247,Customer_2282,31,Female,Peshawar,Electronics,6532,2022-04-06 01:00:00
2283,2548,Customer_2283,23,Male,Lahore,Furniture,2325,2022-04-06 02:00:00
2284,2069,Customer_2284,29,Male,Quetta,Grocery,77590,2022-04-06 03:00:00
2285,2690,Customer_2285,33,Female,Lahore,Furniture,48601,2022-04-06 04:00:00
2286,2136,Customer_2286,34,Female,Islamabad,Clothing,60609,2022-04-06 05:00:00
2287,2256,Customer_2287,62,Female,Peshawar,Grocery,12970,2022-04-06 06:00:00
2288,1016,Customer_2288,40,Male,Karachi,Electronics,4270,2022-04-06 07:00:00
2289,1359,Customer_2289,31,Male,Lahore,Electronics,27768,2022-04-06 08:00:00
2290,2246,Customer_2290,24,Male,Peshawar,Furniture,529,2022-04-06 09:00:00
2291,1865,Customer_2291,63,Male,Peshawar,Electronics,30583,2022-04-06 10:00:00
2292,1699,Customer_2292,49,Male,Lahore,Clothing,9458,2022-04-06 11:00:00
2293,1447,Customer_2293,32,Male,Karachi,Grocery,9306,2022-04-06 12:00:00
2294,1855,Customer_2294,61,Male,Karachi,Clothing,32662,2022-04-06 13:00:00
2295,1364,Customer_2295,34,Male,Lahore,Clothing,75232,2022-04-06 14:00:00
2296,1674,Customer_2296,58,Female,Peshawar,Clothing,35389,2022-04-06 15:00:00
2297,2007,Customer_2297,64,Male,Karachi,Clothing,28202,2022-04-06 16:00:00
2298,2349,Customer_2298,61,Male,Lahore,Grocery,36277,2022-04-06 17:00:00
2299,1466,Customer_2299,51,Male,Lahore,Grocery,53471,2022-04-06 18:00:00
2300,1413,Customer_2300,22,Male,Lahore,Clothing,8239,2022-04-06 19:00:00
2301,2478,Customer_2301,62,Female,Peshawar,Clothing,25099,2022-04-06 20:00:00
2302,1585,Customer_2302,44,Male,Karachi,Electronics,37327,2022-04-06 21:00:00
2303,2256,Customer_2303,40,Female,Peshawar,Electronics,77321,2022-04-06 22:00:00
2304,2247,Customer_2304,57,Female,Islamabad,Grocery,68946,2022-04-06 23:00:00
2305,1993,Customer_2305,31,Female,Karachi,Electronics,23539,2022-04-07 00:00:00
2306,2854,Customer_2306,32,Male,Peshawar,Grocery,45429,2022-04-07 01:00:00
2307,2435,Customer_2307,60,Male,Karachi,Grocery,44384,2022-04-07 02:00:00
2308,1571,Customer_2308,50,Male,Islamabad,Furniture,25646,2022-04-07 03:00:00
2309,1334,Customer_2309,48,Female,Quetta,Grocery,46319,2022-04-07 04:00:00
2310,2245,Customer_2310,52,Female,Lahore,Electronics,31808,2022-04-07 05:00:00
2311,1036,Customer_2311,34,Female,Peshawar,Furniture,13554,2022-04-07 06:00:00
2312,1988,Customer_2312,45,Female,Islamabad,Electronics,52518,2022-04-07 07:00:00
2313,1277,Customer_2313,36,Male,Islamabad,Grocery,26750,2022-04-07 08:00:00
2314,2219,Customer_2314,63,Male,Karachi,Grocery,14913,2022-04-07 09:00:00
2315,1915,Customer_2315,40,Male,Karachi,Clothing,77891,2022-04-07 10:00:00
2316,2887,Customer_2316,49,Female,Lahore,Grocery,39421,2022-04-07 11:00:00
2317,1483,Customer_2317,57,Female,Karachi,Furniture,71623,2022-04-07 12:00:00
2318,2265,Customer_2318,30,Male,Peshawar,Grocery,74863,2022-04-07 13:00:00
2319,2347,Customer_2319,37,Male,Peshawar,Clothing,26285,2022-04-07 14:00:00
2320,1730,Customer_2320,52,Female,Peshawar,Grocery,57365,2022-04-07 15:00:00
2321,1191,Customer_2321,22,Male,Quetta,Grocery,7361,2022-04-07 16:00:00
2322,2040,Customer_2322,26,Male,Peshawar,Grocery,76840,2022-04-07 17:00:00
2323,1523,Customer_2323,46,Female,Karachi,Clothing,14479,2022-04-07 18:00:00
2324,1917,Customer_2324,23,Female,Karachi,Electronics,67333,2022-04-07 19:00:00
2325,1400,Customer_2325,42,Female,Peshawar,Grocery,857,2022-04-07 20:00:00
2326,2929,Customer_2326,48,Male,Islamabad,Furniture,47701,2022-04-07 21:00:00
2327,1885,Customer_2327,39,Female,Islamabad,Clothing,54754,2022-04-07 22:00:00
2328,1704,Customer_2328,19,Male,Islamabad,Furniture,11296,2022-04-07 23:00:00
2329,1021,Customer_2329,62,Male,Lahore,Grocery,23738,2022-04-08 00:00:00
2330,1473,Customer_2330,22,Female,Quetta,Clothing,51478,2022-04-08 01:00:00
2331,2143,Customer_2331,44,Male,Peshawar,Grocery,41383,2022-04-08 02:00:00
2332,1209,Customer_2332,42,Female,Lahore,Furniture,69896,2022-04-08 03:00:00
2333,1305,Customer_2333,25,Female,Islamabad,Clothing,4947,2022-04-08 04:00:00
2334,2293,Customer_2334,18,Male,Peshawar,Electronics,21023,2022-04-08 05:00:00
2335,1703,Customer_2335,37,Male,Lahore,Electronics,64579,2022-04-08 06:00:00
2336,1686,Customer_2336,61,Female,Karachi,Electronics,65323,2022-04-08 07:00:00
2337,1284,Customer_2337,40,Female,Islamabad,Grocery,49789,2022-04-08 08:00:00
2338,1715,Customer_2338,49,Female,Lahore,Clothing,5349,2022-04-08 09:00:00
2339,2699,Customer_2339,28,Female,Karachi,Furniture,25218,2022-04-08 10:00:00
2340,1762,Customer_2340,56,Female,Islamabad,Furniture,73502,2022-04-08 11:00:00
2341,2250,Customer_2341,64,Female,Quetta,Grocery,61477,2022-04-08 12:00:00
2342,1947,Customer_2342,41,Male,Islamabad,Grocery,27635,2022-04-08 13:00:00
2343,1380,Customer_2343,28,Male,Quetta,Furniture,30762,2022-04-08 14:00:00
2344,1459,Customer_2344,46,Male,Quetta,Clothing,35287,2022-04-08 15:00:00
2345,2030,Customer_2345,43,Male,Quetta,Grocery,16189,2022-04-08 16:00:00
2346,1028,Customer_2346,33,Female,Peshawar,Clothing,40360,2022-04-08 17:00:00
2347,1906,Customer_2347,52,Male,Peshawar,Furniture,50844,2022-04-08 18:00:00
2348,2056,Customer_2348,37,Male,Quetta,Clothing,68391,2022-04-08 19:00:00
2349,2669,Customer_2349,63,Female,Karachi,Electronics,52158,2022-04-08 20:00:00
2350,1878,Customer_2350,20,Male,Quetta,Furniture,66369,2022-04-08 21:00:00
2351,1078,Customer_2351,18,Female,Lahore,Electronics,35830,2022-04-08 22:00:00
2352,2951,Customer_2352,64,Female,Quetta,Furniture,60564,2022-04-08 23:00:00
2353,1946,Customer_2353,18,Female,Peshawar,Electronics,27514,2022-04-09 00:00:00
2354,1458,Customer_2354,34,Female,Peshawar,Clothing,35063,2022-04-09 01:00:00
2355,1569,Customer_2355,19,Female,Lahore,Furniture,15770,2022-04-09 02:00:00
2356,2561,Customer_2356,46,Male,Lahore,Furniture,31779,2022-04-09 03:00:00
2357,2505,Customer_2357,37,Male,Islamabad,Electronics,4157,2022-04-09 04:00:00
2358,2453,Customer_2358,23,Male,Karachi,Clothing,69273,2022-04-09 05:00:00
2359,1737,Customer_2359,25,Female,Karachi,Furniture,1527,2022-04-09 06:00:00
2360,2308,Customer_2360,46,Male,Karachi,Grocery,14699,2022-04-09 07:00:00
2361,1515,Customer_2361,50,Male,Peshawar,Electronics,45454,2022-04-09 08:00:00
2362,2122,Customer_2362,20,Male,Karachi,Furniture,79817,2022-04-09 09:00:00
2363,1396,Customer_2363,52,Male,Islamabad,Clothing,15620,2022-04-09 10:00:00
2364,2512,Customer_2364,22,Female,Islamabad,Clothing,57312,2022-04-09 11:00:00
2365,1038,Customer_2365,44,Male,Karachi,Clothing,6483,2022-04-09 12:00:00
2366,2294,Customer_2366,61,Female,Lahore,Clothing,67129,2022-04-09 13:00:00
2367,1886,Customer_2367,29,Female,Islamabad,Electronics,70825,2022-04-09 14:00:00
2368,1796,Customer_2368,37,Male,Lahore,Furniture,3412,2022-04-09 15:00:00
2369,1156,Customer_2369,62,Female,Peshawar,Electronics,48379,2022-04-09 16:00:00
2370,2098,Customer_2370,37,Female,Islamabad,Electronics,22373,2022-04-09 17:00:00
2371,1883,Customer_2371,26,Female,Lahore,Clothing,14832,2022-04-09 18:00:00
2372,2823,Customer_2372,56,Female,Karachi,Grocery,17064,2022-04-09 19:00:00
2373,2153,Customer_2373,21,Female,Peshawar,Clothing,78295,2022-04-09 20:00:00
2374,2710,Customer_2374,36,Female,Quetta,Grocery,21026,2022-04-09 21:00:00
2375,1973,Customer_2375,55,Female,Quetta,Electronics,65981,2022-04-09 22:00:00
2376,2107,Customer_2376,44,Male,Karachi,Clothing,53275,2022-04-09 23:00:00
2377,2045,Customer_2377,62,Male,Peshawar,Clothing,16506,2022-04-10 00:00:00
2378,2482,Customer_2378,60,Female,Peshawar,Electronics,22143,2022-04-10 01:00:00
2379,2562,Customer_2379,30,Female,Peshawar,Clothing,63628,2022-04-10 02:00:00
2380,2730,Customer_2380,30,Male,Peshawar,Furniture,43023,2022-04-10 03:00:00
2381,1848,Customer_2381,39,Male,Quetta,Grocery,70720,2022-04-10 04:00:00
2382,2405,Customer_2382,45,Male,Lahore,Grocery,73890,2022-04-10 05:00:00
2383,1747,Customer_2383,64,Male,Peshawar,Grocery,53284,2022-04-10 06:00:00
2384,2463,Customer_2384,62,Female,Lahore,Clothing,60201,2022-04-10 07:00:00
2385,2627,Customer_2385,39,Female,Peshawar,Furniture,18446,2022-04-10 08:00:00
2386,1988,Customer_2386,60,Male,Islamabad,Clothing,13627,2022-04-10 09:00:00
2387,1020,Customer_2387,36,Male,Islamabad,Grocery,29904,2022-04-10 10:00:00
2388,1302,Customer_2388,25,Male,Islamabad,Clothing,17901,2022-04-10 11:00:00
2389,2999,Customer_2389,25,Male,Peshawar,Grocery,15928,2022-04-10 12:00:00
2390,1868,Customer_2390,59,Female,Lahore,Electronics,64872,2022-04-10 13:00:00
2391,2978,Customer_2391,43,Male,Quetta,Grocery,12471,2022-04-10 14:00:00
2392,1083,Customer_2392,43,Male,Karachi,Electronics,17065,2022-04-10 15:00:00
2393,2797,Customer_2393,40,Male,Quetta,Electronics,7329,2022-04-10 16:00:00
2394,2682,Customer_2394,60,Female,Peshawar,Electronics,76523,2022-04-10 17:00:00
2395,2976,Customer_2395,30,Female,Islamabad,Grocery,35935,2022-04-10 18:00:00
2396,2476,Customer_2396,45,Female,Islamabad,Furniture,39441,2022-04-10 19:00:00
2397,2410,Customer_2397,26,Male,Lahore,Grocery,42959,2022-04-10 20:00:00
2398,2530,Customer_2398,37,Male,Peshawar,Clothing,48476,2022-04-10 21:00:00
2399,2280,Customer_2399,36,Male,Quetta,Clothing,79699,2022-04-10 22:00:00
2400,1569,Customer_2400,56,Female,Peshawar,Furniture,9676,2022-04-10 23:00:00
2401,2915,Customer_2401,29,Female,Peshawar,Furniture,52016,2022-04-11 00:00:00
2402,1933,Customer_2402,32,Male,Islamabad,Furniture,15572,2022-04-11 01:00:00
2403,2550,Customer_2403,48,Male,Quetta,Electronics,71552,2022-04-11 02:00:00
2404,2185,Customer_2404,31,Female,Karachi,Furniture,20189,2022-04-11 03:00:00
2405,2980,Customer_2405,28,Male,Islamabad,Furniture,19099,2022-04-11 04:00:00
2406,2186,Customer_2406,43,Male,Quetta,Furniture,35888,2022-04-11 05:00:00
2407,2855,Customer_2407,59,Male,Lahore,Grocery,51103,2022-04-11 06:00:00
2408,2008,Customer_2408,44,Female,Islamabad,Clothing,75236,2022-04-11 07:00:00
2409,1792,Customer_2409,28,Male,Lahore,Clothing,26289,2022-04-11 08:00:00
2410,1791,Customer_2410,55,Male,Islamabad,Furniture,77932,2022-04-11 09:00:00
2411,2547,Customer_2411,51,Male,Peshawar,Clothing,52782,2022-04-11 10:00:00
2412,2809,Customer_2412,60,Male,Quetta,Grocery,33964,2022-04-11 11:00:00
2413,2294,Customer_2413,36,Female,Lahore,Clothing,68306,2022-04-11 12:00:00
2414,1491,Customer_2414,23,Female,Islamabad,Electronics,42494,2022-04-11 13:00:00
2415,1207,Customer_2415,63,Female,Lahore,Grocery,26094,2022-04-11 14:00:00
2416,2562,Customer_2416,55,Male,Islamabad,Clothing,53063,2022-04-11 15:00:00
2417,2607,Customer_2417,59,Female,Islamabad,Clothing,28886,2022-04-11 16:00:00
2418,2083,Customer_2418,45,Male,Karachi,Grocery,67152,2022-04-11 17:00:00
2419,1429,Customer_2419,18,Female,Karachi,Clothing,18040,2022-04-11 18:00:00
2420,1984,Customer_2420,52,Male,Karachi,Clothing,34256,2022-04-11 19:00:00
2421,2680,Customer_2421,57,Female,Lahore,Furniture,43926,2022-04-11 20:00:00
2422,2628,Customer_2422,25,Female,Peshawar,Electronics,6087,2022-04-11 21:00:00
2423,2332,Customer_2423,64,Female,Islamabad,Grocery,49539,2022-04-11 22:00:00
2424,1519,Customer_2424,24,Male,Quetta,Furniture,10769,2022-04-11 23:00:00
2425,1590,Customer_2425,28,Male,Karachi,Clothing,6588,2022-04-12 00:00:00
2426,2050,Customer_2426,56,Male,Lahore,Grocery,42544,2022-04-12 01:00:00
2427,2709,Customer_2427,21,Female,Lahore,Grocery,27581,2022-04-12 02:00:00
2428,2585,Customer_2428,42,Male,Lahore,Electronics,61888,2022-04-12 03:00:00
2429,1198,Customer_2429,29,Male,Quetta,Electronics,11043,2022-04-12 04:00:00
2430,1386,Customer_2430,43,Male,Quetta,Grocery,3505,2022-04-12 05:00:00
2431,1348,Customer_2431,55,Male,Karachi,Electronics,37703,2022-04-12 06:00:00
2432,1959,Customer_2432,63,Male,Quetta,Electronics,16720,2022-04-12 07:00:00
2433,2963,Customer_2433,29,Male,Karachi,Clothing,33196,2022-04-12 08:00:00
2434,1692,Customer_2434,60,Female,Quetta,Electronics,46881,2022-04-12 09:00:00
2435,2559,Customer_2435,54,Female,Quetta,Electronics,48484,2022-04-12 10:00:00
2436,2851,Customer_2436,63,Male,Quetta,Furniture,576,2022-04-12 11:00:00
2437,1377,Customer_2437,41,Female,Karachi,Clothing,19446,2022-04-12 12:00:00
2438,1898,Customer_2438,33,Female,Islamabad,Clothing,23971,2022-04-12 13:00:00
2439,1915,Customer_2439,30,Male,Karachi,Grocery,62031,2022-04-12 14:00:00
2440,2581,Customer_2440,42,Male,Islamabad,Electronics,39238,2022-04-12 15:00:00
2441,1526,Customer_2441,21,Female,Lahore,Furniture,41220,2022-04-12 16:00:00
2442,2176,Customer_2442,28,Male,Lahore,Furniture,24940,2022-04-12 17:00:00
2443,1733,Customer_2443,49,Female,Karachi,Clothing,12362,2022-04-12 18:00:00
2444,1205,Customer_2444,24,Female,Islamabad,Electronics,68773,2022-04-12 19:00:00
2445,1454,Customer_2445,63,Female,Islamabad,Furniture,22288,2022-04-12 20:00:00
2446,2296,Customer_2446,28,Male,Islamabad,Grocery,26022,2022-04-12 21:00:00
2447,2917,Customer_2447,45,Female,Lahore,Electronics,70685,2022-04-12 22:00:00
2448,2259,Customer_2448,58,Male,Karachi,Electronics,69904,2022-04-12 23:00:00
2449,2875,Customer_2449,40,Male,Peshawar,Electronics,52789,2022-04-13 00:00:00
2450,2763,Customer_2450,62,Male,Islamabad,Furniture,8324,2022-04-13 01:00:00
2451,1520,Customer_2451,40,Male,Islamabad,Clothing,8299,2022-04-13 02:00:00
2452,2701,Customer_2452,45,Male,Peshawar,Clothing,45647,2022-04-13 03:00:00
2453,2967,Customer_2453,60,Female,Karachi,Grocery,9114,2022-04-13 04:00:00
2454,2016,Customer_2454,64,Male,Islamabad,Furniture,25647,2022-04-13 05:00:00
2455,1955,Customer_2455,43,Male,Karachi,Electronics,77137,2022-04-13 06:00:00
2456,2854,Customer_2456,42,Male,Islamabad,Grocery,21414,2022-04-13 07:00:00
2457,1725,Customer_2457,46,Male,Quetta,Grocery,64199,2022-04-13 08:00:00
2458,2013,Customer_2458,36,Male,Islamabad,Clothing,10115,2022-04-13 09:00:00
2459,1500,Customer_2459,50,Female,Quetta,Electronics,51285,2022-04-13 10:00:00
2460,1116,Customer_2460,53,Male,Karachi,Electronics,58311,2022-04-13 11:00:00
2461,1385,Customer_2461,31,Male,Islamabad,Furniture,79517,2022-04-13 12:00:00
2462,2367,Customer_2462,31,Female,Lahore,Furniture,47398,2022-04-13 13:00:00
2463,1583,Customer_2463,52,Male,Lahore,Furniture,56005,2022-04-13 14:00:00
2464,1394,Customer_2464,47,Female,Peshawar,Grocery,76531,2022-04-13 15:00:00
2465,2087,Customer_2465,45,Female,Lahore,Electronics,646,2022-04-13 16:00:00
2466,2740,Customer_2466,34,Female,Quetta,Clothing,40775,2022-04-13 17:00:00
2467,1720,Customer_2467,20,Female,Lahore,Grocery,16477,2022-04-13 18:00:00
2468,1071,Customer_2468,33,Male,Lahore,Grocery,42065,2022-04-13 19:00:00
2469,2812,Customer_2469,63,Male,Lahore,Clothing,34445,2022-04-13 20:00:00
2470,1273,Customer_2470,47,Female,Islamabad,Clothing,3094,2022-04-13 21:00:00
2471,2343,Customer_2471,46,Female,Peshawar,Furniture,77110,2022-04-13 22:00:00
2472,1337,Customer_2472,62,Male,Karachi,Clothing,58155,2022-04-13 23:00:00
2473,2389,Customer_2473,32,Female,Peshawar,Clothing,27931,2022-04-14 00:00:00
2474,2518,Customer_2474,63,Female,Quetta,Clothing,28071,2022-04-14 01:00:00
2475,1606,Customer_2475,42,Female,Islamabad,Clothing,66471,2022-04-14 02:00:00
2476,1165,Customer_2476,55,Male,Islamabad,Furniture,62297,2022-04-14 03:00:00
2477,2567,Customer_2477,59,Female,Lahore,Grocery,44437,2022-04-14 04:00:00
2478,1010,Customer_2478,64,Male,Lahore,Electronics,60143,2022-04-14 05:00:00
2479,2324,Customer_2479,55,Male,Quetta,Electronics,60551,2022-04-14 06:00:00
2480,1728,Customer_2480,40,Male,Islamabad,Grocery,68402,2022-04-14 07:00:00
2481,1800,Customer_2481,42,Female,Karachi,Electronics,78403,2022-04-14 08:00:00
2482,1101,Customer_2482,59,Female,Peshawar,Electronics,77490,2022-04-14 09:00:00
2483,2448,Customer_2483,24,Male,Islamabad,Grocery,75704,2022-04-14 10:00:00
2484,2415,Customer_2484,39,Male,Karachi,Electronics,69451,2022-04-14 11:00:00
2485,1778,Customer_2485,34,Male,Karachi,Electronics,76268,2022-04-14 12:00:00
2486,1213,Customer_2486,35,Female,Peshawar,Grocery,29539,2022-04-14 13:00:00
2487,2714,Customer_2487,58,Female,Karachi,Electronics,26068,2022-04-14 14:00:00
2488,2111,Customer_2488,27,Male,Quetta,Clothing,37959,2022-04-14 15:00:00
2489,2576,Customer_2489,27,Male,Karachi,Grocery,8169,2022-04-14 16:00:00
2490,1400,Customer_2490,24,Female,Quetta,Furniture,36016,2022-04-14 17:00:00
2491,1587,Customer_2491,55,Male,Karachi,Electronics,62984,2022-04-14 18:00:00
2492,1888,Customer_2492,44,Female,Lahore,Furniture,68697,2022-04-14 19:00:00
2493,2069,Customer_2493,50,Female,Karachi,Electronics,23833,2022-04-14 20:00:00
2494,2695,Customer_2494,18,Male,Quetta,Clothing,56111,2022-04-14 21:00:00
2495,2486,Customer_2495,61,Male,Karachi,Grocery,48441,2022-04-14 22:00:00
2496,1591,Customer_2496,51,Female,Karachi,Furniture,39375,2022-04-14 23:00:00
2497,2333,Customer_2497,21,Female,Karachi,Grocery,13198,2022-04-15 00:00:00
2498,2109,Customer_2498,34,Female,Quetta,Furniture,62326,2022-04-15 01:00:00
2499,1091,Customer_2499,21,Female,Karachi,Electronics,31908,2022-04-15 02:00:00
2500,2683,Customer_2500,60,Female,Peshawar,Clothing,79345,2022-04-15 03:00:00
2501,1672,Customer_2501,43,Male,Peshawar,Furniture,15633,2022-04-15 04:00:00
2502,1713,Customer_2502,21,Female,Quetta,Furniture,74246,2022-04-15 05:00:00
2503,1935,Customer_2503,18,Female,Lahore,Clothing,36626,2022-04-15 06:00:00
2504,2951,Customer_2504,24,Female,Peshawar,Clothing,33543,2022-04-15 07:00:00
2505,1241,Customer_2505,47,Male,Islamabad,Clothing,4578,2022-04-15 08:00:00
2506,2888,Customer_2506,26,Male,Peshawar,Clothing,54406,2022-04-15 09:00:00
2507,1001,Customer_2507,52,Female,Islamabad,Clothing,11637,2022-04-15 10:00:00
2508,1224,Customer_2508,25,Female,Quetta,Grocery,29850,2022-04-15 11:00:00
2509,1800,Customer_2509,41,Male,Lahore,Electronics,5198,2022-04-15 12:00:00
2510,2768,Customer_2510,36,Male,Islamabad,Electronics,33632,2022-04-15 13:00:00
2511,2996,Customer_2511,53,Male,Islamabad,Furniture,10665,2022-04-15 14:00:00
2512,2949,Customer_2512,60,Male,Peshawar,Clothing,1294,2022-04-15 15:00:00
2513,2952,Customer_2513,44,Female,Islamabad,Grocery,14146,2022-04-15 16:00:00
2514,1588,Customer_2514,49,Male,Quetta,Grocery,6370,2022-04-15 17:00:00
2515,1115,Customer_2515,31,Female,Quetta,Furniture,31236,2022-04-15 18:00:00
2516,2689,Customer_2516,35,Female,Quetta,Clothing,58584,2022-04-15 19:00:00
2517,1917,Customer_2517,45,Male,Peshawar,Electronics,16711,2022-04-15 20:00:00
2518,2126,Customer_2518,46,Male,Lahore,Clothing,60038,2022-04-15 21:00:00
2519,1193,Customer_2519,33,Male,Peshawar,Grocery,7877,2022-04-15 22:00:00
2520,2189,Customer_2520,52,Male,Quetta,Clothing,9361,2022-04-15 23:00:00
2521,1870,Customer_2521,64,Female,Peshawar,Electronics,18321,2022-04-16 00:00:00
2522,1089,Customer_2522,48,Female,Quetta,Electronics,78988,2022-04-16 01:00:00
2523,2709,Customer_2523,21,Female,Karachi,Furniture,75083,2022-04-16 02:00:00
2524,1121,Customer_2524,54,Male,Karachi,Grocery,27453,2022-04-16 03:00:00
2525,1142,Customer_2525,34,Female,Islamabad,Clothing,37301,2022-04-16 04:00:00
2526,1993,Customer_2526,56,Male,Lahore,Clothing,18777,2022-04-16 05:00:00
2527,1105,Customer_2527,63,Female,Karachi,Furniture,23128,2022-04-16 06:00:00
2528,1886,Customer_2528,43,Male,Quetta,Furniture,28302,2022-04-16 07:00:00
2529,1427,Customer_2529,56,Female,Peshawar,Furniture,63997,2022-04-16 08:00:00
2530,2328,Customer_2530,58,Female,Peshawar,Grocery,70314,2022-04-16 09:00:00
2531,2895,Customer_2531,21,Male,Islamabad,Clothing,54202,2022-04-16 10:00:00
2532,2994,Customer_2532,47,Female,Peshawar,Furniture,29177,2022-04-16 11:00:00
2533,1316,Customer_2533,47,Female,Karachi,Grocery,8000,2022-04-16 12:00:00
2534,2986,Customer_2534,39,Male,Peshawar,Clothing,4515,2022-04-16 13:00:00
2535,1634,Customer_2535,28,Male,Karachi,Electronics,59312,2022-04-16 14:00:00
2536,2925,Customer_2536,19,Male,Karachi,Furniture,8326,2022-04-16 15:00:00
2537,1008,Customer_2537,61,Male,Lahore,Grocery,9701,2022-04-16 16:00:00
2538,1773,Customer_2538,29,Male,Islamabad,Clothing,29548,2022-04-16 17:00:00
2539,2096,Customer_2539,47,Female,Quetta,Clothing,20441,2022-04-16 18:00:00
2540,2382,Customer_2540,53,Male,Karachi,Furniture,58918,2022-04-16 19:00:00
2541,1222,Customer_2541,35,Female,Islamabad,Furniture,66189,2022-04-16 20:00:00
2542,2439,Customer_2542,43,Female,Quetta,Clothing,42041,2022-04-16 21:00:00
2543,1552,Customer_2543,24,Male,Peshawar,Grocery,50439,2022-04-16 22:00:00
2544,2393,Customer_2544,18,Female,Islamabad,Electronics,70922,2022-04-16 23:00:00
2545,1715,Customer_2545,43,Female,Islamabad,Clothing,24450,2022-04-17 00:00:00
2546,2287,Customer_2546,40,Male,Islamabad,Grocery,68303,2022-04-17 01:00:00
2547,2863,Customer_2547,43,Female,Peshawar,Furniture,21142,2022-04-17 02:00:00
2548,2713,Customer_2548,62,Male,Peshawar,Clothing,67006,2022-04-17 03:00:00
2549,2883,Customer_2549,23,Male,Islamabad,Furniture,42107,2022-04-17 04:00:00
2550,2341,Customer_2550,23,Male,Lahore,Electronics,31788,2022-04-17 05:00:00
2551,2107,Customer_2551,61,Female,Karachi,Furniture,14950,2022-04-17 06:00:00
2552,2341,Customer_2552,25,Female,Peshawar,Electronics,6118,2022-04-17 07:00:00
2553,1110,Customer_2553,41,Female,Lahore,Furniture,34763,2022-04-17 08:00:00
2554,1250,Customer_2554,39,Female,Peshawar,Furniture,68083,2022-04-17 09:00:00
2555,1382,Customer_2555,36,Male,Islamabad,Electronics,75400,2022-04-17 10:00:00
2556,1006,Customer_2556,54,Female,Lahore,Furniture,29294,2022-04-17 11:00:00
2557,1458,Customer_2557,35,Male,Quetta,Grocery,13591,2022-04-17 12:00:00
2558,2107,Customer_2558,48,Female,Karachi,Furniture,68922,2022-04-17 13:00:00
2559,1207,Customer_2559,54,Female,Karachi,Clothing,15661,2022-04-17 14:00:00
2560,1899,Customer_2560,47,Female,Peshawar,Furniture,4658,2022-04-17 15:00:00
2561,2413,Customer_2561,59,Female,Karachi,Grocery,28163,2022-04-17 16:00:00
2562,2337,Customer_2562,50,Female,Quetta,Clothing,7233,2022-04-17 17:00:00
2563,1021,Customer_2563,27,Male,Lahore,Grocery,32501,2022-04-17 18:00:00
2564,1409,Customer_2564,54,Female,Lahore,Clothing,39628,2022-04-17 19:00:00
2565,1894,Customer_2565,29,Female,Islamabad,Furniture,50130,2022-04-17 20:00:00
2566,1514,Customer_2566,47,Female,Lahore,Grocery,9829,2022-04-17 21:00:00
2567,2150,Customer_2567,44,Female,Peshawar,Furniture,53605,2022-04-17 22:00:00
2568,1808,Customer_2568,56,Male,Quetta,Clothing,63936,2022-04-17 23:00:00
2569,2723,Customer_2569,26,Female,Islamabad,Grocery,70079,2022-04-18 00:00:00
2570,1873,Customer_2570,38,Male,Peshawar,Electronics,14742,2022-04-18 01:00:00
2571,1013,Customer_2571,29,Female,Peshawar,Grocery,27633,2022-04-18 02:00:00
2572,1970,Customer_2572,46,Male,Peshawar,Furniture,25240,2022-04-18 03:00:00
2573,1977,Customer_2573,50,Male,Karachi,Electronics,31476,2022-04-18 04:00:00
2574,2013,Customer_2574,60,Male,Peshawar,Electronics,40567,2022-04-18 05:00:00
2575,2035,Customer_2575,32,Male,Karachi,Clothing,11731,2022-04-18 06:00:00
2576,1086,Customer_2576,19,Male,Lahore,Electronics,66605,2022-04-18 07:00:00
2577,2547,Customer_2577,56,Female,Karachi,Electronics,3828,2022-04-18 08:00:00
2578,1908,Customer_2578,61,Male,Peshawar,Clothing,25761,2022-04-18 09:00:00
2579,2560,Customer_2579,35,Female,Quetta,Grocery,25762,2022-04-18 10:00:00
2580,2324,Customer_2580,20,Male,Quetta,Furniture,3780,2022-04-18 11:00:00
2581,2266,Customer_2581,24,Male,Lahore,Grocery,32242,2022-04-18 12:00:00
2582,1121,Customer_2582,60,Female,Peshawar,Electronics,4090,2022-04-18 13:00:00
2583,2170,Customer_2583,35,Male,Karachi,Furniture,50726,2022-04-18 14:00:00
2584,2590,Customer_2584,61,Male,Quetta,Grocery,14070,2022-04-18 15:00:00
2585,1749,Customer_2585,55,Male,Islamabad,Furniture,10033,2022-04-18 16:00:00
2586,2379,Customer_2586,54,Male,Peshawar,Electronics,13866,2022-04-18 17:00:00
2587,1684,Customer_2587,50,Female,Peshawar,Grocery,76868,2022-04-18 18:00:00
2588,2927,Customer_2588,61,Male,Islamabad,Furniture,28825,2022-04-18 19:00:00
2589,2756,Customer_2589,48,Male,Quetta,Furniture,35298,2022-04-18 20:00:00
2590,2654,Customer_2590,28,Female,Islamabad,Grocery,39953,2022-04-18 21:00:00
2591,1308,Customer_2591,21,Female,Lahore,Grocery,23349,2022-04-18 22:00:00
2592,1694,Customer_2592,35,Male,Karachi,Electronics,56443,2022-04-18 23:00:00
2593,1287,Customer_2593,21,Male,Karachi,Clothing,6657,2022-04-19 00:00:00
2594,1306,Customer_2594,51,Female,Quetta,Furniture,30678,2022-04-19 01:00:00
2595,2835,Customer_2595,46,Male,Islamabad,Grocery,29530,2022-04-19 02:00:00
2596,2617,Customer_2596,41,Female,Peshawar,Grocery,51634,2022-04-19 03:00:00
2597,2989,Customer_2597,39,Male,Peshawar,Grocery,66229,2022-04-19 04:00:00
2598,1913,Customer_2598,19,Female,Peshawar,Furniture,8664,2022-04-19 05:00:00
2599,2746,Customer_2599,61,Female,Lahore,Electronics,1619,2022-04-19 06:00:00
2600,1661,Customer_2600,23,Female,Lahore,Clothing,13851,2022-04-19 07:00:00
2601,1548,Customer_2601,59,Male,Peshawar,Furniture,56563,2022-04-19 08:00:00
2602,2375,Customer_2602,42,Male,Quetta,Electronics,72576,2022-04-19 09:00:00
2603,1311,Customer_2603,38,Male,Lahore,Furniture,45662,2022-04-19 10:00:00
2604,1872,Customer_2604,33,Male,Lahore,Furniture,32260,2022-04-19 11:00:00
2605,2082,Customer_2605,48,Female,Karachi,Grocery,50178,2022-04-19 12:00:00
2606,2666,Customer_2606,31,Female,Karachi,Electronics,48128,2022-04-19 13:00:00
2607,1923,Customer_2607,56,Female,Quetta,Grocery,41239,2022-04-19 14:00:00
2608,2737,Customer_2608,45,Male,Lahore,Grocery,30238,2022-04-19 15:00:00
2609,1754,Customer_2609,49,Male,Lahore,Electronics,47421,2022-04-19 16:00:00
2610,1034,Customer_2610,45,Male,Islamabad,Grocery,61568,2022-04-19 17:00:00
2611,1444,Customer_2611,26,Female,Quetta,Grocery,24081,2022-04-19 18:00:00
2612,1092,Customer_2612,62,Male,Quetta,Clothing,21985,2022-04-19 19:00:00
2613,2973,Customer_2613,39,Male,Islamabad,Electronics,36794,2022-04-19 20:00:00
2614,2982,Customer_2614,49,Female,Islamabad,Electronics,53501,2022-04-19 21:00:00
2615,2230,Customer_2615,22,Female,Karachi,Grocery,2134,2022-04-19 22:00:00
2616,1352,Customer_2616,40,Male,Quetta,Grocery,44469,2022-04-19 23:00:00
2617,1902,Customer_2617,22,Female,Quetta,Electronics,593,2022-04-20 00:00:00
2618,2355,Customer_2618,59,Male,Islamabad,Electronics,28870,2022-04-20 01:00:00
2619,2840,Customer_2619,49,Female,Peshawar,Furniture,20250,2022-04-20 02:00:00
2620,1861,Customer_2620,27,Female,Peshawar,Electronics,16972,2022-04-20 03:00:00
2621,2748,Customer_2621,56,Female,Karachi,Furniture,19434,2022-04-20 04:00:00
2622,1158,Customer_2622,32,Male,Peshawar,Grocery,44274,2022-04-20 05:00:00
2623,2977,Customer_2623,24,Male,Peshawar,Clothing,39625,2022-04-20 06:00:00
2624,1956,Customer_2624,46,Male,Peshawar,Clothing,67481,2022-04-20 07:00:00
2625,1023,Customer_2625,64,Female,Lahore,Furniture,39603,2022-04-20 08:00:00
2626,1403,Customer_2626,20,Female,Karachi,Grocery,60585,2022-04-20 09:00:00
2627,1804,Customer_2627,36,Female,Islamabad,Grocery,57043,2022-04-20 10:00:00
2628,1515,Customer_2628,27,Female,Peshawar,Grocery,17438,2022-04-20 11:00:00
2629,1731,Customer_2629,45,Male,Lahore,Electronics,77992,2022-04-20 12:00:00
2630,2387,Customer_2630,46,Male,Peshawar,Grocery,52086,2022-04-20 13:00:00
2631,2405,Customer_2631,32,Male,Lahore,Electronics,58524,2022-04-20 14:00:00
2632,1531,Customer_2632,52,Female,Karachi,Furniture,40187,2022-04-20 15:00:00
2633,1955,Customer_2633,23,Female,Peshawar,Clothing,71629,2022-04-20 16:00:00
2634,1151,Customer_2634,29,Male,Lahore,Furniture,26707,2022-04-20 17:00:00
2635,2585,Customer_2635,64,Female,Quetta,Grocery,49854,2022-04-20 18:00:00
2636,2712,Customer_2636,55,Male,Quetta,Grocery,37810,2022-04-20 19:00:00
2637,1946,Customer_2637,30,Female,Lahore,Furniture,49460,2022-04-20 20:00:00
2638,1607,Customer_2638,46,Female,Peshawar,Electronics,61762,2022-04-20 21:00:00
2639,2640,Customer_2639,36,Male,Peshawar,Electronics,13903,2022-04-20 22:00:00
2640,1419,Customer_2640,20,Male,Karachi,Electronics,13565,2022-04-20 23:00:00
2641,2273,Customer_2641,25,Female,Karachi,Clothing,27301,2022-04-21 00:00:00
2642,2140,Customer_2642,25,Male,Islamabad,Clothing,29730,2022-04-21 01:00:00
2643,1865,Customer_2643,37,Male,Karachi,Grocery,73206,2022-04-21 02:00:00
2644,2535,Customer_2644,64,Female,Peshawar,Furniture,30468,2022-04-21 03:00:00
2645,2763,Customer_2645,21,Female,Islamabad,Furniture,43017,2022-04-21 04:00:00
2646,1577,Customer_2646,38,Female,Karachi,Grocery,53739,2022-04-21 05:00:00
2647,1334,Customer_2647,20,Male,Lahore,Electronics,33155,2022-04-21 06:00:00
2648,2441,Customer_2648,62,Female,Quetta,Clothing,63271,2022-04-21 07:00:00
2649,1931,Customer_2649,25,Female,Karachi,Furniture,46484,2022-04-21 08:00:00
2650,2797,Customer_2650,40,Female,Karachi,Grocery,11549,2022-04-21 09:00:00
2651,1294,Customer_2651,33,Female,Lahore,Electronics,72821,2022-04-21 10:00:00
2652,2961,Customer_2652,30,Female,Peshawar,Electronics,65313,2022-04-21 11:00:00
2653,1754,Customer_2653,20,Male,Lahore,Clothing,5155,2022-04-21 12:00:00
2654,2394,Customer_2654,26,Female,Karachi,Clothing,72954,2022-04-21 13:00:00
2655,1185,Customer_2655,31,Female,Peshawar,Grocery,69472,2022-04-21 14:00:00
2656,2269,Customer_2656,30,Male,Islamabad,Grocery,21932,2022-04-21 15:00:00
2657,1636,Customer_2657,24,Female,Karachi,Electronics,66396,2022-04-21 16:00:00
2658,2291,Customer_2658,32,Female,Lahore,Electronics,70635,2022-04-21 17:00:00
2659,2666,Customer_2659,24,Male,Islamabad,Furniture,43436,2022-04-21 18:00:00
2660,2260,Customer_2660,55,Female,Quetta,Electronics,14250,2022-04-21 19:00:00
2661,1529,Customer_2661,51,Male,Islamabad,Grocery,28487,2022-04-21 20:00:00
2662,2575,Customer_2662,58,Female,Lahore,Clothing,26665,2022-04-21 21:00:00
2663,1020,Customer_2663,39,Male,Islamabad,Grocery,51041,2022-04-21 22:00:00
2664,1910,Customer_2664,41,Male,Lahore,Furniture,24846,2022-04-21 23:00:00
2665,2760,Customer_2665,54,Female,Karachi,Furniture,4014,2022-04-22 00:00:00
2666,1866,Customer_2666,61,Male,Peshawar,Clothing,25338,2022-04-22 01:00:00
2667,1793,Customer_2667,18,Male,Quetta,Grocery,28059,2022-04-22 02:00:00
2668,2543,Customer_2668,27,Female,Peshawar,Furniture,59707,2022-04-22 03:00:00
2669,1099,Customer_2669,60,Female,Peshawar,Grocery,16885,2022-04-22 04:00:00
2670,1751,Customer_2670,33,Male,Peshawar,Furniture,18817,2022-04-22 05:00:00
2671,1477,Customer_2671,63,Female,Lahore,Clothing,893,2022-04-22 06:00:00
2672,2622,Customer_2672,25,Male,Lahore,Furniture,25381,2022-04-22 07:00:00
2673,2321,Customer_2673,42,Male,Quetta,Grocery,28455,2022-04-22 08:00:00
2674,1939,Customer_2674,29,Female,Lahore,Grocery,58808,2022-04-22 09:00:00
2675,1525,Customer_2675,42,Female,Lahore,Furniture,58514,2022-04-22 10:00:00
2676,1333,Customer_2676,34,Male,Lahore,Electronics,65930,2022-04-22 11:00:00
2677,1001,Customer_2677,43,Female,Lahore,Clothing,72531,2022-04-22 12:00:00
2678,1374,Customer_2678,63,Female,Karachi,Clothing,60096,2022-04-22 13:00:00
2679,1292,Customer_2679,31,Male,Quetta,Furniture,2213,2022-04-22 14:00:00
2680,1836,Customer_2680,58,Male,Lahore,Furniture,20928,2022-04-22 15:00:00
2681,2957,Customer_2681,53,Male,Quetta,Electronics,62660,2022-04-22 16:00:00
2682,2004,Customer_2682,40,Male,Islamabad,Clothing,66671,2022-04-22 17:00:00
2683,1552,Customer_2683,60,Male,Karachi,Electronics,61343,2022-04-22 18:00:00
2684,1317,Customer_2684,23,Male,Lahore,Clothing,23503,2022-04-22 19:00:00
2685,2525,Customer_2685,64,Female,Karachi,Furniture,42577,2022-04-22 20:00:00
2686,2851,Customer_2686,22,Male,Karachi,Clothing,27230,2022-04-22 21:00:00
2687,1380,Customer_2687,60,Female,Islamabad,Clothing,73481,2022-04-22 22:00:00
2688,2646,Customer_2688,42,Female,Quetta,Clothing,72638,2022-04-22 23:00:00
2689,1013,Customer_2689,35,Male,Karachi,Electronics,66073,2022-04-23 00:00:00
2690,1503,Customer_2690,30,Female,Peshawar,Electronics,29369,2022-04-23 01:00:00
2691,1230,Customer_2691,60,Male,Islamabad,Clothing,31576,2022-04-23 02:00:00
2692,2107,Customer_2692,31,Female,Peshawar,Grocery,25594,2022-04-23 03:00:00
2693,1129,Customer_2693,45,Male,Islamabad,Electronics,27317,2022-04-23 04:00:00
2694,2766,Customer_2694,35,Male,Peshawar,Furniture,11055,2022-04-23 05:00:00
2695,1837,Customer_2695,45,Male,Peshawar,Furniture,71156,2022-04-23 06:00:00
2696,2168,Customer_2696,44,Male,Karachi,Clothing,50693,2022-04-23 07:00:00
2697,1890,Customer_2697,49,Female,Karachi,Furniture,5215,2022-04-23 08:00:00
2698,2880,Customer_2698,64,Female,Islamabad,Electronics,34662,2022-04-23 09:00:00
2699,1027,Customer_2699,26,Female,Quetta,Grocery,38958,2022-04-23 10:00:00
2700,1065,Customer_2700,57,Female,Karachi,Grocery,3640,2022-04-23 11:00:00
2701,2186,Customer_2701,49,Female,Karachi,Grocery,74674,2022-04-23 12:00:00
2702,2252,Customer_2702,37,Male,Lahore,Furniture,17883,2022-04-23 13:00:00
2703,1260,Customer_2703,45,Male,Karachi,Clothing,18218,2022-04-23 14:00:00
2704,2472,Customer_2704,50,Male,Quetta,Furniture,76660,2022-04-23 15:00:00
2705,2447,Customer_2705,21,Male,Lahore,Clothing,57899,2022-04-23 16:00:00
2706,1459,Customer_2706,63,Male,Peshawar,Grocery,22363,2022-04-23 17:00:00
2707,2975,Customer_2707,51,Female,Peshawar,Electronics,72126,2022-04-23 18:00:00
2708,2699,Customer_2708,20,Male,Lahore,Furniture,11877,2022-04-23 19:00:00
2709,1300,Customer_2709,43,Male,Lahore,Electronics,61023,2022-04-23 20:00:00
2710,1918,Customer_2710,25,Female,Lahore,Grocery,15370,2022-04-23 21:00:00
2711,2326,Customer_2711,23,Female,Islamabad,Clothing,57987,2022-04-23 22:00:00
2712,1286,Customer_2712,33,Male,Quetta,Electronics,19800,2022-04-23 23:00:00
2713,2418,Customer_2713,41,Male,Quetta,Furniture,56451,2022-04-24 00:00:00
2714,2033,Customer_2714,56,Female,Peshawar,Electronics,68139,2022-04-24 01:00:00
2715,2730,Customer_2715,47,Male,Peshawar,Electronics,72626,2022-04-24 02:00:00
2716,1629,Customer_2716,62,Male,Peshawar,Furniture,43480,2022-04-24 03:00:00
2717,1269,Customer_2717,30,Male,Karachi,Clothing,32550,2022-04-24 04:00:00
2718,1591,Customer_2718,22,Female,Peshawar,Furniture,3421,2022-04-24 05:00:00
2719,2993,Customer_2719,42,Male,Lahore,Grocery,70770,2022-04-24 06:00:00
2720,2628,Customer_2720,37,Male,Peshawar,Clothing,30828,2022-04-24 07:00:00
2721,2801,Customer_2721,35,Female,Lahore,Electronics,61320,2022-04-24 08:00:00
2722,1843,Customer_2722,64,Female,Islamabad,Furniture,23638,2022-04-24 09:00:00
2723,1861,Customer_2723,35,Female,Karachi,Grocery,12594,2022-04-24 10:00:00
2724,2384,Customer_2724,19,Male,Karachi,Furniture,65764,2022-04-24 11:00:00
2725,2280,Customer_2725,27,Female,Quetta,Clothing,9528,2022-04-24 12:00:00
2726,1132,Customer_2726,62,Male,Islamabad,Grocery,15932,2022-04-24 13:00:00
2727,2299,Customer_2727,64,Female,Lahore,Electronics,44319,2022-04-24 14:00:00
2728,2799,Customer_2728,29,Male,Islamabad,Clothing,5812,2022-04-24 15:00:00
2729,2706,Customer_2729,64,Female,Karachi,Grocery,26473,2022-04-24 16:00:00
2730,1971,Customer_2730,30,Male,Lahore,Clothing,55805,2022-04-24 17:00:00
2731,1512,Customer_2731,64,Male,Islamabad,Electronics,29473,2022-04-24 18:00:00
2732,1312,Customer_2732,28,Female,Karachi,Grocery,44890,2022-04-24 19:00:00
2733,1575,Customer_2733,36,Female,Lahore,Furniture,16599,2022-04-24 20:00:00
2734,1885,Customer_2734,52,Male,Lahore,Furniture,50456,2022-04-24 21:00:00
2735,2307,Customer_2735,56,Female,Karachi,Electronics,14563,2022-04-24 22:00:00
2736,2144,Customer_2736,43,Male,Lahore,Grocery,10105,2022-04-24 23:00:00
2737,2130,Customer_2737,63,Female,Karachi,Electronics,78404,2022-04-25 00:00:00
2738,2956,Customer_2738,31,Female,Peshawar,Electronics,73464,2022-04-25 01:00:00
2739,1686,Customer_2739,62,Male,Peshawar,Clothing,51705,2022-04-25 02:00:00
2740,2227,Customer_2740,61,Female,Lahore,Furniture,16317,2022-04-25 03:00:00
2741,1164,Customer_2741,41,Female,Lahore,Electronics,2920,2022-04-25 04:00:00
2742,1304,Customer_2742,58,Male,Karachi,Clothing,70353,2022-04-25 05:00:00
2743,2520,Customer_2743,18,Male,Lahore,Electronics,28228,2022-04-25 06:00:00
2744,2655,Customer_2744,60,Female,Quetta,Electronics,58358,2022-04-25 07:00:00
2745,2579,Customer_2745,39,Male,Peshawar,Electronics,49589,2022-04-25 08:00:00
2746,2847,Customer_2746,40,Female,Lahore,Furniture,29464,2022-04-25 09:00:00
2747,1155,Customer_2747,36,Female,Lahore,Grocery,77492,2022-04-25 10:00:00
2748,2390,Customer_2748,35,Male,Islamabad,Furniture,42740,2022-04-25 11:00:00
2749,2742,Customer_2749,29,Male,Lahore,Clothing,13175,2022-04-25 12:00:00
2750,2925,Customer_2750,45,Male,Quetta,Grocery,60549,2022-04-25 13:00:00
2751,1619,Customer_2751,45,Male,Peshawar,Clothing,48936,2022-04-25 14:00:00
2752,2274,Customer_2752,50,Male,Islamabad,Electronics,40713,2022-04-25 15:00:00
2753,1956,Customer_2753,36,Male,Karachi,Grocery,28611,2022-04-25 16:00:00
2754,2939,Customer_2754,45,Female,Karachi,Clothing,4784,2022-04-25 17:00:00
2755,2905,Customer_2755,54,Female,Peshawar,Electronics,18085,2022-04-25 18:00:00
2756,1333,Customer_2756,43,Male,Karachi,Clothing,65539,2022-04-25 19:00:00
2757,2665,Customer_2757,52,Female,Quetta,Clothing,7631,2022-04-25 20:00:00
2758,1968,Customer_2758,51,Female,Lahore,Furniture,43882,2022-04-25 21:00:00
2759,1510,Customer_2759,52,Female,Peshawar,Electronics,34027,2022-04-25 22:00:00
2760,2316,Customer_2760,57,Female,Islamabad,Furniture,31436,2022-04-25 23:00:00
2761,2043,Customer_2761,33,Male,Lahore,Grocery,53941,2022-04-26 00:00:00
2762,1281,Customer_2762,55,Female,Karachi,Electronics,55098,2022-04-26 01:00:00
2763,1796,Customer_2763,30,Female,Karachi,Furniture,79720,2022-04-26 02:00:00
2764,2024,Customer_2764,40,Male,Islamabad,Furniture,21142,2022-04-26 03:00:00
2765,1118,Customer_2765,39,Male,Quetta,Grocery,70407,2022-04-26 04:00:00
2766,2058,Customer_2766,33,Male,Islamabad,Clothing,13151,2022-04-26 05:00:00
2767,1197,Customer_2767,45,Male,Peshawar,Clothing,2165,2022-04-26 06:00:00
2768,1484,Customer_2768,52,Female,Islamabad,Clothing,7418,2022-04-26 07:00:00
2769,2780,Customer_2769,62,Male,Karachi,Grocery,23507,2022-04-26 08:00:00
2770,2082,Customer_2770,63,Female,Quetta,Furniture,76230,2022-04-26 09:00:00
2771,1836,Customer_2771,25,Female,Quetta,Electronics,25535,2022-04-26 10:00:00
2772,2184,Customer_2772,61,Male,Islamabad,Grocery,77249,2022-04-26 11:00:00
2773,2008,Customer_2773,39,Male,Peshawar,Clothing,22711,2022-04-26 12:00:00
2774,1690,Customer_2774,38,Male,Karachi,Clothing,55087,2022-04-26 13:00:00
2775,2229,Customer_2775,43,Male,Lahore,Electronics,27366,2022-04-26 14:00:00
2776,2035,Customer_2776,57,Male,Quetta,Grocery,7844,2022-04-26 15:00:00
2777,1489,Customer_2777,38,Male,Islamabad,Clothing,69237,2022-04-26 16:00:00
2778,1275,Customer_2778,42,Female,Peshawar,Grocery,70788,2022-04-26 17:00:00
2779,1692,Customer_2779,58,Female,Peshawar,Furniture,63046,2022-04-26 18:00:00
2780,1241,Customer_2780,18,Female,Karachi,Grocery,10827,2022-04-26 19:00:00
2781,2239,Customer_2781,23,Female,Quetta,Furniture,49159,2022-04-26 20:00:00
2782,2274,Customer_2782,40,Male,Karachi,Electronics,46297,2022-04-26 21:00:00
2783,2834,Customer_2783,40,Male,Lahore,Furniture,72127,2022-04-26 22:00:00
2784,1125,Customer_2784,60,Female,Lahore,Furniture,28108,2022-04-26 23:00:00
2785,1216,Customer_2785,60,Female,Lahore,Electronics,28785,2022-04-27 00:00:00
2786,2329,Customer_2786,40,Female,Peshawar,Clothing,49134,2022-04-27 01:00:00
2787,2820,Customer_2787,49,Male,Quetta,Electronics,40789,2022-04-27 02:00:00
2788,2208,Customer_2788,47,Male,Karachi,Grocery,18507,2022-04-27 03:00:00
2789,2062,Customer_2789,30,Male,Karachi,Electronics,25757,2022-04-27 04:00:00
2790,2246,Customer_2790,60,Female,Lahore,Grocery,30284,2022-04-27 05:00:00
2791,2207,Customer_2791,35,Female,Quetta,Clothing,39088,2022-04-27 06:00:00
2792,1494,Customer_2792,40,Male,Quetta,Grocery,44721,2022-04-27 07:00:00
2793,1426,Customer_2793,32,Male,Islamabad,Electronics,21878,2022-04-27 08:00:00
2794,2201,Customer_2794,50,Female,Quetta,Electronics,5196,2022-04-27 09:00:00
2795,1918,Customer_2795,38,Female,Quetta,Clothing,35135,2022-04-27 10:00:00
2796,2451,Customer_2796,56,Male,Karachi,Electronics,59043,2022-04-27 11:00:00
2797,2317,Customer_2797,40,Female,Quetta,Clothing,19707,2022-04-27 12:00:00
2798,2875,Customer_2798,44,Male,Quetta,Clothing,28024,2022-04-27 13:00:00
2799,1150,Customer_2799,62,Male,Karachi,Electronics,29054,2022-04-27 14:00:00
2800,1383,Customer_2800,61,Female,Quetta,Furniture,12317,2022-04-27 15:00:00
2801,2661,Customer_2801,35,Female,Karachi,Grocery,55758,2022-04-27 16:00:00
2802,2836,Customer_2802,41,Female,Islamabad,Furniture,63082,2022-04-27 17:00:00
2803,1307,Customer_2803,64,Male,Peshawar,Clothing,668,2022-04-27 18:00:00
2804,2359,Customer_2804,57,Female,Karachi,Grocery,43481,2022-04-27 19:00:00
2805,2969,Customer_2805,59,Female,Karachi,Furniture,65699,2022-04-27 20:00:00
2806,1745,Customer_2806,24,Male,Quetta,Electronics,65448,2022-04-27 21:00:00
2807,1891,Customer_2807,37,Male,Karachi,Furniture,58282,2022-04-27 22:00:00
2808,1374,Customer_2808,44,Female,Lahore,Grocery,62099,2022-04-27 23:00:00
2809,2031,Customer_2809,23,Male,Lahore,Grocery,74063,2022-04-28 00:00:00
2810,2364,Customer_2810,44,Male,Islamabad,Grocery,16791,2022-04-28 01:00:00
2811,1128,Customer_2811,26,Male,Karachi,Grocery,54333,2022-04-28 02:00:00
2812,2014,Customer_2812,62,Female,Quetta,Furniture,33492,2022-04-28 03:00:00
2813,2799,Customer_2813,48,Female,Quetta,Electronics,39850,2022-04-28 04:00:00
2814,1668,Customer_2814,38,Male,Peshawar,Electronics,2073,2022-04-28 05:00:00
2815,2375,Customer_2815,43,Male,Islamabad,Grocery,9077,2022-04-28 06:00:00
2816,2381,Customer_2816,57,Male,Quetta,Electronics,9212,2022-04-28 07:00:00
2817,1516,Customer_2817,62,Female,Peshawar,Furniture,30448,2022-04-28 08:00:00
2818,2518,Customer_2818,30,Male,Quetta,Electronics,78200,2022-04-28 09:00:00
2819,1085,Customer_2819,40,Male,Peshawar,Clothing,5717,2022-04-28 10:00:00
2820,2198,Customer_2820,37,Female,Lahore,Electronics,60678,2022-04-28 11:00:00
2821,2825,Customer_2821,54,Male,Lahore,Grocery,26909,2022-04-28 12:00:00
2822,2216,Customer_2822,45,Female,Quetta,Electronics,49540,2022-04-28 13:00:00
2823,1310,Customer_2823,34,Female,Islamabad,Electronics,78770,2022-04-28 14:00:00
2824,2142,Customer_2824,45,Female,Karachi,Electronics,79566,2022-04-28 15:00:00
2825,2241,Customer_2825,58,Male,Islamabad,Electronics,78430,2022-04-28 16:00:00
2826,1426,Customer_2826,19,Male,Islamabad,Clothing,67535,2022-04-28 17:00:00
2827,2993,Customer_2827,42,Female,Karachi,Furniture,10169,2022-04-28 18:00:00
2828,2437,Customer_2828,58,Male,Lahore,Grocery,58747,2022-04-28 19:00:00
2829,1113,Customer_2829,23,Female,Lahore,Grocery,59475,2022-04-28 20:00:00
2830,2168,Customer_2830,28,Male,Karachi,Electronics,29062,2022-04-28 21:00:00
2831,2561,Customer_2831,55,Female,Peshawar,Furniture,22129,2022-04-28 22:00:00
2832,2671,Customer_2832,23,Female,Islamabad,Electronics,61963,2022-04-28 23:00:00
2833,1302,Customer_2833,62,Male,Quetta,Clothing,46507,2022-04-29 00:00:00
2834,1743,Customer_2834,28,Male,Lahore,Furniture,18628,2022-04-29 01:00:00
2835,2904,Customer_2835,31,Male,Quetta,Furniture,2539,2022-04-29 02:00:00
2836,1587,Customer_2836,19,Male,Karachi,Furniture,4357,2022-04-29 03:00:00
2837,1986,Customer_2837,57,Female,Quetta,Furniture,59519,2022-04-29 04:00:00
2838,2863,Customer_2838,20,Female,Quetta,Electronics,70986,2022-04-29 05:00:00
2839,1344,Customer_2839,52,Male,Islamabad,Clothing,13235,2022-04-29 06:00:00
2840,1813,Customer_2840,50,Male,Karachi,Furniture,35011,2022-04-29 07:00:00
2841,2987,Customer_2841,41,Female,Quetta,Grocery,46551,2022-04-29 08:00:00
2842,1800,Customer_2842,36,Male,Lahore,Grocery,53193,2022-04-29 09:00:00
2843,2024,Customer_2843,35,Male,Karachi,Clothing,69652,2022-04-29 10:00:00
2844,2170,Customer_2844,41,Male,Lahore,Grocery,30256,2022-04-29 11:00:00
2845,2310,Customer_2845,62,Male,Peshawar,Electronics,4394,2022-04-29 12:00:00
2846,2999,Customer_2846,52,Female,Quetta,Electronics,43732,2022-04-29 13:00:00
2847,2677,Customer_2847,18,Female,Karachi,Clothing,53714,2022-04-29 14:00:00
2848,2076,Customer_2848,53,Male,Lahore,Furniture,70317,2022-04-29 15:00:00
2849,2327,Customer_2849,42,Female,Quetta,Grocery,64362,2022-04-29 16:00:00
2850,2092,Customer_2850,62,Male,Islamabad,Grocery,30536,2022-04-29 17:00:00
2851,1360,Customer_2851,60,Male,Lahore,Clothing,19084,2022-04-29 18:00:00
2852,2625,Customer_2852,51,Male,Lahore,Clothing,32808,2022-04-29 19:00:00
2853,2981,Customer_2853,42,Female,Peshawar,Grocery,28833,2022-04-29 20:00:00
2854,2243,Customer_2854,33,Female,Islamabad,Furniture,36449,2022-04-29 21:00:00
2855,2985,Customer_2855,51,Female,Peshawar,Clothing,39788,2022-04-29 22:00:00
2856,2009,Customer_2856,46,Female,Islamabad,Electronics,79088,2022-04-29 23:00:00
2857,1703,Customer_2857,36,Female,Lahore,Grocery,78307,2022-04-30 00:00:00
2858,2989,Customer_2858,40,Male,Peshawar,Clothing,45767,2022-04-30 01:00:00
2859,1574,Customer_2859,36,Male,Quetta,Clothing,32675,2022-04-30 02:00:00
2860,2608,Customer_2860,42,Female,Islamabad,Clothing,9415,2022-04-30 03:00:00
2861,2184,Customer_2861,33,Female,Lahore,Grocery,72954,2022-04-30 04:00:00
2862,2704,Customer_2862,26,Female,Karachi,Electronics,60222,2022-04-30 05:00:00
2863,2112,Customer_2863,18,Male,Islamabad,Electronics,65798,2022-04-30 06:00:00
2864,1687,Customer_2864,59,Female,Islamabad,Grocery,14305,2022-04-30 07:00:00
2865,1780,Customer_2865,36,Male,Quetta,Clothing,41017,2022-04-30 08:00:00
2866,1584,Customer_2866,50,Male,Islamabad,Grocery,55216,2022-04-30 09:00:00
2867,2780,Customer_2867,51,Female,Islamabad,Grocery,3371,2022-04-30 10:00:00
2868,1588,Customer_2868,33,Male,Quetta,Clothing,37875,2022-04-30 11:00:00
2869,2182,Customer_2869,61,Male,Quetta,Grocery,46241,2022-04-30 12:00:00
2870,1488,Customer_2870,57,Female,Peshawar,Furniture,23648,2022-04-30 13:00:00
2871,1970,Customer_2871,35,Male,Lahore,Electronics,6334,2022-04-30 14:00:00
2872,2347,Customer_2872,51,Female,Lahore,Furniture,43180,2022-04-30 15:00:00
2873,2633,Customer_2873,42,Male,Peshawar,Furniture,3899,2022-04-30 16:00:00
2874,2404,Customer_2874,62,Female,Lahore,Furniture,64591,2022-04-30 17:00:00
2875,2125,Customer_2875,23,Female,Islamabad,Grocery,22262,2022-04-30 18:00:00
2876,1493,Customer_2876,38,Male,Peshawar,Clothing,51509,2022-04-30 19:00:00
2877,2667,Customer_2877,23,Female,Peshawar,Grocery,76993,2022-04-30 20:00:00
2878,2637,Customer_2878,49,Male,Lahore,Electronics,52048,2022-04-30 21:00:00
2879,1018,Customer_2879,58,Male,Karachi,Grocery,28840,2022-04-30 22:00:00
2880,2477,Customer_2880,60,Female,Lahore,Grocery,61865,2022-04-30 23:00:00
2881,2505,Customer_2881,56,Male,Karachi,Grocery,60290,2022-05-01 00:00:00
2882,2617,Customer_2882,48,Female,Peshawar,Grocery,68297,2022-05-01 01:00:00
2883,1396,Customer_2883,59,Male,Karachi,Furniture,12309,2022-05-01 02:00:00
2884,2000,Customer_2884,27,Male,Islamabad,Clothing,18196,2022-05-01 03:00:00
2885,2302,Customer_2885,47,Female,Quetta,Electronics,51957,2022-05-01 04:00:00
2886,1850,Customer_2886,35,Male,Karachi,Electronics,22391,2022-05-01 05:00:00
2887,2388,Customer_2887,41,Male,Quetta,Electronics,59651,2022-05-01 06:00:00
2888,2354,Customer_2888,26,Male,Islamabad,Grocery,63508,2022-05-01 07:00:00
2889,2664,Customer_2889,48,Male,Quetta,Electronics,52988,2022-05-01 08:00:00
2890,2367,Customer_2890,32,Male,Islamabad,Furniture,57132,2022-05-01 09:00:00
2891,1821,Customer_2891,21,Male,Quetta,Clothing,67033,2022-05-01 10:00:00
2892,1454,Customer_2892,57,Male,Quetta,Grocery,72389,2022-05-01 11:00:00
2893,2624,Customer_2893,26,Male,Lahore,Grocery,58442,2022-05-01 12:00:00
2894,1724,Customer_2894,62,Female,Karachi,Furniture,9775,2022-05-01 13:00:00
2895,2678,Customer_2895,26,Male,Quetta,Electronics,20465,2022-05-01 14:00:00
2896,2088,Customer_2896,43,Male,Peshawar,Grocery,36354,2022-05-01 15:00:00
2897,2099,Customer_2897,21,Female,Lahore,Grocery,16473,2022-05-01 16:00:00
2898,1710,Customer_2898,34,Female,Karachi,Furniture,27378,2022-05-01 17:00:00
2899,1142,Customer_2899,33,Female,Lahore,Furniture,17605,2022-05-01 18:00:00
2900,1916,Customer_2900,32,Male,Karachi,Electronics,65246,2022-05-01 19:00:00
2901,2938,Customer_2901,52,Female,Islamabad,Clothing,40435,2022-05-01 20:00:00
2902,1827,Customer_2902,22,Female,Quetta,Clothing,33284,2022-05-01 21:00:00
2903,1604,Customer_2903,22,Male,Peshawar,Electronics,32101,2022-05-01 22:00:00
2904,2496,Customer_2904,37,Male,Lahore,Clothing,40365,2022-05-01 23:00:00
2905,2440,Customer_2905,32,Female,Lahore,Furniture,79201,2022-05-02 00:00:00
2906,1304,Customer_2906,35,Female,Lahore,Furniture,19116,2022-05-02 01:00:00
2907,1735,Customer_2907,64,Male,Lahore,Furniture,12154,2022-05-02 02:00:00
2908,2520,Customer_2908,19,Male,Quetta,Clothing,18330,2022-05-02 03:00:00
2909,1290,Customer_2909,46,Male,Karachi,Clothing,16705,2022-05-02 04:00:00
2910,2963,Customer_2910,30,Male,Quetta,Grocery,42925,2022-05-02 05:00:00
2911,1101,Customer_2911,21,Male,Islamabad,Grocery,77995,2022-05-02 06:00:00
2912,2290,Customer_2912,59,Female,Quetta,Grocery,77855,2022-05-02 07:00:00
2913,1866,Customer_2913,62,Male,Quetta,Clothing,36351,2022-05-02 08:00:00
2914,1967,Customer_2914,27,Male,Islamabad,Grocery,7452,2022-05-02 09:00:00
2915,2645,Customer_2915,48,Male,Quetta,Furniture,47905,2022-05-02 10:00:00
2916,1973,Customer_2916,58,Male,Karachi,Clothing,5891,2022-05-02 11:00:00
2917,1841,Customer_2917,25,Male,Peshawar,Electronics,62968,2022-05-02 12:00:00
2918,1961,Customer_2918,20,Female,Islamabad,Clothing,15591,2022-05-02 13:00:00
2919,1941,Customer_2919,63,Male,Lahore,Grocery,30737,2022-05-02 14:00:00
2920,2800,Customer_2920,26,Female,Karachi,Clothing,58853,2022-05-02 15:00:00
2921,2026,Customer_2921,47,Male,Peshawar,Grocery,75000,2022-05-02 16:00:00
2922,1084,Customer_2922,28,Female,Karachi,Grocery,41182,2022-05-02 17:00:00
2923,2817,Customer_2923,52,Female,Karachi,Electronics,50134,2022-05-02 18:00:00
2924,1327,Customer_2924,54,Male,Lahore,Electronics,27468,2022-05-02 19:00:00
2925,1815,Customer_2925,59,Male,Peshawar,Furniture,55333,2022-05-02 20:00:00
2926,2473,Customer_2926,30,Male,Karachi,Grocery,40705,2022-05-02 21:00:00
2927,1453,Customer_2927,53,Male,Lahore,Clothing,77407,2022-05-02 22:00:00
2928,2947,Customer_2928,30,Male,Islamabad,Electronics,43041,2022-05-02 23:00:00
2929,1628,Customer_2929,29,Female,Lahore,Electronics,28785,2022-05-03 00:00:00
2930,2244,Customer_2930,54,Male,Quetta,Grocery,53013,2022-05-03 01:00:00
2931,2177,Customer_2931,27,Male,Lahore,Clothing,15930,2022-05-03 02:00:00
2932,1664,Customer_2932,26,Female,Lahore,Electronics,9533,2022-05-03 03:00:00
2933,1011,Customer_2933,24,Male,Lahore,Electronics,20418,2022-05-03 04:00:00
2934,2156,Customer_2934,19,Female,Karachi,Clothing,18756,2022-05-03 05:00:00
2935,1303,Customer_2935,40,Male,Peshawar,Electronics,49022,2022-05-03 06:00:00
2936,2316,Customer_2936,56,Female,Lahore,Clothing,64853,2022-05-03 07:00:00
2937,1974,Customer_2937,57,Male,Lahore,Grocery,31688,2022-05-03 08:00:00
2938,2323,Customer_2938,56,Female,Quetta,Electronics,55634,2022-05-03 09:00:00
2939,2763,Customer_2939,38,Female,Quetta,Grocery,53157,2022-05-03 10:00:00
2940,1782,Customer_2940,40,Male,Islamabad,Clothing,36588,2022-05-03 11:00:00
2941,1042,Customer_2941,46,Male,Islamabad,Grocery,15479,2022-05-03 12:00:00
2942,1943,Customer_2942,31,Male,Quetta,Grocery,68764,2022-05-03 13:00:00
2943,1342,Customer_2943,43,Female,Peshawar,Grocery,50606,2022-05-03 14:00:00
2944,2349,Customer_2944,22,Female,Islamabad,Furniture,2095,2022-05-03 15:00:00
2945,2837,Customer_2945,48,Female,Peshawar,Clothing,33124,2022-05-03 16:00:00
2946,1497,Customer_2946,42,Male,Quetta,Clothing,68324,2022-05-03 17:00:00
2947,1363,Customer_2947,48,Male,Islamabad,Clothing,40931,2022-05-03 18:00:00
2948,1890,Customer_2948,37,Female,Lahore,Clothing,17627,2022-05-03 19:00:00
2949,1426,Customer_2949,61,Male,Quetta,Clothing,18378,2022-05-03 20:00:00
2950,2004,Customer_2950,34,Female,Islamabad,Electronics,72980,2022-05-03 21:00:00
2951,1020,Customer_2951,62,Male,Peshawar,Electronics,61190,2022-05-03 22:00:00
2952,1406,Customer_2952,19,Male,Peshawar,Electronics,78338,2022-05-03 23:00:00
2953,1618,Customer_2953,42,Female,Islamabad,Grocery,56860,2022-05-04 00:00:00
2954,2014,Customer_2954,30,Male,Peshawar,Grocery,707,2022-05-04 01:00:00
2955,1335,Customer_2955,56,Male,Islamabad,Clothing,1583,2022-05-04 02:00:00
2956,2838,Customer_2956,45,Male,Islamabad,Furniture,52064,2022-05-04 03:00:00
2957,2140,Customer_2957,59,Male,Peshawar,Clothing,3811,2022-05-04 04:00:00
2958,2147,Customer_2958,23,Male,Karachi,Electronics,23635,2022-05-04 05:00:00
2959,1398,Customer_2959,20,Female,Lahore,Clothing,57609,2022-05-04 06:00:00
2960,1792,Customer_2960,52,Male,Quetta,Grocery,61854,2022-05-04 07:00:00
2961,2827,Customer_2961,35,Female,Lahore,Clothing,64147,2022-05-04 08:00:00
2962,1714,Customer_2962,28,Male,Quetta,Electronics,59801,2022-05-04 09:00:00
2963,1050,Customer_2963,37,Male,Quetta,Clothing,62733,2022-05-04 10:00:00
2964,2806,Customer_2964,22,Female,Lahore,Grocery,46712,2022-05-04 11:00:00
2965,1323,Customer_2965,36,Female,Islamabad,Furniture,58276,2022-05-04 12:00:00
2966,1788,Customer_2966,39,Male,Peshawar,Electronics,71886,2022-05-04 13:00:00
2967,1140,Customer_2967,36,Male,Karachi,Clothing,52088,2022-05-04 14:00:00
2968,1469,Customer_2968,64,Female,Karachi,Grocery,32216,2022-05-04 15:00:00
2969,1786,Customer_2969,33,Female,Karachi,Electronics,78755,2022-05-04 16:00:00
2970,2825,Customer_2970,41,Female,Lahore,Electronics,22277,2022-05-04 17:00:00
2971,2357,Customer_2971,58,Female,Lahore,Grocery,49785,2022-05-04 18:00:00
2972,2916,Customer_2972,21,Male,Islamabad,Clothing,29288,2022-05-04 19:00:00
2973,1963,Customer_2973,32,Male,Karachi,Clothing,4519,2022-05-04 20:00:00
2974,2007,Customer_2974,42,Male,Islamabad,Clothing,75518,2022-05-04 21:00:00
2975,1372,Customer_2975,61,Male,Karachi,Electronics,47373,2022-05-04 22:00:00
2976,2587,Customer_2976,52,Male,Lahore,Furniture,10395,2022-05-04 23:00:00
2977,1493,Customer_2977,31,Female,Peshawar,Electronics,49513,2022-05-05 00:00:00
2978,2562,Customer_2978,36,Female,Peshawar,Clothing,60070,2022-05-05 01:00:00
2979,2692,Customer_2979,55,Female,Peshawar,Electronics,76423,2022-05-05 02:00:00
2980,1750,Customer_2980,53,Male,Peshawar,Furniture,48172,2022-05-05 03:00:00
2981,2179,Customer_2981,24,Female,Quetta,Electronics,6621,2022-05-05 04:00:00
2982,1290,Customer_2982,47,Male,Karachi,Grocery,68363,2022-05-05 05:00:00
2983,2671,Customer_2983,36,Male,Peshawar,Clothing,19430,2022-05-05 06:00:00
2984,2167,Customer_2984,42,Male,Quetta,Clothing,50487,2022-05-05 07:00:00
2985,1105,Customer_2985,33,Female,Quetta,Clothing,36002,2022-05-05 08:00:00
2986,2443,Customer_2986,64,Male,Quetta,Electronics,32188,2022-05-05 09:00:00
2987,1669,Customer_2987,57,Male,Islamabad,Electronics,7804,2022-05-05 10:00:00
2988,2681,Customer_2988,25,Female,Islamabad,Electronics,4549,2022-05-05 11:00:00
2989,1001,Customer_2989,35,Male,Quetta,Clothing,15447,2022-05-05 12:00:00
2990,2968,Customer_2990,45,Female,Peshawar,Electronics,9995,2022-05-05 13:00:00
2991,1588,Customer_2991,33,Male,Karachi,Clothing,25207,2022-05-05 14:00:00
2992,1643,Customer_2992,36,Female,Lahore,Electronics,62420,2022-05-05 15:00:00
2993,1089,Customer_2993,59,Male,Islamabad,Clothing,45044,2022-05-05 16:00:00
2994,2368,Customer_2994,34,Male,Peshawar,Grocery,31206,2022-05-05 17:00:00
2995,1349,Customer_2995,62,Female,Peshawar,Electronics,34493,2022-05-05 18:00:00
2996,2482,Customer_2996,30,Male,Lahore,Clothing,15487,2022-05-05 19:00:00
2997,2286,Customer_2997,24,Female,Lahore,Grocery,19589,2022-05-05 20:00:00
2998,2374,Customer_2998,44,Male,Peshawar,Grocery,66497,2022-05-05 21:00:00
2999,2131,Customer_2999,27,Female,Lahore,Furniture,10493,2022-05-05 22:00:00
3000,2609,Customer_3000,51,Male,Peshawar,Electronics,11965,2022-05-05 23:00:00
3001,2062,Customer_3001,53,Male,Lahore,Clothing,33140,2022-05-06 00:00:00
3002,1908,Customer_3002,42,Male,Lahore,Furniture,76497,2022-05-06 01:00:00
3003,1158,Customer_3003,23,Female,Peshawar,Electronics,12866,2022-05-06 02:00:00
3004,2606,Customer_3004,41,Female,Quetta,Grocery,30395,2022-05-06 03:00:00
3005,1958,Customer_3005,35,Female,Peshawar,Electronics,2285,2022-05-06 04:00:00
3006,1311,Customer_3006,40,Female,Karachi,Clothing,6742,2022-05-06 05:00:00
3007,2264,Customer_3007,23,Female,Lahore,Grocery,25029,2022-05-06 06:00:00
3008,2961,Customer_3008,46,Male,Islamabad,Furniture,64899,2022-05-06 07:00:00
3009,1444,Customer_3009,42,Male,Lahore,Electronics,6856,2022-05-06 08:00:00
3010,1297,Customer_3010,34,Male,Karachi,Electronics,23729,2022-05-06 09:00:00
3011,1951,Customer_3011,63,Male,Islamabad,Furniture,18720,2022-05-06 10:00:00
3012,1035,Customer_3012,41,Male,Islamabad,Electronics,26151,2022-05-06 11:00:00
3013,2107,Customer_3013,28,Female,Peshawar,Electronics,62350,2022-05-06 12:00:00
3014,2475,Customer_3014,43,Male,Quetta,Electronics,34761,2022-05-06 13:00:00
3015,2909,Customer_3015,51,Female,Peshawar,Grocery,58979,2022-05-06 14:00:00
3016,2798,Customer_3016,45,Male,Islamabad,Grocery,51200,2022-05-06 15:00:00
3017,2845,Customer_3017,20,Female,Islamabad,Clothing,42880,2022-05-06 16:00:00
3018,2408,Customer_3018,28,Female,Quetta,Electronics,27511,2022-05-06 17:00:00
3019,2195,Customer_3019,55,Female,Lahore,Clothing,49103,2022-05-06 18:00:00
3020,2399,Customer_3020,31,Male,Quetta,Grocery,18947,2022-05-06 19:00:00
3021,2708,Customer_3021,43,Male,Peshawar,Electronics,76377,2022-05-06 20:00:00
3022,2385,Customer_3022,38,Male,Lahore,Clothing,75178,2022-05-06 21:00:00
3023,1558,Customer_3023,56,Male,Peshawar,Electronics,65083,2022-05-06 22:00:00
3024,1890,Customer_3024,47,Female,Quetta,Electronics,63556,2022-05-06 23:00:00
3025,1140,Customer_3025,25,Female,Lahore,Furniture,12517,2022-05-07 00:00:00
3026,1886,Customer_3026,37,Female,Quetta,Clothing,38380,2022-05-07 01:00:00
3027,2941,Customer_3027,49,Female,Karachi,Grocery,1855,2022-05-07 02:00:00
3028,2141,Customer_3028,39,Male,Islamabad,Clothing,59436,2022-05-07 03:00:00
3029,2300,Customer_3029,24,Female,Lahore,Clothing,65108,2022-05-07 04:00:00
3030,1725,Customer_3030,26,Male,Islamabad,Clothing,47766,2022-05-07 05:00:00
3031,2243,Customer_3031,62,Female,Karachi,Furniture,55054,2022-05-07 06:00:00
3032,2928,Customer_3032,18,Female,Lahore,Electronics,58715,2022-05-07 07:00:00
3033,2049,Customer_3033,46,Female,Islamabad,Grocery,61156,2022-05-07 08:00:00
3034,1520,Customer_3034,25,Male,Islamabad,Furniture,54604,2022-05-07 09:00:00
3035,2806,Customer_3035,21,Male,Lahore,Grocery,77344,2022-05-07 10:00:00
3036,1009,Customer_3036,52,Female,Islamabad,Furniture,1469,2022-05-07 11:00:00
3037,1983,Customer_3037,20,Female,Islamabad,Electronics,754,2022-05-07 12:00:00
3038,1377,Customer_3038,62,Female,Lahore,Grocery,10806,2022-05-07 13:00:00
3039,2656,Customer_3039,57,Male,Islamabad,Clothing,66016,2022-05-07 14:00:00
3040,2660,Customer_3040,24,Male,Islamabad,Furniture,68697,2022-05-07 15:00:00
3041,1681,Customer_3041,44,Male,Peshawar,Grocery,18723,2022-05-07 16:00:00
3042,1583,Customer_3042,18,Female,Peshawar,Electronics,71941,2022-05-07 17:00:00
3043,1151,Customer_3043,44,Male,Karachi,Grocery,68467,2022-05-07 18:00:00
3044,1719,Customer_3044,33,Female,Peshawar,Furniture,73792,2022-05-07 19:00:00
3045,2072,Customer_3045,55,Male,Peshawar,Electronics,71389,2022-05-07 20:00:00
3046,2177,Customer_3046,24,Female,Karachi,Clothing,50617,2022-05-07 21:00:00
3047,1858,Customer_3047,61,Female,Islamabad,Furniture,2237,2022-05-07 22:00:00
3048,2316,Customer_3048,40,Male,Islamabad,Furniture,32976,2022-05-07 23:00:00
3049,2603,Customer_3049,58,Female,Peshawar,Electronics,24825,2022-05-08 00:00:00
3050,1049,Customer_3050,28,Female,Karachi,Furniture,12826,2022-05-08 01:00:00
3051,1663,Customer_3051,59,Female,Islamabad,Grocery,13411,2022-05-08 02:00:00
3052,1530,Customer_3052,50,Male,Quetta,Clothing,29580,2022-05-08 03:00:00
3053,2635,Customer_3053,53,Female,Lahore,Grocery,23135,2022-05-08 04:00:00
3054,2083,Customer_3054,54,Male,Lahore,Electronics,51679,2022-05-08 05:00:00
3055,2190,Customer_3055,58,Male,Lahore,Furniture,5713,2022-05-08 06:00:00
3056,2225,Customer_3056,34,Female,Peshawar,Clothing,57642,2022-05-08 07:00:00
3057,1856,Customer_3057,52,Male,Lahore,Electronics,64045,2022-05-08 08:00:00
3058,1145,Customer_3058,22,Female,Lahore,Grocery,28440,2022-05-08 09:00:00
3059,1914,Customer_3059,49,Male,Quetta,Furniture,49104,2022-05-08 10:00:00
3060,2699,Customer_3060,20,Female,Islamabad,Furniture,74832,2022-05-08 11:00:00
3061,2993,Customer_3061,64,Male,Quetta,Electronics,49619,2022-05-08 12:00:00
3062,1992,Customer_3062,52,Female,Peshawar,Grocery,62104,2022-05-08 13:00:00
3063,2462,Customer_3063,31,Female,Lahore,Furniture,17320,2022-05-08 14:00:00
3064,1241,Customer_3064,48,Female,Islamabad,Grocery,77002,2022-05-08 15:00:00
3065,1580,Customer_3065,48,Female,Lahore,Clothing,67845,2022-05-08 16:00:00
3066,1686,Customer_3066,34,Male,Lahore,Furniture,39814,2022-05-08 17:00:00
3067,2584,Customer_3067,41,Male,Peshawar,Clothing,41375,2022-05-08 18:00:00
3068,1482,Customer_3068,40,Female,Lahore,Furniture,71541,2022-05-08 19:00:00
3069,2131,Customer_3069,35,Male,Karachi,Electronics,71293,2022-05-08 20:00:00
3070,2249,Customer_3070,31,Female,Islamabad,Furniture,5409,2022-05-08 21:00:00
3071,1672,Customer_3071,32,Female,Islamabad,Furniture,15366,2022-05-08 22:00:00
3072,1630,Customer_3072,32,Male,Karachi,Grocery,43289,2022-05-08 23:00:00
3073,1660,Customer_3073,23,Male,Peshawar,Grocery,66497,2022-05-09 00:00:00
3074,1661,Customer_3074,44,Female,Lahore,Clothing,28960,2022-05-09 01:00:00
3075,2455,Customer_3075,32,Male,Lahore,Clothing,49000,2022-05-09 02:00:00
3076,1804,Customer_3076,53,Female,Islamabad,Clothing,69269,2022-05-09 03:00:00
3077,2678,Customer_3077,25,Male,Peshawar,Furniture,12628,2022-05-09 04:00:00
3078,1418,Customer_3078,32,Male,Peshawar,Furniture,5702,2022-05-09 05:00:00
3079,1987,Customer_3079,20,Male,Peshawar,Clothing,65827,2022-05-09 06:00:00
3080,2478,Customer_3080,64,Male,Lahore,Electronics,48465,2022-05-09 07:00:00
3081,2183,Customer_3081,30,Male,Peshawar,Electronics,31738,2022-05-09 08:00:00
3082,2546,Customer_3082,58,Female,Karachi,Furniture,79758,2022-05-09 09:00:00
3083,1649,Customer_3083,51,Male,Quetta,Electronics,49740,2022-05-09 10:00:00
3084,1968,Customer_3084,41,Male,Peshawar,Electronics,69337,2022-05-09 11:00:00
3085,1589,Customer_3085,57,Female,Quetta,Clothing,54789,2022-05-09 12:00:00
3086,2100,Customer_3086,49,Female,Lahore,Electronics,33044,2022-05-09 13:00:00
3087,1508,Customer_3087,49,Female,Peshawar,Electronics,60564,2022-05-09 14:00:00
3088,1440,Customer_3088,47,Male,Islamabad,Furniture,22913,2022-05-09 15:00:00
3089,2277,Customer_3089,30,Male,Lahore,Furniture,49399,2022-05-09 16:00:00
3090,1920,Customer_3090,18,Female,Karachi,Furniture,70469,2022-05-09 17:00:00
3091,1769,Customer_3091,51,Female,Karachi,Electronics,33533,2022-05-09 18:00:00
3092,2343,Customer_3092,32,Female,Quetta,Clothing,1878,2022-05-09 19:00:00
3093,2826,Customer_3093,61,Female,Quetta,Grocery,7003,2022-05-09 20:00:00
3094,1262,Customer_3094,31,Male,Islamabad,Furniture,43274,2022-05-09 21:00:00
3095,2620,Customer_3095,46,Male,Islamabad,Furniture,60108,2022-05-09 22:00:00
3096,2681,Customer_3096,51,Male,Karachi,Furniture,34117,2022-05-09 23:00:00
3097,2858,Customer_3097,35,Male,Peshawar,Clothing,5314,2022-05-10 00:00:00
3098,2577,Customer_3098,24,Male,Karachi,Grocery,58835,2022-05-10 01:00:00
3099,2397,Customer_3099,46,Female,Karachi,Grocery,24263,2022-05-10 02:00:00
3100,1636,Customer_3100,48,Male,Islamabad,Furniture,10500,2022-05-10 03:00:00
3101,2190,Customer_3101,42,Female,Quetta,Electronics,3774,2022-05-10 04:00:00
3102,2960,Customer_3102,55,Female,Islamabad,Furniture,50368,2022-05-10 05:00:00
3103,2776,Customer_3103,31,Female,Islamabad,Furniture,54732,2022-05-10 06:00:00
3104,1458,Customer_3104,25,Male,Islamabad,Electronics,14727,2022-05-10 07:00:00
3105,1998,Customer_3105,44,Female,Karachi,Electronics,17779,2022-05-10 08:00:00
3106,2303,Customer_3106,19,Male,Peshawar,Furniture,75404,2022-05-10 09:00:00
3107,1699,Customer_3107,34,Female,Karachi,Clothing,65440,2022-05-10 10:00:00
3108,1301,Customer_3108,54,Male,Lahore,Clothing,43236,2022-05-10 11:00:00
3109,2554,Customer_3109,31,Female,Islamabad,Electronics,10151,2022-05-10 12:00:00
3110,2603,Customer_3110,42,Male,Islamabad,Furniture,79939,2022-05-10 13:00:00
3111,2241,Customer_3111,47,Female,Lahore,Clothing,8271,2022-05-10 14:00:00
3112,2125,Customer_3112,46,Female,Islamabad,Furniture,79496,2022-05-10 15:00:00
3113,1553,Customer_3113,37,Female,Islamabad,Furniture,70673,2022-05-10 16:00:00
3114,1287,Customer_3114,38,Female,Islamabad,Furniture,41334,2022-05-10 17:00:00
3115,2190,Customer_3115,39,Male,Lahore,Clothing,4053,2022-05-10 18:00:00
3116,1620,Customer_3116,52,Male,Karachi,Grocery,34617,2022-05-10 19:00:00
3117,2005,Customer_3117,54,Male,Islamabad,Furniture,77558,2022-05-10 20:00:00
3118,1035,Customer_3118,33,Female,Peshawar,Clothing,62637,2022-05-10 21:00:00
3119,1743,Customer_3119,60,Female,Lahore,Grocery,35390,2022-05-10 22:00:00
3120,2764,Customer_3120,34,Female,Quetta,Electronics,79928,2022-05-10 23:00:00
3121,1352,Customer_3121,33,Female,Lahore,Clothing,9189,2022-05-11 00:00:00
3122,2699,Customer_3122,19,Female,Karachi,Grocery,28563,2022-05-11 01:00:00
3123,2922,Customer_3123,21,Female,Lahore,Clothing,57698,2022-05-11 02:00:00
3124,1072,Customer_3124,38,Male,Quetta,Grocery,1863,2022-05-11 03:00:00
3125,1647,Customer_3125,56,Male,Peshawar,Grocery,17191,2022-05-11 04:00:00
3126,2376,Customer_3126,51,Male,Quetta,Clothing,3251,2022-05-11 05:00:00
3127,2914,Customer_3127,47,Male,Lahore,Electronics,8282,2022-05-11 06:00:00
3128,2093,Customer_3128,23,Male,Quetta,Furniture,13040,2022-05-11 07:00:00
3129,1424,Customer_3129,34,Male,Lahore,Grocery,46491,2022-05-11 08:00:00
3130,1998,Customer_3130,56,Male,Peshawar,Furniture,71375,2022-05-11 09:00:00
3131,1707,Customer_3131,42,Male,Peshawar,Electronics,28109,2022-05-11 10:00:00
3132,2804,Customer_3132,22,Female,Karachi,Furniture,57155,2022-05-11 11:00:00
3133,1560,Customer_3133,22,Female,Peshawar,Furniture,71884,2022-05-11 12:00:00
3134,1827,Customer_3134,37,Female,Islamabad,Clothing,63677,2022-05-11 13:00:00
3135,2665,Customer_3135,33,Female,Quetta,Clothing,58896,2022-05-11 14:00:00
3136,1955,Customer_3136,58,Female,Quetta,Electronics,17377,2022-05-11 15:00:00
3137,1516,Customer_3137,54,Female,Lahore,Clothing,18905,2022-05-11 16:00:00
3138,1427,Customer_3138,57,Female,Peshawar,Grocery,49129,2022-05-11 17:00:00
3139,2562,Customer_3139,26,Male,Karachi,Electronics,46733,2022-05-11 18:00:00
3140,1159,Customer_3140,22,Male,Karachi,Clothing,21971,2022-05-11 19:00:00
3141,1148,Customer_3141,59,Female,Karachi,Clothing,3802,2022-05-11 20:00:00
3142,1775,Customer_3142,19,Male,Islamabad,Electronics,24011,2022-05-11 21:00:00
3143,2253,Customer_3143,26,Male,Peshawar,Grocery,5522,2022-05-11 22:00:00
3144,2735,Customer_3144,60,Male,Karachi,Electronics,43739,2022-05-11 23:00:00
3145,2585,Customer_3145,53,Male,Islamabad,Clothing,72191,2022-05-12 00:00:00
3146,1066,Customer_3146,39,Male,Quetta,Clothing,59769,2022-05-12 01:00:00
3147,2013,Customer_3147,39,Female,Lahore,Electronics,58898,2022-05-12 02:00:00
3148,2835,Customer_3148,39,Male,Peshawar,Grocery,62395,2022-05-12 03:00:00
3149,1380,Customer_3149,51,Female,Peshawar,Grocery,70390,2022-05-12 04:00:00
3150,1057,Customer_3150,46,Female,Quetta,Furniture,35784,2022-05-12 05:00:00
3151,2282,Customer_3151,55,Female,Peshawar,Grocery,49140,2022-05-12 06:00:00
3152,1341,Customer_3152,63,Male,Peshawar,Electronics,76192,2022-05-12 07:00:00
3153,2861,Customer_3153,50,Female,Peshawar,Grocery,22953,2022-05-12 08:00:00
3154,2153,Customer_3154,35,Female,Peshawar,Grocery,74874,2022-05-12 09:00:00
3155,1726,Customer_3155,24,Female,Islamabad,Furniture,38476,2022-05-12 10:00:00
3156,2195,Customer_3156,18,Female,Islamabad,Grocery,14225,2022-05-12 11:00:00
3157,1769,Customer_3157,50,Male,Lahore,Furniture,75373,2022-05-12 12:00:00
3158,1613,Customer_3158,18,Female,Peshawar,Furniture,76737,2022-05-12 13:00:00
3159,2232,Customer_3159,41,Female,Quetta,Grocery,43543,2022-05-12 14:00:00
3160,2826,Customer_3160,21,Female,Karachi,Clothing,77580,2022-05-12 15:00:00
3161,1353,Customer_3161,21,Female,Lahore,Electronics,65490,2022-05-12 16:00:00
3162,2494,Customer_3162,35,Male,Karachi,Electronics,47309,2022-05-12 17:00:00
3163,2821,Customer_3163,44,Female,Karachi,Grocery,17205,2022-05-12 18:00:00
3164,1115,Customer_3164,60,Female,Peshawar,Electronics,63631,2022-05-12 19:00:00
3165,2287,Customer_3165,49,Female,Quetta,Electronics,76515,2022-05-12 20:00:00
3166,1661,Customer_3166,50,Female,Karachi,Furniture,62956,2022-05-12 21:00:00
3167,2835,Customer_3167,45,Female,Karachi,Clothing,77359,2022-05-12 22:00:00
3168,2465,Customer_3168,59,Female,Lahore,Electronics,78973,2022-05-12 23:00:00
3169,2571,Customer_3169,58,Male,Quetta,Clothing,23589,2022-05-13 00:00:00
3170,1452,Customer_3170,53,Female,Quetta,Electronics,67738,2022-05-13 01:00:00
3171,2868,Customer_3171,23,Male,Karachi,Clothing,76440,2022-05-13 02:00:00
3172,2500,Customer_3172,33,Male,Quetta,Clothing,74416,2022-05-13 03:00:00
3173,1286,Customer_3173,51,Female,Lahore,Electronics,61896,2022-05-13 04:00:00
3174,2326,Customer_3174,40,Male,Lahore,Furniture,4377,2022-05-13 05:00:00
3175,2016,Customer_3175,59,Female,Lahore,Clothing,73712,2022-05-13 06:00:00
3176,1310,Customer_3176,41,Male,Peshawar,Clothing,32318,2022-05-13 07:00:00
3177,1207,Customer_3177,30,Female,Karachi,Electronics,49055,2022-05-13 08:00:00
3178,1617,Customer_3178,35,Male,Quetta,Clothing,42868,2022-05-13 09:00:00
3179,1445,Customer_3179,30,Male,Lahore,Clothing,48680,2022-05-13 10:00:00
3180,1669,Customer_3180,54,Female,Karachi,Furniture,49921,2022-05-13 11:00:00
3181,1632,Customer_3181,60,Male,Karachi,Clothing,27120,2022-05-13 12:00:00
3182,1054,Customer_3182,56,Male,Peshawar,Furniture,61039,2022-05-13 13:00:00
3183,1911,Customer_3183,59,Male,Quetta,Clothing,17577,2022-05-13 14:00:00
3184,2035,Customer_3184,34,Male,Quetta,Clothing,13163,2022-05-13 15:00:00
3185,1656,Customer_3185,32,Male,Lahore,Furniture,47785,2022-05-13 16:00:00
3186,2423,Customer_3186,35,Female,Lahore,Furniture,51735,2022-05-13 17:00:00
3187,2931,Customer_3187,40,Male,Karachi,Grocery,18119,2022-05-13 18:00:00
3188,2671,Customer_3188,47,Male,Quetta,Clothing,70003,2022-05-13 19:00:00
3189,1979,Customer_3189,51,Female,Quetta,Furniture,57977,2022-05-13 20:00:00
3190,1514,Customer_3190,21,Female,Lahore,Clothing,27988,2022-05-13 21:00:00
3191,2679,Customer_3191,20,Female,Islamabad,Clothing,79247,2022-05-13 22:00:00
3192,2565,Customer_3192,24,Male,Karachi,Clothing,21669,2022-05-13 23:00:00
3193,1236,Customer_3193,35,Male,Quetta,Electronics,30873,2022-05-14 00:00:00
3194,2302,Customer_3194,59,Male,Peshawar,Grocery,33169,2022-05-14 01:00:00
3195,1347,Customer_3195,24,Male,Peshawar,Electronics,55777,2022-05-14 02:00:00
3196,1626,Customer_3196,57,Female,Islamabad,Grocery,72670,2022-05-14 03:00:00
3197,2127,Customer_3197,23,Female,Lahore,Clothing,55620,2022-05-14 04:00:00
3198,1629,Customer_3198,39,Male,Lahore,Clothing,66876,2022-05-14 05:00:00
3199,2540,Customer_3199,18,Male,Lahore,Furniture,54735,2022-05-14 06:00:00
3200,2895,Customer_3200,21,Male,Peshawar,Grocery,34729,2022-05-14 07:00:00
3201,2271,Customer_3201,63,Male,Lahore,Grocery,15905,2022-05-14 08:00:00
3202,1363,Customer_3202,60,Female,Peshawar,Electronics,16347,2022-05-14 09:00:00
3203,1320,Customer_3203,46,Female,Islamabad,Grocery,24047,2022-05-14 10:00:00
3204,2656,Customer_3204,38,Male,Karachi,Clothing,7075,2022-05-14 11:00:00
3205,1285,Customer_3205,43,Female,Quetta,Furniture,5343,2022-05-14 12:00:00
3206,1148,Customer_3206,31,Male,Islamabad,Electronics,8239,2022-05-14 13:00:00
3207,2107,Customer_3207,26,Male,Peshawar,Furniture,15352,2022-05-14 14:00:00
3208,2989,Customer_3208,64,Female,Islamabad,Grocery,52161,2022-05-14 15:00:00
3209,1405,Customer_3209,29,Male,Quetta,Grocery,9657,2022-05-14 16:00:00
3210,1977,Customer_3210,59,Female,Karachi,Electronics,73468,2022-05-14 17:00:00
3211,1455,Customer_3211,23,Male,Quetta,Grocery,19337,2022-05-14 18:00:00
3212,2766,Customer_3212,37,Female,Peshawar,Furniture,77230,2022-05-14 19:00:00
3213,1799,Customer_3213,41,Male,Quetta,Clothing,15319,2022-05-14 20:00:00
3214,2184,Customer_3214,44,Female,Islamabad,Electronics,72661,2022-05-14 21:00:00
3215,2012,Customer_3215,55,Male,Lahore,Grocery,7904,2022-05-14 22:00:00
3216,1783,Customer_3216,25,Male,Islamabad,Furniture,15174,2022-05-14 23:00:00
3217,1459,Customer_3217,18,Female,Peshawar,Clothing,76543,2022-05-15 00:00:00
3218,2573,Customer_3218,41,Male,Karachi,Grocery,19197,2022-05-15 01:00:00
3219,2523,Customer_3219,64,Female,Quetta,Electronics,61163,2022-05-15 02:00:00
3220,1737,Customer_3220,24,Female,Karachi,Grocery,24070,2022-05-15 03:00:00
3221,1508,Customer_3221,36,Male,Peshawar,Grocery,28537,2022-05-15 04:00:00
3222,2677,Customer_3222,39,Male,Quetta,Grocery,38482,2022-05-15 05:00:00
3223,2827,Customer_3223,52,Male,Islamabad,Clothing,69024,2022-05-15 06:00:00
3224,1480,Customer_3224,47,Male,Islamabad,Clothing,5656,2022-05-15 07:00:00
3225,2686,Customer_3225,46,Female,Peshawar,Grocery,38780,2022-05-15 08:00:00
3226,1113,Customer_3226,39,Male,Quetta,Grocery,75824,2022-05-15 09:00:00
3227,1748,Customer_3227,28,Male,Islamabad,Electronics,61206,2022-05-15 10:00:00
3228,2601,Customer_3228,37,Male,Peshawar,Grocery,10471,2022-05-15 11:00:00
3229,1360,Customer_3229,46,Female,Peshawar,Furniture,53640,2022-05-15 12:00:00
3230,1340,Customer_3230,58,Male,Karachi,Furniture,43908,2022-05-15 13:00:00
3231,1769,Customer_3231,59,Female,Islamabad,Electronics,52522,2022-05-15 14:00:00
3232,1760,Customer_3232,51,Male,Quetta,Clothing,6987,2022-05-15 15:00:00
3233,1968,Customer_3233,18,Female,Islamabad,Grocery,21497,2022-05-15 16:00:00
3234,1448,Customer_3234,48,Male,Islamabad,Electronics,46956,2022-05-15 17:00:00
3235,2866,Customer_3235,47,Male,Islamabad,Clothing,78488,2022-05-15 18:00:00
3236,1834,Customer_3236,35,Female,Peshawar,Electronics,59916,2022-05-15 19:00:00
3237,2203,Customer_3237,34,Male,Lahore,Clothing,45267,2022-05-15 20:00:00
3238,2725,Customer_3238,55,Male,Lahore,Grocery,79470,2022-05-15 21:00:00
3239,2430,Customer_3239,31,Male,Karachi,Electronics,78452,2022-05-15 22:00:00
3240,2689,Customer_3240,40,Female,Islamabad,Grocery,28694,2022-05-15 23:00:00
3241,2219,Customer_3241,42,Male,Lahore,Electronics,34285,2022-05-16 00:00:00
3242,2489,Customer_3242,32,Female,Karachi,Clothing,59176,2022-05-16 01:00:00
3243,1310,Customer_3243,63,Female,Peshawar,Electronics,8873,2022-05-16 02:00:00
3244,1261,Customer_3244,39,Female,Islamabad,Furniture,30783,2022-05-16 03:00:00
3245,2442,Customer_3245,20,Male,Quetta,Furniture,56411,2022-05-16 04:00:00
3246,1405,Customer_3246,36,Female,Peshawar,Electronics,26914,2022-05-16 05:00:00
3247,2962,Customer_3247,61,Female,Karachi,Furniture,14878,2022-05-16 06:00:00
3248,1142,Customer_3248,51,Male,Peshawar,Grocery,5200,2022-05-16 07:00:00
3249,1341,Customer_3249,52,Female,Quetta,Furniture,64643,2022-05-16 08:00:00
3250,2339,Customer_3250,18,Female,Peshawar,Furniture,63729,2022-05-16 09:00:00
3251,2124,Customer_3251,38,Male,Karachi,Grocery,14401,2022-05-16 10:00:00
3252,1243,Customer_3252,46,Male,Quetta,Grocery,23097,2022-05-16 11:00:00
3253,1489,Customer_3253,23,Female,Quetta,Clothing,33928,2022-05-16 12:00:00
3254,1011,Customer_3254,54,Male,Peshawar,Grocery,36187,2022-05-16 13:00:00
3255,2262,Customer_3255,18,Male,Quetta,Electronics,29993,2022-05-16 14:00:00
3256,1560,Customer_3256,18,Male,Peshawar,Furniture,51724,2022-05-16 15:00:00
3257,1041,Customer_3257,44,Female,Islamabad,Clothing,32352,2022-05-16 16:00:00
3258,1677,Customer_3258,38,Female,Quetta,Grocery,11432,2022-05-16 17:00:00
3259,1593,Customer_3259,33,Male,Peshawar,Furniture,64702,2022-05-16 18:00:00
3260,2452,Customer_3260,61,Female,Islamabad,Electronics,34083,2022-05-16 19:00:00
3261,2826,Customer_3261,57,Male,Quetta,Electronics,47778,2022-05-16 20:00:00
3262,2181,Customer_3262,43,Male,Islamabad,Clothing,30365,2022-05-16 21:00:00
3263,2239,Customer_3263,33,Male,Quetta,Electronics,12789,2022-05-16 22:00:00
3264,2693,Customer_3264,45,Male,Karachi,Furniture,70770,2022-05-16 23:00:00
3265,2485,Customer_3265,18,Male,Karachi,Grocery,36021,2022-05-17 00:00:00
3266,1133,Customer_3266,53,Female,Peshawar,Electronics,7005,2022-05-17 01:00:00
3267,2090,Customer_3267,27,Female,Lahore,Grocery,44827,2022-05-17 02:00:00
3268,2871,Customer_3268,60,Female,Karachi,Furniture,66019,2022-05-17 03:00:00
3269,2030,Customer_3269,34,Female,Lahore,Furniture,70721,2022-05-17 04:00:00
3270,1947,Customer_3270,40,Male,Islamabad,Grocery,18909,2022-05-17 05:00:00
3271,2549,Customer_3271,24,Male,Islamabad,Furniture,20017,2022-05-17 06:00:00
3272,1072,Customer_3272,61,Female,Lahore,Clothing,45033,2022-05-17 07:00:00
3273,1398,Customer_3273,24,Female,Peshawar,Electronics,30975,2022-05-17 08:00:00
3274,2428,Customer_3274,61,Male,Quetta,Clothing,15827,2022-05-17 09:00:00
3275,2698,Customer_3275,32,Male,Lahore,Clothing,55844,2022-05-17 10:00:00
3276,1577,Customer_3276,51,Male,Lahore,Clothing,4171,2022-05-17 11:00:00
3277,1858,Customer_3277,63,Female,Lahore,Grocery,70977,2022-05-17 12:00:00
3278,1129,Customer_3278,62,Male,Lahore,Grocery,78502,2022-05-17 13:00:00
3279,1930,Customer_3279,21,Male,Lahore,Furniture,51256,2022-05-17 14:00:00
3280,2489,Customer_3280,31,Female,Peshawar,Grocery,45459,2022-05-17 15:00:00
3281,2229,Customer_3281,31,Female,Karachi,Furniture,70624,2022-05-17 16:00:00
3282,2811,Customer_3282,33,Female,Quetta,Grocery,28580,2022-05-17 17:00:00
3283,2791,Customer_3283,24,Male,Karachi,Furniture,25044,2022-05-17 18:00:00
3284,1265,Customer_3284,49,Male,Lahore,Electronics,76847,2022-05-17 19:00:00
3285,2560,Customer_3285,36,Female,Karachi,Furniture,19233,2022-05-17 20:00:00
3286,2985,Customer_3286,19,Male,Peshawar,Electronics,54711,2022-05-17 21:00:00
3287,1792,Customer_3287,27,Male,Islamabad,Furniture,41196,2022-05-17 22:00:00
3288,1252,Customer_3288,34,Male,Karachi,Grocery,48593,2022-05-17 23:00:00
3289,1821,Customer_3289,54,Female,Quetta,Grocery,47542,2022-05-18 00:00:00
3290,2312,Customer_3290,29,Female,Peshawar,Electronics,54016,2022-05-18 01:00:00
3291,1163,Customer_3291,23,Male,Islamabad,Clothing,37987,2022-05-18 02:00:00
3292,1094,Customer_3292,39,Male,Peshawar,Clothing,41349,2022-05-18 03:00:00
3293,2805,Customer_3293,49,Male,Lahore,Furniture,15050,2022-05-18 04:00:00
3294,1832,Customer_3294,58,Male,Islamabad,Grocery,76900,2022-05-18 05:00:00
3295,2133,Customer_3295,37,Female,Quetta,Clothing,50199,2022-05-18 06:00:00
3296,1335,Customer_3296,18,Female,Islamabad,Grocery,78660,2022-05-18 07:00:00
3297,1821,Customer_3297,64,Male,Quetta,Grocery,69397,2022-05-18 08:00:00
3298,1237,Customer_3298,23,Male,Lahore,Grocery,14207,2022-05-18 09:00:00
3299,1380,Customer_3299,36,Female,Quetta,Furniture,2424,2022-05-18 10:00:00
3300,2459,Customer_3300,35,Male,Peshawar,Electronics,78683,2022-05-18 11:00:00
3301,1898,Customer_3301,23,Female,Karachi,Furniture,29518,2022-05-18 12:00:00
3302,1482,Customer_3302,62,Male,Peshawar,Clothing,21531,2022-05-18 13:00:00
3303,2960,Customer_3303,50,Female,Peshawar,Electronics,65664,2022-05-18 14:00:00
3304,1901,Customer_3304,40,Male,Islamabad,Clothing,68737,2022-05-18 15:00:00
3305,2048,Customer_3305,40,Male,Lahore,Electronics,50073,2022-05-18 16:00:00
3306,2676,Customer_3306,43,Female,Karachi,Electronics,17219,2022-05-18 17:00:00
3307,2140,Customer_3307,30,Female,Quetta,Furniture,10218,2022-05-18 18:00:00
3308,1481,Customer_3308,24,Male,Islamabad,Grocery,556,2022-05-18 19:00:00
3309,2415,Customer_3309,32,Male,Lahore,Grocery,15852,2022-05-18 20:00:00
3310,1916,Customer_3310,61,Female,Karachi,Electronics,48320,2022-05-18 21:00:00
3311,1993,Customer_3311,44,Female,Peshawar,Furniture,69183,2022-05-18 22:00:00
3312,1963,Customer_3312,43,Male,Lahore,Clothing,69573,2022-05-18 23:00:00
3313,1536,Customer_3313,50,Male,Lahore,Clothing,1221,2022-05-19 00:00:00
3314,2102,Customer_3314,32,Female,Lahore,Grocery,52469,2022-05-19 01:00:00
3315,2603,Customer_3315,53,Female,Peshawar,Grocery,40694,2022-05-19 02:00:00
3316,2196,Customer_3316,62,Female,Quetta,Clothing,47056,2022-05-19 03:00:00
3317,2979,Customer_3317,44,Female,Islamabad,Clothing,47275,2022-05-19 04:00:00
3318,2035,Customer_3318,22,Female,Quetta,Furniture,40383,2022-05-19 05:00:00
3319,2823,Customer_3319,19,Male,Karachi,Clothing,11411,2022-05-19 06:00:00
3320,1127,Customer_3320,50,Male,Islamabad,Furniture,66295,2022-05-19 07:00:00
3321,2631,Customer_3321,33,Female,Karachi,Grocery,21372,2022-05-19 08:00:00
3322,1091,Customer_3322,40,Male,Peshawar,Clothing,74827,2022-05-19 09:00:00
3323,2676,Customer_3323,55,Male,Quetta,Grocery,73572,2022-05-19 10:00:00
3324,1542,Customer_3324,33,Female,Lahore,Electronics,45037,2022-05-19 11:00:00
3325,1845,Customer_3325,31,Male,Islamabad,Electronics,17360,2022-05-19 12:00:00
3326,2555,Customer_3326,46,Male,Lahore,Electronics,71319,2022-05-19 13:00:00
3327,2681,Customer_3327,43,Male,Karachi,Clothing,31243,2022-05-19 14:00:00
3328,1988,Customer_3328,52,Female,Lahore,Grocery,43059,2022-05-19 15:00:00
3329,2851,Customer_3329,32,Female,Lahore,Clothing,73441,2022-05-19 16:00:00
3330,1446,Customer_3330,20,Male,Peshawar,Grocery,32705,2022-05-19 17:00:00
3331,1389,Customer_3331,40,Male,Peshawar,Furniture,18145,2022-05-19 18:00:00
3332,1671,Customer_3332,46,Male,Quetta,Clothing,72359,2022-05-19 19:00:00
3333,2884,Customer_3333,51,Male,Karachi,Electronics,71973,2022-05-19 20:00:00
3334,1042,Customer_3334,50,Male,Peshawar,Furniture,51234,2022-05-19 21:00:00
3335,1253,Customer_3335,58,Male,Peshawar,Grocery,30931,2022-05-19 22:00:00
3336,2153,Customer_3336,58,Female,Quetta,Clothing,61414,2022-05-19 23:00:00
3337,2083,Customer_3337,40,Male,Islamabad,Grocery,18382,2022-05-20 00:00:00
3338,1662,Customer_3338,24,Male,Quetta,Grocery,79039,2022-05-20 01:00:00
3339,1466,Customer_3339,20,Female,Lahore,Clothing,43846,2022-05-20 02:00:00
3340,1286,Customer_3340,49,Male,Lahore,Clothing,13479,2022-05-20 03:00:00
3341,2010,Customer_3341,48,Male,Peshawar,Grocery,45328,2022-05-20 04:00:00
3342,2540,Customer_3342,35,Male,Peshawar,Grocery,7728,2022-05-20 05:00:00
3343,2490,Customer_3343,60,Male,Quetta,Furniture,75336,2022-05-20 06:00:00
3344,2953,Customer_3344,24,Female,Quetta,Electronics,74717,2022-05-20 07:00:00
3345,1777,Customer_3345,58,Male,Karachi,Grocery,74303,2022-05-20 08:00:00
3346,1344,Customer_3346,18,Female,Lahore,Electronics,71408,2022-05-20 09:00:00
3347,1641,Customer_3347,31,Male,Quetta,Furniture,39418,2022-05-20 10:00:00
3348,1381,Customer_3348,49,Male,Islamabad,Electronics,11420,2022-05-20 11:00:00
3349,2802,Customer_3349,23,Female,Karachi,Electronics,28285,2022-05-20 12:00:00
3350,1689,Customer_3350,56,Male,Quetta,Furniture,25678,2022-05-20 13:00:00
3351,2276,Customer_3351,27,Female,Peshawar,Grocery,72497,2022-05-20 14:00:00
3352,2950,Customer_3352,24,Female,Quetta,Electronics,14552,2022-05-20 15:00:00
3353,2079,Customer_3353,43,Female,Peshawar,Grocery,73368,2022-05-20 16:00:00
3354,2486,Customer_3354,51,Male,Peshawar,Grocery,49883,2022-05-20 17:00:00
3355,1456,Customer_3355,47,Male,Lahore,Clothing,827,2022-05-20 18:00:00
3356,1982,Customer_3356,53,Male,Lahore,Grocery,71275,2022-05-20 19:00:00
3357,1082,Customer_3357,38,Male,Quetta,Grocery,76114,2022-05-20 20:00:00
3358,2928,Customer_3358,34,Female,Quetta,Electronics,7538,2022-05-20 21:00:00
3359,2122,Customer_3359,50,Male,Islamabad,Grocery,8548,2022-05-20 22:00:00
3360,1148,Customer_3360,27,Male,Karachi,Grocery,15454,2022-05-20 23:00:00
3361,2352,Customer_3361,64,Female,Karachi,Clothing,58041,2022-05-21 00:00:00
3362,2179,Customer_3362,59,Female,Quetta,Clothing,45971,2022-05-21 01:00:00
3363,1189,Customer_3363,29,Male,Lahore,Electronics,68815,2022-05-21 02:00:00
3364,2517,Customer_3364,33,Female,Islamabad,Electronics,13725,2022-05-21 03:00:00
3365,1882,Customer_3365,58,Female,Karachi,Clothing,14031,2022-05-21 04:00:00
3366,1262,Customer_3366,49,Female,Quetta,Clothing,71371,2022-05-21 05:00:00
3367,2103,Customer_3367,32,Female,Lahore,Furniture,10030,2022-05-21 06:00:00
3368,1399,Customer_3368,44,Female,Lahore,Grocery,59535,2022-05-21 07:00:00
3369,1763,Customer_3369,45,Male,Lahore,Electronics,25291,2022-05-21 08:00:00
3370,1608,Customer_3370,34,Male,Peshawar,Electronics,2149,2022-05-21 09:00:00
3371,2283,Customer_3371,63,Male,Lahore,Grocery,13972,2022-05-21 10:00:00
3372,2795,Customer_3372,19,Male,Quetta,Grocery,68898,2022-05-21 11:00:00
3373,2638,Customer_3373,53,Male,Islamabad,Electronics,27634,2022-05-21 12:00:00
3374,2575,Customer_3374,24,Male,Quetta,Clothing,66953,2022-05-21 13:00:00
3375,1784,Customer_3375,30,Male,Lahore,Clothing,12944,2022-05-21 14:00:00
3376,1100,Customer_3376,32,Female,Islamabad,Grocery,41621,2022-05-21 15:00:00
3377,2382,Customer_3377,42,Male,Karachi,Electronics,38717,2022-05-21 16:00:00
3378,2403,Customer_3378,40,Male,Karachi,Grocery,22566,2022-05-21 17:00:00
3379,1819,Customer_3379,39,Male,Quetta,Clothing,68847,2022-05-21 18:00:00
3380,2244,Customer_3380,43,Female,Islamabad,Furniture,36689,2022-05-21 19:00:00
3381,1819,Customer_3381,50,Male,Quetta,Furniture,75326,2022-05-21 20:00:00
3382,1419,Customer_3382,28,Male,Islamabad,Clothing,63977,2022-05-21 21:00:00
3383,1123,Customer_3383,27,Female,Islamabad,Grocery,35989,2022-05-21 22:00:00
3384,1421,Customer_3384,42,Male,Quetta,Furniture,27784,2022-05-21 23:00:00
3385,2254,Customer_3385,54,Male,Islamabad,Clothing,25198,2022-05-22 00:00:00
3386,2713,Customer_3386,60,Female,Lahore,Electronics,44160,2022-05-22 01:00:00
3387,2086,Customer_3387,55,Male,Islamabad,Grocery,20137,2022-05-22 02:00:00
3388,2508,Customer_3388,58,Female,Islamabad,Grocery,48524,2022-05-22 03:00:00
3389,2651,Customer_3389,62,Male,Quetta,Furniture,60905,2022-05-22 04:00:00
3390,2726,Customer_3390,41,Male,Karachi,Grocery,61805,2022-05-22 05:00:00
3391,2597,Customer_3391,57,Male,Peshawar,Furniture,34056,2022-05-22 06:00:00
3392,1767,Customer_3392,63,Female,Islamabad,Furniture,70061,2022-05-22 07:00:00
3393,1482,Customer_3393,50,Female,Peshawar,Clothing,72777,2022-05-22 08:00:00
3394,1518,Customer_3394,34,Female,Islamabad,Furniture,4154,2022-05-22 09:00:00
3395,1154,Customer_3395,41,Male,Quetta,Electronics,40928,2022-05-22 10:00:00
3396,1091,Customer_3396,54,Male,Quetta,Grocery,38536,2022-05-22 11:00:00
3397,1981,Customer_3397,19,Female,Islamabad,Furniture,45049,2022-05-22 12:00:00
3398,2549,Customer_3398,49,Female,Quetta,Grocery,65855,2022-05-22 13:00:00
3399,1454,Customer_3399,41,Male,Quetta,Furniture,62619,2022-05-22 14:00:00
3400,2764,Customer_3400,26,Male,Islamabad,Clothing,46757,2022-05-22 15:00:00
3401,1597,Customer_3401,21,Male,Karachi,Electronics,16487,2022-05-22 16:00:00
3402,2668,Customer_3402,34,Male,Islamabad,Grocery,21310,2022-05-22 17:00:00
3403,1509,Customer_3403,34,Female,Karachi,Clothing,20811,2022-05-22 18:00:00
3404,2206,Customer_3404,47,Male,Quetta,Grocery,54978,2022-05-22 19:00:00
3405,1385,Customer_3405,57,Male,Karachi,Clothing,35420,2022-05-22 20:00:00
3406,2597,Customer_3406,28,Male,Quetta,Electronics,9238,2022-05-22 21:00:00
3407,2754,Customer_3407,38,Male,Karachi,Furniture,73924,2022-05-22 22:00:00
3408,1404,Customer_3408,38,Male,Karachi,Clothing,62732,2022-05-22 23:00:00
3409,1245,Customer_3409,35,Male,Islamabad,Grocery,5974,2022-05-23 00:00:00
3410,1741,Customer_3410,46,Male,Karachi,Grocery,59526,2022-05-23 01:00:00
3411,2614,Customer_3411,41,Female,Quetta,Clothing,66524,2022-05-23 02:00:00
3412,1660,Customer_3412,27,Female,Islamabad,Electronics,51474,2022-05-23 03:00:00
3413,1649,Customer_3413,62,Female,Karachi,Electronics,24644,2022-05-23 04:00:00
3414,2494,Customer_3414,34,Male,Islamabad,Furniture,6122,2022-05-23 05:00:00
3415,2849,Customer_3415,35,Female,Peshawar,Furniture,52773,2022-05-23 06:00:00
3416,2911,Customer_3416,59,Male,Islamabad,Grocery,39714,2022-05-23 07:00:00
3417,2446,Customer_3417,37,Male,Peshawar,Grocery,58493,2022-05-23 08:00:00
3418,1900,Customer_3418,54,Male,Peshawar,Furniture,25723,2022-05-23 09:00:00
3419,1064,Customer_3419,62,Male,Islamabad,Furniture,22365,2022-05-23 10:00:00
3420,2036,Customer_3420,35,Female,Quetta,Furniture,74608,2022-05-23 11:00:00
3421,1212,Customer_3421,34,Male,Quetta,Clothing,64149,2022-05-23 12:00:00
3422,1241,Customer_3422,26,Male,Quetta,Furniture,43526,2022-05-23 13:00:00
3423,1492,Customer_3423,31,Female,Lahore,Clothing,59707,2022-05-23 14:00:00
3424,2236,Customer_3424,46,Female,Peshawar,Clothing,27366,2022-05-23 15:00:00
3425,2716,Customer_3425,48,Female,Islamabad,Furniture,12916,2022-05-23 16:00:00
3426,1337,Customer_3426,21,Male,Quetta,Electronics,26275,2022-05-23 17:00:00
3427,1172,Customer_3427,35,Female,Quetta,Electronics,29580,2022-05-23 18:00:00
3428,1671,Customer_3428,37,Male,Islamabad,Grocery,70923,2022-05-23 19:00:00
3429,1163,Customer_3429,64,Male,Peshawar,Furniture,19874,2022-05-23 20:00:00
3430,1464,Customer_3430,60,Female,Islamabad,Grocery,58951,2022-05-23 21:00:00
3431,1994,Customer_3431,61,Female,Lahore,Furniture,53099,2022-05-23 22:00:00
3432,1496,Customer_3432,26,Female,Lahore,Grocery,16184,2022-05-23 23:00:00
3433,1699,Customer_3433,30,Male,Islamabad,Clothing,24502,2022-05-24 00:00:00
3434,1394,Customer_3434,32,Male,Peshawar,Furniture,23472,2022-05-24 01:00:00
3435,1702,Customer_3435,44,Male,Quetta,Electronics,66653,2022-05-24 02:00:00
3436,2940,Customer_3436,32,Male,Lahore,Furniture,46904,2022-05-24 03:00:00
3437,1307,Customer_3437,45,Male,Lahore,Grocery,6809,2022-05-24 04:00:00
3438,2791,Customer_3438,54,Male,Peshawar,Grocery,68826,2022-05-24 05:00:00
3439,1182,Customer_3439,36,Female,Lahore,Grocery,8326,2022-05-24 06:00:00
3440,1628,Customer_3440,43,Male,Lahore,Grocery,12634,2022-05-24 07:00:00
3441,2817,Customer_3441,43,Female,Peshawar,Grocery,20193,2022-05-24 08:00:00
3442,1509,Customer_3442,42,Female,Islamabad,Grocery,4554,2022-05-24 09:00:00
3443,2731,Customer_3443,43,Female,Quetta,Electronics,16590,2022-05-24 10:00:00
3444,1545,Customer_3444,43,Female,Quetta,Grocery,16069,2022-05-24 11:00:00
3445,2587,Customer_3445,63,Female,Lahore,Electronics,32727,2022-05-24 12:00:00
3446,1623,Customer_3446,45,Male,Quetta,Furniture,7008,2022-05-24 13:00:00
3447,2787,Customer_3447,35,Male,Islamabad,Clothing,17108,2022-05-24 14:00:00
3448,1593,Customer_3448,49,Male,Lahore,Electronics,76469,2022-05-24 15:00:00
3449,1743,Customer_3449,20,Male,Quetta,Furniture,25020,2022-05-24 16:00:00
3450,2250,Customer_3450,19,Female,Karachi,Clothing,77924,2022-05-24 17:00:00
3451,2768,Customer_3451,50,Female,Karachi,Electronics,31432,2022-05-24 18:00:00
3452,2756,Customer_3452,59,Female,Karachi,Electronics,20234,2022-05-24 19:00:00
3453,2459,Customer_3453,36,Male,Karachi,Furniture,69863,2022-05-24 20:00:00
3454,2948,Customer_3454,34,Male,Karachi,Grocery,51055,2022-05-24 21:00:00
3455,2445,Customer_3455,61,Male,Lahore,Electronics,16757,2022-05-24 22:00:00
3456,1553,Customer_3456,50,Male,Peshawar,Electronics,32694,2022-05-24 23:00:00
3457,1020,Customer_3457,29,Female,Peshawar,Furniture,17293,2022-05-25 00:00:00
3458,1553,Customer_3458,20,Female,Lahore,Grocery,35184,2022-05-25 01:00:00
3459,1396,Customer_3459,60,Male,Lahore,Clothing,53719,2022-05-25 02:00:00
3460,1624,Customer_3460,43,Male,Islamabad,Grocery,3359,2022-05-25 03:00:00
3461,1104,Customer_3461,52,Female,Peshawar,Grocery,40340,2022-05-25 04:00:00
3462,1191,Customer_3462,25,Female,Karachi,Furniture,59827,2022-05-25 05:00:00
3463,1016,Customer_3463,53,Female,Lahore,Grocery,35319,2022-05-25 06:00:00
3464,2143,Customer_3464,24,Female,Karachi,Furniture,74250,2022-05-25 07:00:00
3465,1392,Customer_3465,63,Male,Peshawar,Clothing,42204,2022-05-25 08:00:00
3466,1424,Customer_3466,63,Female,Quetta,Electronics,66637,2022-05-25 09:00:00
3467,1128,Customer_3467,53,Female,Quetta,Electronics,60879,2022-05-25 10:00:00
3468,2153,Customer_3468,33,Female,Lahore,Furniture,24818,2022-05-25 11:00:00
3469,1571,Customer_3469,41,Female,Islamabad,Furniture,64456,2022-05-25 12:00:00
3470,2583,Customer_3470,18,Male,Karachi,Grocery,5774,2022-05-25 13:00:00
3471,1028,Customer_3471,42,Male,Lahore,Grocery,18726,2022-05-25 14:00:00
3472,2120,Customer_3472,27,Male,Islamabad,Electronics,44134,2022-05-25 15:00:00
3473,2033,Customer_3473,33,Male,Karachi,Electronics,65001,2022-05-25 16:00:00
3474,1241,Customer_3474,33,Male,Peshawar,Electronics,19546,2022-05-25 17:00:00
3475,2849,Customer_3475,25,Male,Quetta,Furniture,74710,2022-05-25 18:00:00
3476,2979,Customer_3476,46,Female,Islamabad,Clothing,22410,2022-05-25 19:00:00
3477,1231,Customer_3477,56,Female,Karachi,Clothing,12003,2022-05-25 20:00:00
3478,1788,Customer_3478,45,Female,Lahore,Furniture,48892,2022-05-25 21:00:00
3479,2307,Customer_3479,23,Female,Karachi,Grocery,61972,2022-05-25 22:00:00
3480,1714,Customer_3480,33,Male,Lahore,Clothing,71404,2022-05-25 23:00:00
3481,1758,Customer_3481,37,Female,Quetta,Grocery,45835,2022-05-26 00:00:00
3482,1801,Customer_3482,33,Male,Quetta,Electronics,22987,2022-05-26 01:00:00
3483,1775,Customer_3483,24,Female,Karachi,Electronics,37093,2022-05-26 02:00:00
3484,2978,Customer_3484,58,Female,Karachi,Grocery,76427,2022-05-26 03:00:00
3485,1725,Customer_3485,31,Female,Lahore,Electronics,10374,2022-05-26 04:00:00
3486,1199,Customer_3486,60,Male,Lahore,Furniture,55322,2022-05-26 05:00:00
3487,1944,Customer_3487,43,Female,Islamabad,Grocery,54448,2022-05-26 06:00:00
3488,1078,Customer_3488,43,Male,Islamabad,Grocery,4108,2022-05-26 07:00:00
3489,2936,Customer_3489,31,Male,Islamabad,Grocery,55001,2022-05-26 08:00:00
3490,1955,Customer_3490,24,Female,Karachi,Clothing,54412,2022-05-26 09:00:00
3491,2878,Customer_3491,50,Male,Islamabad,Grocery,28046,2022-05-26 10:00:00
3492,1855,Customer_3492,43,Male,Karachi,Grocery,68703,2022-05-26 11:00:00
3493,2196,Customer_3493,62,Female,Quetta,Grocery,62996,2022-05-26 12:00:00
3494,1466,Customer_3494,37,Female,Peshawar,Clothing,55686,2022-05-26 13:00:00
3495,1580,Customer_3495,20,Female,Quetta,Electronics,42846,2022-05-26 14:00:00
3496,2439,Customer_3496,21,Female,Karachi,Clothing,5730,2022-05-26 15:00:00
3497,1939,Customer_3497,43,Female,Karachi,Furniture,26220,2022-05-26 16:00:00
3498,1448,Customer_3498,28,Female,Peshawar,Grocery,43523,2022-05-26 17:00:00
3499,1086,Customer_3499,19,Male,Lahore,Furniture,38102,2022-05-26 18:00:00
3500,1100,Customer_3500,31,Female,Lahore,Clothing,67582,2022-05-26 19:00:00
3501,2031,Customer_3501,61,Female,Lahore,Electronics,15550,2022-05-26 20:00:00
3502,1844,Customer_3502,47,Male,Islamabad,Electronics,51815,2022-05-26 21:00:00
3503,2223,Customer_3503,29,Female,Lahore,Grocery,52664,2022-05-26 22:00:00
3504,2528,Customer_3504,43,Male,Islamabad,Electronics,30634,2022-05-26 23:00:00
3505,1086,Customer_3505,61,Female,Islamabad,Clothing,16140,2022-05-27 00:00:00
3506,1042,Customer_3506,50,Female,Lahore,Clothing,62171,2022-05-27 01:00:00
3507,2408,Customer_3507,30,Male,Lahore,Electronics,14784,2022-05-27 02:00:00
3508,2644,Customer_3508,31,Female,Peshawar,Grocery,61026,2022-05-27 03:00:00
3509,2458,Customer_3509,41,Male,Peshawar,Grocery,3923,2022-05-27 04:00:00
3510,1407,Customer_3510,51,Female,Islamabad,Clothing,29077,2022-05-27 05:00:00
3511,2506,Customer_3511,61,Female,Peshawar,Electronics,59400,2022-05-27 06:00:00
3512,1663,Customer_3512,43,Male,Islamabad,Clothing,68368,2022-05-27 07:00:00
3513,2040,Customer_3513,38,Female,Karachi,Clothing,6566,2022-05-27 08:00:00
3514,2668,Customer_3514,45,Female,Islamabad,Furniture,58388,2022-05-27 09:00:00
3515,1147,Customer_3515,53,Male,Islamabad,Clothing,9083,2022-05-27 10:00:00
3516,1276,Customer_3516,57,Female,Peshawar,Grocery,38557,2022-05-27 11:00:00
3517,1231,Customer_3517,19,Male,Karachi,Electronics,23104,2022-05-27 12:00:00
3518,2849,Customer_3518,59,Female,Quetta,Electronics,27064,2022-05-27 13:00:00
3519,2950,Customer_3519,26,Male,Quetta,Furniture,61929,2022-05-27 14:00:00
3520,1365,Customer_3520,40,Female,Quetta,Furniture,29441,2022-05-27 15:00:00
3521,2251,Customer_3521,32,Male,Karachi,Grocery,56011,2022-05-27 16:00:00
3522,2674,Customer_3522,30,Male,Lahore,Furniture,38462,2022-05-27 17:00:00
3523,1435,Customer_3523,40,Female,Karachi,Clothing,39073,2022-05-27 18:00:00
3524,1398,Customer_3524,34,Female,Peshawar,Clothing,26192,2022-05-27 19:00:00
3525,2234,Customer_3525,19,Male,Islamabad,Grocery,58920,2022-05-27 20:00:00
3526,2414,Customer_3526,37,Female,Islamabad,Electronics,36263,2022-05-27 21:00:00
3527,1498,Customer_3527,37,Male,Peshawar,Grocery,46180,2022-05-27 22:00:00
3528,1539,Customer_3528,63,Female,Peshawar,Furniture,6893,2022-05-27 23:00:00
3529,1562,Customer_3529,20,Female,Islamabad,Electronics,33988,2022-05-28 00:00:00
3530,2514,Customer_3530,29,Male,Lahore,Electronics,21959,2022-05-28 01:00:00
3531,1441,Customer_3531,57,Male,Lahore,Electronics,13054,2022-05-28 02:00:00
3532,2284,Customer_3532,19,Female,Lahore,Furniture,38367,2022-05-28 03:00:00
3533,1772,Customer_3533,53,Female,Peshawar,Clothing,78604,2022-05-28 04:00:00
3534,1349,Customer_3534,31,Female,Islamabad,Clothing,45515,2022-05-28 05:00:00
3535,2375,Customer_3535,33,Female,Islamabad,Furniture,5557,2022-05-28 06:00:00
3536,1519,Customer_3536,36,Female,Islamabad,Furniture,5805,2022-05-28 07:00:00
3537,2343,Customer_3537,51,Male,Karachi,Grocery,61776,2022-05-28 08:00:00
3538,1137,Customer_3538,61,Female,Karachi,Grocery,33240,2022-05-28 09:00:00
3539,2573,Customer_3539,63,Female,Quetta,Clothing,24618,2022-05-28 10:00:00
3540,2646,Customer_3540,23,Male,Karachi,Furniture,7174,2022-05-28 11:00:00
3541,1991,Customer_3541,30,Male,Lahore,Grocery,42831,2022-05-28 12:00:00
3542,1367,Customer_3542,53,Male,Lahore,Furniture,15816,2022-05-28 13:00:00
3543,2243,Customer_3543,39,Female,Lahore,Furniture,16717,2022-05-28 14:00:00
3544,2360,Customer_3544,35,Male,Lahore,Clothing,68041,2022-05-28 15:00:00
3545,2246,Customer_3545,29,Male,Quetta,Clothing,15102,2022-05-28 16:00:00
3546,2671,Customer_3546,47,Male,Lahore,Furniture,14487,2022-05-28 17:00:00
3547,2791,Customer_3547,57,Male,Peshawar,Electronics,50415,2022-05-28 18:00:00
3548,1359,Customer_3548,24,Female,Peshawar,Electronics,14043,2022-05-28 19:00:00
3549,1920,Customer_3549,49,Female,Peshawar,Furniture,28444,2022-05-28 20:00:00
3550,1328,Customer_3550,36,Female,Karachi,Clothing,58741,2022-05-28 21:00:00
3551,1961,Customer_3551,23,Male,Islamabad,Electronics,9644,2022-05-28 22:00:00
3552,1462,Customer_3552,37,Male,Quetta,Clothing,38959,2022-05-28 23:00:00
3553,1945,Customer_3553,44,Male,Peshawar,Electronics,40327,2022-05-29 00:00:00
3554,1962,Customer_3554,60,Male,Peshawar,Furniture,31241,2022-05-29 01:00:00
3555,2584,Customer_3555,54,Male,Lahore,Grocery,70515,2022-05-29 02:00:00
3556,2827,Customer_3556,24,Male,Peshawar,Grocery,70234,2022-05-29 03:00:00
3557,2405,Customer_3557,22,Female,Lahore,Clothing,75127,2022-05-29 04:00:00
3558,1835,Customer_3558,28,Female,Lahore,Clothing,70241,2022-05-29 05:00:00
3559,2613,Customer_3559,32,Male,Islamabad,Electronics,69677,2022-05-29 06:00:00
3560,2640,Customer_3560,20,Female,Karachi,Furniture,4043,2022-05-29 07:00:00
3561,1168,Customer_3561,22,Male,Lahore,Electronics,6091,2022-05-29 08:00:00
3562,1216,Customer_3562,40,Male,Lahore,Furniture,56895,2022-05-29 09:00:00
3563,1377,Customer_3563,54,Female,Islamabad,Furniture,60934,2022-05-29 10:00:00
3564,1118,Customer_3564,26,Male,Lahore,Clothing,29555,2022-05-29 11:00:00
3565,1189,Customer_3565,32,Female,Quetta,Grocery,6616,2022-05-29 12:00:00
3566,1766,Customer_3566,20,Male,Karachi,Grocery,55985,2022-05-29 13:00:00
3567,1369,Customer_3567,46,Male,Quetta,Clothing,66797,2022-05-29 14:00:00
3568,2801,Customer_3568,23,Female,Peshawar,Grocery,2907,2022-05-29 15:00:00
3569,1148,Customer_3569,34,Male,Karachi,Clothing,32094,2022-05-29 16:00:00
3570,2699,Customer_3570,43,Male,Peshawar,Electronics,66921,2022-05-29 17:00:00
3571,1651,Customer_3571,38,Male,Lahore,Furniture,35911,2022-05-29 18:00:00
3572,2882,Customer_3572,25,Female,Islamabad,Grocery,77161,2022-05-29 19:00:00
3573,2511,Customer_3573,38,Male,Quetta,Grocery,55944,2022-05-29 20:00:00
3574,1769,Customer_3574,28,Male,Peshawar,Electronics,26738,2022-05-29 21:00:00
3575,1373,Customer_3575,55,Male,Lahore,Electronics,42203,2022-05-29 22:00:00
3576,1780,Customer_3576,25,Female,Quetta,Grocery,35696,2022-05-29 23:00:00
3577,2716,Customer_3577,59,Female,Quetta,Grocery,77721,2022-05-30 00:00:00
3578,1159,Customer_3578,41,Female,Peshawar,Clothing,13238,2022-05-30 01:00:00
3579,1350,Customer_3579,52,Female,Lahore,Clothing,16272,2022-05-30 02:00:00
3580,2935,Customer_3580,31,Female,Islamabad,Grocery,65770,2022-05-30 03:00:00
3581,2311,Customer_3581,31,Male,Peshawar,Clothing,76669,2022-05-30 04:00:00
3582,2311,Customer_3582,27,Female,Quetta,Electronics,23992,2022-05-30 05:00:00
3583,1891,Customer_3583,29,Female,Quetta,Furniture,55479,2022-05-30 06:00:00
3584,2249,Customer_3584,55,Male,Karachi,Clothing,50838,2022-05-30 07:00:00
3585,1522,Customer_3585,61,Female,Lahore,Furniture,65051,2022-05-30 08:00:00
3586,1521,Customer_3586,63,Male,Karachi,Clothing,37355,2022-05-30 09:00:00
3587,1782,Customer_3587,51,Female,Islamabad,Grocery,6728,2022-05-30 10:00:00
3588,1272,Customer_3588,58,Male,Peshawar,Clothing,68867,2022-05-30 11:00:00
3589,1935,Customer_3589,27,Male,Quetta,Furniture,20545,2022-05-30 12:00:00
3590,2425,Customer_3590,34,Female,Lahore,Furniture,77091,2022-05-30 13:00:00
3591,1182,Customer_3591,34,Female,Quetta,Grocery,24818,2022-05-30 14:00:00
3592,2992,Customer_3592,20,Male,Karachi,Furniture,58958,2022-05-30 15:00:00
3593,2688,Customer_3593,48,Male,Karachi,Grocery,14295,2022-05-30 16:00:00
3594,1487,Customer_3594,18,Male,Peshawar,Grocery,55024,2022-05-30 17:00:00
3595,2850,Customer_3595,29,Male,Lahore,Furniture,22247,2022-05-30 18:00:00
3596,1845,Customer_3596,56,Male,Lahore,Electronics,47873,2022-05-30 19:00:00
3597,1123,Customer_3597,21,Male,Peshawar,Furniture,32060,2022-05-30 20:00:00
3598,1984,Customer_3598,59,Male,Karachi,Furniture,11782,2022-05-30 21:00:00
3599,2649,Customer_3599,30,Female,Karachi,Clothing,34331,2022-05-30 22:00:00
3600,1789,Customer_3600,51,Male,Karachi,Furniture,63573,2022-05-30 23:00:00
3601,1413,Customer_3601,59,Female,Quetta,Clothing,23543,2022-05-31 00:00:00
3602,2748,Customer_3602,38,Female,Islamabad,Clothing,65822,2022-05-31 01:00:00
3603,2195,Customer_3603,39,Male,Karachi,Furniture,53400,2022-05-31 02:00:00
3604,2311,Customer_3604,21,Male,Islamabad,Grocery,21429,2022-05-31 03:00:00
3605,2458,Customer_3605,35,Female,Islamabad,Electronics,36000,2022-05-31 04:00:00
3606,1685,Customer_3606,22,Male,Lahore,Furniture,2372,2022-05-31 05:00:00
3607,1112,Customer_3607,36,Male,Peshawar,Furniture,37988,2022-05-31 06:00:00
3608,1887,Customer_3608,19,Female,Quetta,Grocery,68005,2022-05-31 07:00:00
3609,2940,Customer_3609,29,Female,Islamabad,Clothing,25960,2022-05-31 08:00:00
3610,1121,Customer_3610,34,Female,Quetta,Grocery,12655,2022-05-31 09:00:00
3611,2567,Customer_3611,27,Male,Lahore,Grocery,12370,2022-05-31 10:00:00
3612,2245,Customer_3612,51,Male,Karachi,Clothing,4217,2022-05-31 11:00:00
3613,2654,Customer_3613,23,Female,Islamabad,Furniture,1874,2022-05-31 12:00:00
3614,1038,Customer_3614,25,Male,Peshawar,Grocery,22326,2022-05-31 13:00:00
3615,1496,Customer_3615,28,Female,Lahore,Grocery,74715,2022-05-31 14:00:00
3616,1779,Customer_3616,29,Male,Quetta,Furniture,13927,2022-05-31 15:00:00
3617,2256,Customer_3617,26,Female,Karachi,Furniture,64942,2022-05-31 16:00:00
3618,1942,Customer_3618,19,Male,Quetta,Electronics,35208,2022-05-31 17:00:00
3619,2553,Customer_3619,25,Female,Peshawar,Grocery,24771,2022-05-31 18:00:00
3620,1148,Customer_3620,28,Male,Islamabad,Electronics,64072,2022-05-31 19:00:00
3621,2420,Customer_3621,53,Male,Peshawar,Clothing,17131,2022-05-31 20:00:00
3622,2021,Customer_3622,27,Female,Quetta,Furniture,20387,2022-05-31 21:00:00
3623,1660,Customer_3623,38,Male,Quetta,Furniture,25759,2022-05-31 22:00:00
3624,2661,Customer_3624,37,Male,Peshawar,Electronics,58487,2022-05-31 23:00:00
3625,2927,Customer_3625,25,Female,Peshawar,Grocery,50130,2022-06-01 00:00:00
3626,1301,Customer_3626,53,Male,Peshawar,Clothing,19644,2022-06-01 01:00:00
3627,2383,Customer_3627,46,Male,Karachi,Grocery,78691,2022-06-01 02:00:00
3628,1237,Customer_3628,59,Male,Quetta,Grocery,49560,2022-06-01 03:00:00
3629,1646,Customer_3629,29,Female,Lahore,Electronics,55592,2022-06-01 04:00:00
3630,1662,Customer_3630,31,Female,Karachi,Grocery,21336,2022-06-01 05:00:00
3631,1235,Customer_3631,38,Female,Karachi,Electronics,67404,2022-06-01 06:00:00
3632,2759,Customer_3632,39,Female,Karachi,Furniture,44956,2022-06-01 07:00:00
3633,1202,Customer_3633,38,Female,Lahore,Furniture,36880,2022-06-01 08:00:00
3634,1255,Customer_3634,61,Male,Peshawar,Furniture,78235,2022-06-01 09:00:00
3635,1597,Customer_3635,47,Male,Quetta,Clothing,12069,2022-06-01 10:00:00
3636,1661,Customer_3636,56,Female,Islamabad,Clothing,31682,2022-06-01 11:00:00
3637,1234,Customer_3637,37,Male,Islamabad,Grocery,79151,2022-06-01 12:00:00
3638,2368,Customer_3638,41,Male,Quetta,Electronics,22149,2022-06-01 13:00:00
3639,1533,Customer_3639,40,Male,Lahore,Grocery,27503,2022-06-01 14:00:00
3640,1859,Customer_3640,24,Male,Islamabad,Furniture,17051,2022-06-01 15:00:00
3641,2820,Customer_3641,26,Female,Karachi,Grocery,24326,2022-06-01 16:00:00
3642,2804,Customer_3642,18,Female,Islamabad,Grocery,25229,2022-06-01 17:00:00
3643,2489,Customer_3643,43,Male,Quetta,Grocery,52196,2022-06-01 18:00:00
3644,1769,Customer_3644,55,Male,Karachi,Furniture,4368,2022-06-01 19:00:00
3645,1540,Customer_3645,55,Female,Islamabad,Electronics,41774,2022-06-01 20:00:00
3646,1212,Customer_3646,61,Male,Quetta,Grocery,39218,2022-06-01 21:00:00
3647,1462,Customer_3647,39,Male,Lahore,Furniture,32853,2022-06-01 22:00:00
3648,1435,Customer_3648,61,Male,Quetta,Clothing,42182,2022-06-01 23:00:00
3649,1282,Customer_3649,27,Female,Lahore,Electronics,31153,2022-06-02 00:00:00
3650,2585,Customer_3650,23,Female,Karachi,Furniture,14641,2022-06-02 01:00:00
3651,2630,Customer_3651,34,Male,Quetta,Grocery,12037,2022-06-02 02:00:00
3652,2486,Customer_3652,55,Male,Peshawar,Furniture,30901,2022-06-02 03:00:00
3653,2430,Customer_3653,41,Male,Peshawar,Electronics,27887,2022-06-02 04:00:00
3654,1087,Customer_3654,27,Male,Peshawar,Grocery,7130,2022-06-02 05:00:00
3655,2067,Customer_3655,25,Male,Peshawar,Clothing,43961,2022-06-02 06:00:00
3656,1460,Customer_3656,38,Male,Peshawar,Clothing,44793,2022-06-02 07:00:00
3657,1277,Customer_3657,23,Female,Lahore,Clothing,23570,2022-06-02 08:00:00
3658,2706,Customer_3658,38,Female,Quetta,Furniture,13916,2022-06-02 09:00:00
3659,1420,Customer_3659,56,Male,Karachi,Electronics,9129,2022-06-02 10:00:00
3660,2724,Customer_3660,41,Female,Peshawar,Clothing,63944,2022-06-02 11:00:00
3661,2376,Customer_3661,50,Male,Peshawar,Grocery,8860,2022-06-02 12:00:00
3662,1695,Customer_3662,35,Male,Karachi,Grocery,12511,2022-06-02 13:00:00
3663,1514,Customer_3663,45,Female,Karachi,Grocery,41221,2022-06-02 14:00:00
3664,1702,Customer_3664,49,Female,Peshawar,Furniture,36569,2022-06-02 15:00:00
3665,2653,Customer_3665,29,Male,Lahore,Electronics,53770,2022-06-02 16:00:00
3666,1018,Customer_3666,59,Male,Karachi,Electronics,11727,2022-06-02 17:00:00
3667,1022,Customer_3667,44,Female,Quetta,Clothing,40087,2022-06-02 18:00:00
3668,1412,Customer_3668,27,Female,Quetta,Electronics,62220,2022-06-02 19:00:00
3669,2053,Customer_3669,63,Male,Lahore,Grocery,45050,2022-06-02 20:00:00
3670,2830,Customer_3670,59,Male,Islamabad,Grocery,68805,2022-06-02 21:00:00
3671,1107,Customer_3671,49,Male,Lahore,Furniture,76528,2022-06-02 22:00:00
3672,2390,Customer_3672,59,Female,Peshawar,Grocery,54151,2022-06-02 23:00:00
3673,2304,Customer_3673,43,Male,Islamabad,Electronics,51832,2022-06-03 00:00:00
3674,2151,Customer_3674,42,Female,Peshawar,Grocery,69381,2022-06-03 01:00:00
3675,2252,Customer_3675,28,Male,Quetta,Clothing,68701,2022-06-03 02:00:00
3676,2134,Customer_3676,40,Female,Karachi,Furniture,25307,2022-06-03 03:00:00
3677,1135,Customer_3677,51,Female,Peshawar,Furniture,44052,2022-06-03 04:00:00
3678,1361,Customer_3678,57,Female,Quetta,Electronics,78402,2022-06-03 05:00:00
3679,2209,Customer_3679,40,Female,Lahore,Grocery,75361,2022-06-03 06:00:00
3680,2679,Customer_3680,46,Male,Peshawar,Grocery,71476,2022-06-03 07:00:00
3681,2607,Customer_3681,48,Female,Quetta,Electronics,57800,2022-06-03 08:00:00
3682,1128,Customer_3682,24,Female,Karachi,Electronics,27451,2022-06-03 09:00:00
3683,2899,Customer_3683,57,Female,Peshawar,Clothing,20764,2022-06-03 10:00:00
3684,2284,Customer_3684,50,Male,Quetta,Electronics,19621,2022-06-03 11:00:00
3685,1514,Customer_3685,38,Male,Peshawar,Grocery,51039,2022-06-03 12:00:00
3686,1448,Customer_3686,19,Male,Karachi,Clothing,30811,2022-06-03 13:00:00
3687,2923,Customer_3687,35,Male,Peshawar,Furniture,42897,2022-06-03 14:00:00
3688,2127,Customer_3688,64,Male,Peshawar,Grocery,20249,2022-06-03 15:00:00
3689,2506,Customer_3689,50,Male,Quetta,Furniture,29718,2022-06-03 16:00:00
3690,2247,Customer_3690,54,Female,Islamabad,Furniture,52091,2022-06-03 17:00:00
3691,2855,Customer_3691,51,Female,Peshawar,Furniture,44633,2022-06-03 18:00:00
3692,1873,Customer_3692,37,Female,Islamabad,Grocery,45367,2022-06-03 19:00:00
3693,2889,Customer_3693,52,Male,Lahore,Furniture,1816,2022-06-03 20:00:00
3694,2514,Customer_3694,35,Female,Peshawar,Grocery,38472,2022-06-03 21:00:00
3695,1472,Customer_3695,63,Female,Islamabad,Furniture,79548,2022-06-03 22:00:00
3696,2033,Customer_3696,41,Male,Lahore,Electronics,66720,2022-06-03 23:00:00
3697,2428,Customer_3697,25,Female,Quetta,Electronics,77771,2022-06-04 00:00:00
3698,2919,Customer_3698,47,Male,Peshawar,Grocery,43135,2022-06-04 01:00:00
3699,1301,Customer_3699,61,Female,Quetta,Furniture,51765,2022-06-04 02:00:00
3700,1230,Customer_3700,27,Male,Lahore,Furniture,50609,2022-06-04 03:00:00
3701,2754,Customer_3701,40,Male,Quetta,Furniture,49297,2022-06-04 04:00:00
3702,1922,Customer_3702,28,Male,Quetta,Electronics,8579,2022-06-04 05:00:00
3703,2089,Customer_3703,19,Female,Karachi,Furniture,61387,2022-06-04 06:00:00
3704,1936,Customer_3704,43,Female,Lahore,Furniture,22912,2022-06-04 07:00:00
3705,1111,Customer_3705,53,Male,Quetta,Grocery,36362,2022-06-04 08:00:00
3706,2036,Customer_3706,50,Male,Islamabad,Furniture,15321,2022-06-04 09:00:00
3707,2416,Customer_3707,64,Female,Lahore,Electronics,73618,2022-06-04 10:00:00
3708,1499,Customer_3708,30,Female,Karachi,Furniture,75048,2022-06-04 11:00:00
3709,1931,Customer_3709,57,Male,Peshawar,Electronics,34155,2022-06-04 12:00:00
3710,1597,Customer_3710,42,Female,Quetta,Electronics,45188,2022-06-04 13:00:00
3711,1233,Customer_3711,21,Female,Islamabad,Clothing,55076,2022-06-04 14:00:00
3712,1601,Customer_3712,59,Female,Karachi,Electronics,52736,2022-06-04 15:00:00
3713,1313,Customer_3713,36,Male,Lahore,Clothing,45721,2022-06-04 16:00:00
3714,1565,Customer_3714,35,Male,Quetta,Clothing,66592,2022-06-04 17:00:00
3715,2035,Customer_3715,54,Female,Karachi,Furniture,54945,2022-06-04 18:00:00
3716,1208,Customer_3716,47,Male,Karachi,Clothing,9400,2022-06-04 19:00:00
3717,2997,Customer_3717,36,Female,Islamabad,Grocery,33985,2022-06-04 20:00:00
3718,2037,Customer_3718,40,Female,Peshawar,Electronics,14391,2022-06-04 21:00:00
3719,2656,Customer_3719,33,Male,Peshawar,Grocery,15514,2022-06-04 22:00:00
3720,2441,Customer_3720,18,Male,Peshawar,Clothing,72583,2022-06-04 23:00:00
3721,2460,Customer_3721,29,Male,Lahore,Furniture,38464,2022-06-05 00:00:00
3722,2400,Customer_3722,41,Female,Karachi,Electronics,51671,2022-06-05 01:00:00
3723,2043,Customer_3723,51,Female,Lahore,Grocery,45239,2022-06-05 02:00:00
3724,1586,Customer_3724,25,Male,Karachi,Furniture,43874,2022-06-05 03:00:00
3725,2935,Customer_3725,35,Male,Islamabad,Clothing,39959,2022-06-05 04:00:00
3726,2778,Customer_3726,22,Male,Islamabad,Furniture,7545,2022-06-05 05:00:00
3727,2758,Customer_3727,43,Female,Lahore,Grocery,43755,2022-06-05 06:00:00
3728,2014,Customer_3728,47,Female,Lahore,Furniture,52465,2022-06-05 07:00:00
3729,2093,Customer_3729,30,Female,Islamabad,Grocery,1737,2022-06-05 08:00:00
3730,2847,Customer_3730,36,Male,Quetta,Furniture,52695,2022-06-05 09:00:00
3731,2234,Customer_3731,46,Male,Peshawar,Electronics,36826,2022-06-05 10:00:00
3732,2124,Customer_3732,20,Female,Peshawar,Furniture,5793,2022-06-05 11:00:00
3733,1697,Customer_3733,43,Male,Islamabad,Electronics,25774,2022-06-05 12:00:00
3734,1131,Customer_3734,57,Male,Peshawar,Grocery,19737,2022-06-05 13:00:00
3735,2646,Customer_3735,29,Male,Quetta,Electronics,78847,2022-06-05 14:00:00
3736,2404,Customer_3736,19,Male,Quetta,Furniture,18729,2022-06-05 15:00:00
3737,2155,Customer_3737,28,Female,Karachi,Electronics,79347,2022-06-05 16:00:00
3738,2043,Customer_3738,61,Male,Lahore,Grocery,57218,2022-06-05 17:00:00
3739,2929,Customer_3739,45,Female,Peshawar,Furniture,69218,2022-06-05 18:00:00
3740,1535,Customer_3740,35,Female,Quetta,Electronics,50115,2022-06-05 19:00:00
3741,2013,Customer_3741,30,Male,Lahore,Electronics,71796,2022-06-05 20:00:00
3742,1226,Customer_3742,54,Female,Lahore,Clothing,73296,2022-06-05 21:00:00
3743,2177,Customer_3743,39,Female,Karachi,Electronics,2415,2022-06-05 22:00:00
3744,2828,Customer_3744,29,Male,Lahore,Clothing,75151,2022-06-05 23:00:00
3745,2765,Customer_3745,19,Female,Lahore,Grocery,53274,2022-06-06 00:00:00
3746,2492,Customer_3746,54,Female,Islamabad,Clothing,7576,2022-06-06 01:00:00
3747,1821,Customer_3747,24,Female,Karachi,Grocery,33583,2022-06-06 02:00:00
3748,1870,Customer_3748,43,Female,Karachi,Electronics,54418,2022-06-06 03:00:00
3749,1404,Customer_3749,43,Female,Peshawar,Electronics,5293,2022-06-06 04:00:00
3750,1201,Customer_3750,41,Female,Lahore,Clothing,51028,2022-06-06 05:00:00
3751,1037,Customer_3751,29,Female,Peshawar,Grocery,67298,2022-06-06 06:00:00
3752,1941,Customer_3752,33,Female,Quetta,Electronics,9819,2022-06-06 07:00:00
3753,2795,Customer_3753,40,Male,Lahore,Clothing,13694,2022-06-06 08:00:00
3754,1187,Customer_3754,57,Male,Quetta,Clothing,19809,2022-06-06 09:00:00
3755,2080,Customer_3755,26,Male,Islamabad,Clothing,58896,2022-06-06 10:00:00
3756,1940,Customer_3756,49,Female,Lahore,Electronics,27498,2022-06-06 11:00:00
3757,2043,Customer_3757,32,Female,Peshawar,Grocery,3968,2022-06-06 12:00:00
3758,1272,Customer_3758,54,Female,Peshawar,Electronics,13151,2022-06-06 13:00:00
3759,2142,Customer_3759,30,Male,Lahore,Furniture,20905,2022-06-06 14:00:00
3760,1582,Customer_3760,22,Male,Peshawar,Furniture,14982,2022-06-06 15:00:00
3761,1515,Customer_3761,28,Male,Lahore,Electronics,4909,2022-06-06 16:00:00
3762,2244,Customer_3762,27,Female,Karachi,Grocery,66583,2022-06-06 17:00:00
3763,1525,Customer_3763,30,Male,Peshawar,Clothing,23926,2022-06-06 18:00:00
3764,2538,Customer_3764,58,Male,Lahore,Furniture,55257,2022-06-06 19:00:00
3765,2751,Customer_3765,63,Female,Lahore,Furniture,14936,2022-06-06 20:00:00
3766,2764,Customer_3766,32,Male,Peshawar,Electronics,16990,2022-06-06 21:00:00
3767,1335,Customer_3767,59,Female,Karachi,Furniture,52636,2022-06-06 22:00:00
3768,1697,Customer_3768,24,Male,Peshawar,Furniture,29462,2022-06-06 23:00:00
3769,2078,Customer_3769,57,Female,Lahore,Clothing,29788,2022-06-07 00:00:00
3770,1499,Customer_3770,45,Female,Karachi,Clothing,22736,2022-06-07 01:00:00
3771,1899,Customer_3771,49,Female,Quetta,Grocery,15423,2022-06-07 02:00:00
3772,2911,Customer_3772,52,Female,Islamabad,Furniture,67286,2022-06-07 03:00:00
3773,1765,Customer_3773,32,Female,Peshawar,Grocery,56391,2022-06-07 04:00:00
3774,1535,Customer_3774,53,Male,Lahore,Grocery,13764,2022-06-07 05:00:00
3775,1161,Customer_3775,38,Female,Karachi,Clothing,67647,2022-06-07 06:00:00
3776,2693,Customer_3776,23,Female,Karachi,Clothing,8428,2022-06-07 07:00:00
3777,1593,Customer_3777,18,Female,Quetta,Electronics,35058,2022-06-07 08:00:00
3778,2938,Customer_3778,21,Female,Peshawar,Clothing,56869,2022-06-07 09:00:00
3779,1158,Customer_3779,28,Male,Karachi,Grocery,66903,2022-06-07 10:00:00
3780,2211,Customer_3780,61,Female,Quetta,Furniture,45713,2022-06-07 11:00:00
3781,1059,Customer_3781,43,Male,Lahore,Grocery,4316,2022-06-07 12:00:00
3782,1914,Customer_3782,54,Female,Quetta,Grocery,36416,2022-06-07 13:00:00
3783,2840,Customer_3783,40,Female,Peshawar,Grocery,48338,2022-06-07 14:00:00
3784,2342,Customer_3784,46,Male,Quetta,Clothing,12073,2022-06-07 15:00:00
3785,2901,Customer_3785,38,Male,Karachi,Grocery,43834,2022-06-07 16:00:00
3786,1210,Customer_3786,62,Male,Karachi,Electronics,65864,2022-06-07 17:00:00
3787,1405,Customer_3787,62,Female,Islamabad,Furniture,13657,2022-06-07 18:00:00
3788,1663,Customer_3788,44,Male,Quetta,Clothing,9822,2022-06-07 19:00:00
3789,2132,Customer_3789,56,Female,Lahore,Grocery,2982,2022-06-07 20:00:00
3790,2099,Customer_3790,57,Male,Peshawar,Electronics,36367,2022-06-07 21:00:00
3791,1541,Customer_3791,30,Male,Islamabad,Furniture,79711,2022-06-07 22:00:00
3792,2337,Customer_3792,40,Female,Quetta,Grocery,77771,2022-06-07 23:00:00
3793,1997,Customer_3793,33,Male,Lahore,Furniture,79886,2022-06-08 00:00:00
3794,2140,Customer_3794,47,Male,Islamabad,Clothing,7232,2022-06-08 01:00:00
3795,1926,Customer_3795,21,Female,Karachi,Clothing,41253,2022-06-08 02:00:00
3796,1867,Customer_3796,57,Female,Peshawar,Electronics,34922,2022-06-08 03:00:00
3797,2727,Customer_3797,33,Female,Quetta,Clothing,77464,2022-06-08 04:00:00
3798,1018,Customer_3798,48,Male,Lahore,Electronics,56784,2022-06-08 05:00:00
3799,1431,Customer_3799,59,Male,Karachi,Grocery,11811,2022-06-08 06:00:00
3800,2708,Customer_3800,42,Male,Islamabad,Furniture,69769,2022-06-08 07:00:00
3801,1739,Customer_3801,61,Male,Peshawar,Clothing,40079,2022-06-08 08:00:00
3802,2373,Customer_3802,29,Male,Islamabad,Furniture,74378,2022-06-08 09:00:00
3803,1182,Customer_3803,43,Female,Islamabad,Furniture,76500,2022-06-08 10:00:00
3804,1112,Customer_3804,54,Male,Lahore,Grocery,49014,2022-06-08 11:00:00
3805,2206,Customer_3805,50,Female,Karachi,Grocery,45811,2022-06-08 12:00:00
3806,1480,Customer_3806,45,Male,Quetta,Clothing,10800,2022-06-08 13:00:00
3807,2169,Customer_3807,26,Female,Lahore,Grocery,65875,2022-06-08 14:00:00
3808,1830,Customer_3808,29,Male,Peshawar,Furniture,35063,2022-06-08 15:00:00
3809,2651,Customer_3809,22,Male,Islamabad,Electronics,49460,2022-06-08 16:00:00
3810,2136,Customer_3810,45,Female,Peshawar,Electronics,79744,2022-06-08 17:00:00
3811,1762,Customer_3811,52,Male,Lahore,Electronics,28590,2022-06-08 18:00:00
3812,1475,Customer_3812,22,Female,Lahore,Clothing,16828,2022-06-08 19:00:00
3813,1762,Customer_3813,51,Male,Quetta,Grocery,27154,2022-06-08 20:00:00
3814,2326,Customer_3814,63,Male,Islamabad,Grocery,6714,2022-06-08 21:00:00
3815,1970,Customer_3815,51,Female,Lahore,Grocery,58240,2022-06-08 22:00:00
3816,2848,Customer_3816,30,Male,Peshawar,Grocery,65449,2022-06-08 23:00:00
3817,2019,Customer_3817,56,Female,Quetta,Furniture,39413,2022-06-09 00:00:00
3818,2141,Customer_3818,59,Male,Peshawar,Electronics,28052,2022-06-09 01:00:00
3819,2836,Customer_3819,62,Male,Islamabad,Furniture,35877,2022-06-09 02:00:00
3820,1160,Customer_3820,31,Male,Quetta,Clothing,26234,2022-06-09 03:00:00
3821,1400,Customer_3821,28,Male,Quetta,Electronics,19110,2022-06-09 04:00:00
3822,1197,Customer_3822,59,Male,Quetta,Electronics,58107,2022-06-09 05:00:00
3823,2283,Customer_3823,55,Male,Karachi,Furniture,79658,2022-06-09 06:00:00
3824,1659,Customer_3824,21,Male,Quetta,Clothing,29375,2022-06-09 07:00:00
3825,2775,Customer_3825,50,Female,Peshawar,Clothing,55582,2022-06-09 08:00:00
3826,2070,Customer_3826,24,Male,Peshawar,Electronics,23726,2022-06-09 09:00:00
3827,1398,Customer_3827,58,Male,Islamabad,Grocery,28177,2022-06-09 10:00:00
3828,2733,Customer_3828,25,Male,Lahore,Clothing,10798,2022-06-09 11:00:00
3829,2582,Customer_3829,54,Female,Lahore,Furniture,36348,2022-06-09 12:00:00
3830,1077,Customer_3830,27,Female,Karachi,Clothing,64154,2022-06-09 13:00:00
3831,1123,Customer_3831,60,Male,Quetta,Electronics,18244,2022-06-09 14:00:00
3832,1074,Customer_3832,32,Male,Karachi,Grocery,23934,2022-06-09 15:00:00
3833,2894,Customer_3833,55,Male,Islamabad,Clothing,48501,2022-06-09 16:00:00
3834,1136,Customer_3834,32,Female,Islamabad,Electronics,67762,2022-06-09 17:00:00
3835,1601,Customer_3835,22,Male,Lahore,Clothing,60133,2022-06-09 18:00:00
3836,2423,Customer_3836,46,Female,Islamabad,Grocery,49417,2022-06-09 19:00:00
3837,1836,Customer_3837,36,Male,Quetta,Furniture,47245,2022-06-09 20:00:00
3838,2528,Customer_3838,27,Female,Peshawar,Electronics,1407,2022-06-09 21:00:00
3839,1499,Customer_3839,29,Female,Islamabad,Electronics,59102,2022-06-09 22:00:00
3840,2596,Customer_3840,21,Male,Karachi,Grocery,14264,2022-06-09 23:00:00
3841,1137,Customer_3841,48,Male,Quetta,Electronics,24909,2022-06-10 00:00:00
3842,1049,Customer_3842,35,Male,Islamabad,Grocery,8890,2022-06-10 01:00:00
3843,2794,Customer_3843,33,Male,Islamabad,Electronics,30672,2022-06-10 02:00:00
3844,1972,Customer_3844,57,Male,Quetta,Grocery,41042,2022-06-10 03:00:00
3845,2642,Customer_3845,53,Male,Islamabad,Clothing,47824,2022-06-10 04:00:00
3846,2648,Customer_3846,42,Male,Peshawar,Clothing,48696,2022-06-10 05:00:00
3847,2885,Customer_3847,40,Female,Lahore,Clothing,69401,2022-06-10 06:00:00
3848,1253,Customer_3848,29,Male,Quetta,Electronics,26336,2022-06-10 07:00:00
3849,2653,Customer_3849,51,Male,Karachi,Grocery,22163,2022-06-10 08:00:00
3850,1709,Customer_3850,53,Female,Islamabad,Grocery,6451,2022-06-10 09:00:00
3851,2872,Customer_3851,54,Male,Lahore,Furniture,15675,2022-06-10 10:00:00
3852,2900,Customer_3852,20,Male,Karachi,Clothing,11527,2022-06-10 11:00:00
3853,1562,Customer_3853,26,Male,Karachi,Furniture,76130,2022-06-10 12:00:00
3854,1756,Customer_3854,35,Male,Peshawar,Clothing,12667,2022-06-10 13:00:00
3855,2938,Customer_3855,60,Female,Lahore,Furniture,74805,2022-06-10 14:00:00
3856,2449,Customer_3856,52,Female,Quetta,Clothing,23560,2022-06-10 15:00:00
3857,1546,Customer_3857,51,Male,Lahore,Grocery,67056,2022-06-10 16:00:00
3858,2325,Customer_3858,58,Male,Lahore,Clothing,77881,2022-06-10 17:00:00
3859,1921,Customer_3859,31,Female,Karachi,Electronics,10985,2022-06-10 18:00:00
3860,1580,Customer_3860,21,Male,Peshawar,Clothing,73950,2022-06-10 19:00:00
3861,2372,Customer_3861,46,Female,Peshawar,Clothing,9302,2022-06-10 20:00:00
3862,2855,Customer_3862,58,Female,Lahore,Grocery,33814,2022-06-10 21:00:00
3863,2956,Customer_3863,62,Female,Lahore,Electronics,48798,2022-06-10 22:00:00
3864,1048,Customer_3864,32,Male,Islamabad,Grocery,20065,2022-06-10 23:00:00
3865,1916,Customer_3865,45,Male,Karachi,Furniture,44733,2022-06-11 00:00:00
3866,2097,Customer_3866,59,Male,Quetta,Furniture,48884,2022-06-11 01:00:00
3867,1703,Customer_3867,33,Female,Quetta,Electronics,52985,2022-06-11 02:00:00
3868,1260,Customer_3868,29,Male,Peshawar,Furniture,78753,2022-06-11 03:00:00
3869,1355,Customer_3869,22,Male,Karachi,Electronics,63470,2022-06-11 04:00:00
3870,2605,Customer_3870,51,Female,Peshawar,Clothing,38169,2022-06-11 05:00:00
3871,2625,Customer_3871,59,Male,Quetta,Furniture,26772,2022-06-11 06:00:00
3872,2283,Customer_3872,18,Male,Lahore,Clothing,12342,2022-06-11 07:00:00
3873,1637,Customer_3873,56,Male,Karachi,Grocery,64599,2022-06-11 08:00:00
3874,1742,Customer_3874,49,Female,Karachi,Furniture,2582,2022-06-11 09:00:00
3875,2318,Customer_3875,43,Male,Islamabad,Grocery,54304,2022-06-11 10:00:00
3876,2009,Customer_3876,34,Female,Lahore,Grocery,26761,2022-06-11 11:00:00
3877,1930,Customer_3877,44,Female,Lahore,Electronics,10295,2022-06-11 12:00:00
3878,1640,Customer_3878,41,Female,Peshawar,Grocery,45809,2022-06-11 13:00:00
3879,1791,Customer_3879,52,Male,Karachi,Electronics,61956,2022-06-11 14:00:00
3880,2336,Customer_3880,63,Male,Peshawar,Electronics,20680,2022-06-11 15:00:00
3881,1611,Customer_3881,59,Male,Lahore,Electronics,63788,2022-06-11 16:00:00
3882,2861,Customer_3882,56,Female,Islamabad,Electronics,46835,2022-06-11 17:00:00
3883,1808,Customer_3883,43,Female,Karachi,Electronics,33768,2022-06-11 18:00:00
3884,2205,Customer_3884,55,Male,Lahore,Clothing,67051,2022-06-11 19:00:00
3885,1685,Customer_3885,40,Female,Islamabad,Electronics,24989,2022-06-11 20:00:00
3886,2851,Customer_3886,39,Male,Quetta,Furniture,59898,2022-06-11 21:00:00
3887,2387,Customer_3887,21,Male,Lahore,Electronics,54970,2022-06-11 22:00:00
3888,1187,Customer_3888,26,Male,Quetta,Clothing,77902,2022-06-11 23:00:00
3889,2592,Customer_3889,21,Male,Peshawar,Furniture,32661,2022-06-12 00:00:00
3890,2566,Customer_3890,24,Male,Quetta,Furniture,68135,2022-06-12 01:00:00
3891,2619,Customer_3891,40,Male,Lahore,Clothing,72422,2022-06-12 02:00:00
3892,2687,Customer_3892,19,Male,Quetta,Furniture,71374,2022-06-12 03:00:00
3893,1984,Customer_3893,41,Female,Karachi,Clothing,60861,2022-06-12 04:00:00
3894,1547,Customer_3894,57,Male,Lahore,Grocery,74336,2022-06-12 05:00:00
3895,1724,Customer_3895,48,Female,Islamabad,Grocery,61266,2022-06-12 06:00:00
3896,1925,Customer_3896,64,Female,Quetta,Electronics,21900,2022-06-12 07:00:00
3897,2431,Customer_3897,48,Male,Karachi,Electronics,25141,2022-06-12 08:00:00
3898,1875,Customer_3898,64,Female,Peshawar,Electronics,52733,2022-06-12 09:00:00
3899,1617,Customer_3899,57,Female,Peshawar,Electronics,70333,2022-06-12 10:00:00
3900,1413,Customer_3900,60,Female,Quetta,Clothing,19832,2022-06-12 11:00:00
3901,2365,Customer_3901,51,Male,Peshawar,Grocery,15701,2022-06-12 12:00:00
3902,2243,Customer_3902,41,Male,Islamabad,Clothing,45882,2022-06-12 13:00:00
3903,1902,Customer_3903,43,Male,Lahore,Furniture,46629,2022-06-12 14:00:00
3904,1162,Customer_3904,33,Male,Karachi,Furniture,34308,2022-06-12 15:00:00
3905,2974,Customer_3905,64,Male,Quetta,Furniture,78846,2022-06-12 16:00:00
3906,2243,Customer_3906,30,Female,Peshawar,Furniture,74024,2022-06-12 17:00:00
3907,1269,Customer_3907,32,Female,Lahore,Furniture,57125,2022-06-12 18:00:00
3908,1631,Customer_3908,44,Male,Islamabad,Grocery,40827,2022-06-12 19:00:00
3909,1905,Customer_3909,21,Female,Peshawar,Clothing,20079,2022-06-12 20:00:00
3910,2871,Customer_3910,33,Female,Peshawar,Furniture,21983,2022-06-12 21:00:00
3911,2423,Customer_3911,47,Female,Karachi,Electronics,1003,2022-06-12 22:00:00
3912,2205,Customer_3912,61,Female,Islamabad,Grocery,71380,2022-06-12 23:00:00
3913,2641,Customer_3913,47,Male,Islamabad,Electronics,9447,2022-06-13 00:00:00
3914,2752,Customer_3914,53,Male,Quetta,Grocery,10033,2022-06-13 01:00:00
3915,1204,Customer_3915,20,Male,Karachi,Grocery,48076,2022-06-13 02:00:00
3916,1581,Customer_3916,39,Female,Quetta,Electronics,41416,2022-06-13 03:00:00
3917,2579,Customer_3917,39,Female,Karachi,Electronics,47423,2022-06-13 04:00:00
3918,1840,Customer_3918,29,Male,Islamabad,Furniture,55662,2022-06-13 05:00:00
3919,2836,Customer_3919,38,Male,Karachi,Electronics,67417,2022-06-13 06:00:00
3920,2251,Customer_3920,21,Female,Karachi,Clothing,7512,2022-06-13 07:00:00
3921,2719,Customer_3921,48,Male,Karachi,Grocery,15713,2022-06-13 08:00:00
3922,2642,Customer_3922,61,Male,Lahore,Grocery,28063,2022-06-13 09:00:00
3923,1595,Customer_3923,48,Female,Lahore,Furniture,15712,2022-06-13 10:00:00
3924,2873,Customer_3924,40,Female,Islamabad,Grocery,60688,2022-06-13 11:00:00
3925,1249,Customer_3925,37,Male,Karachi,Electronics,47076,2022-06-13 12:00:00
3926,1874,Customer_3926,32,Female,Islamabad,Grocery,11211,2022-06-13 13:00:00
3927,2464,Customer_3927,40,Male,Lahore,Grocery,10015,2022-06-13 14:00:00
3928,2556,Customer_3928,45,Female,Karachi,Electronics,20693,2022-06-13 15:00:00
3929,1195,Customer_3929,33,Female,Quetta,Electronics,68167,2022-06-13 16:00:00
3930,1689,Customer_3930,54,Male,Lahore,Grocery,2924,2022-06-13 17:00:00
3931,2952,Customer_3931,38,Female,Lahore,Clothing,44844,2022-06-13 18:00:00
3932,2542,Customer_3932,32,Male,Lahore,Electronics,63592,2022-06-13 19:00:00
3933,2093,Customer_3933,34,Female,Karachi,Clothing,60095,2022-06-13 20:00:00
3934,1638,Customer_3934,54,Male,Peshawar,Clothing,55126,2022-06-13 21:00:00
3935,2422,Customer_3935,30,Female,Quetta,Furniture,9700,2022-06-13 22:00:00
3936,1671,Customer_3936,36,Female,Quetta,Clothing,50969,2022-06-13 23:00:00
3937,2783,Customer_3937,47,Male,Islamabad,Furniture,23531,2022-06-14 00:00:00
3938,2226,Customer_3938,62,Female,Karachi,Clothing,3716,2022-06-14 01:00:00
3939,2171,Customer_3939,35,Male,Lahore,Furniture,46094,2022-06-14 02:00:00
3940,2495,Customer_3940,31,Female,Peshawar,Electronics,516,2022-06-14 03:00:00
3941,2678,Customer_3941,53,Female,Karachi,Grocery,26878,2022-06-14 04:00:00
3942,1943,Customer_3942,53,Male,Karachi,Grocery,32234,2022-06-14 05:00:00
3943,1198,Customer_3943,37,Female,Peshawar,Furniture,79386,2022-06-14 06:00:00
3944,2940,Customer_3944,36,Female,Lahore,Electronics,14950,2022-06-14 07:00:00
3945,2449,Customer_3945,62,Male,Karachi,Furniture,1973,2022-06-14 08:00:00
3946,2689,Customer_3946,61,Female,Quetta,Furniture,26025,2022-06-14 09:00:00
3947,1491,Customer_3947,24,Male,Quetta,Electronics,29072,2022-06-14 10:00:00
3948,2911,Customer_3948,61,Male,Peshawar,Clothing,42528,2022-06-14 11:00:00
3949,1895,Customer_3949,21,Male,Lahore,Clothing,37579,2022-06-14 12:00:00
3950,1141,Customer_3950,51,Female,Peshawar,Electronics,59467,2022-06-14 13:00:00
3951,2336,Customer_3951,19,Female,Karachi,Furniture,52547,2022-06-14 14:00:00
3952,1164,Customer_3952,22,Male,Quetta,Grocery,30610,2022-06-14 15:00:00
3953,1313,Customer_3953,27,Female,Islamabad,Furniture,2446,2022-06-14 16:00:00
3954,1020,Customer_3954,49,Male,Peshawar,Clothing,22443,2022-06-14 17:00:00
3955,2105,Customer_3955,59,Female,Islamabad,Electronics,16240,2022-06-14 18:00:00
3956,2604,Customer_3956,58,Male,Islamabad,Electronics,75212,2022-06-14 19:00:00
3957,2154,Customer_3957,30,Male,Quetta,Electronics,45151,2022-06-14 20:00:00
3958,2622,Customer_3958,56,Female,Peshawar,Clothing,37769,2022-06-14 21:00:00
3959,2753,Customer_3959,22,Male,Islamabad,Furniture,77654,2022-06-14 22:00:00
3960,2956,Customer_3960,27,Male,Karachi,Electronics,39182,2022-06-14 23:00:00
3961,1983,Customer_3961,27,Female,Lahore,Grocery,25101,2022-06-15 00:00:00
3962,1304,Customer_3962,55,Male,Lahore,Electronics,33350,2022-06-15 01:00:00
3963,2938,Customer_3963,44,Male,Quetta,Furniture,41632,2022-06-15 02:00:00
3964,1370,Customer_3964,38,Female,Peshawar,Clothing,50650,2022-06-15 03:00:00
3965,2880,Customer_3965,25,Male,Peshawar,Grocery,6304,2022-06-15 04:00:00
3966,1852,Customer_3966,18,Male,Lahore,Grocery,52534,2022-06-15 05:00:00
3967,1383,Customer_3967,45,Male,Karachi,Electronics,45561,2022-06-15 06:00:00
3968,2931,Customer_3968,56,Male,Lahore,Furniture,27919,2022-06-15 07:00:00
3969,1444,Customer_3969,31,Male,Lahore,Electronics,24246,2022-06-15 08:00:00
3970,1424,Customer_3970,38,Male,Peshawar,Grocery,78848,2022-06-15 09:00:00
3971,1160,Customer_3971,47,Male,Islamabad,Electronics,68081,2022-06-15 10:00:00
3972,2201,Customer_3972,38,Male,Karachi,Furniture,25836,2022-06-15 11:00:00
3973,1628,Customer_3973,26,Female,Peshawar,Clothing,46452,2022-06-15 12:00:00
3974,2731,Customer_3974,34,Male,Lahore,Grocery,47643,2022-06-15 13:00:00
3975,1894,Customer_3975,22,Male,Islamabad,Furniture,59879,2022-06-15 14:00:00
3976,1489,Customer_3976,48,Female,Karachi,Electronics,34820,2022-06-15 15:00:00
3977,2016,Customer_3977,57,Male,Quetta,Grocery,37016,2022-06-15 16:00:00
3978,1326,Customer_3978,55,Male,Karachi,Electronics,60289,2022-06-15 17:00:00
3979,1597,Customer_3979,60,Male,Karachi,Electronics,71614,2022-06-15 18:00:00
3980,2014,Customer_3980,36,Male,Lahore,Clothing,61740,2022-06-15 19:00:00
3981,1288,Customer_3981,53,Male,Lahore,Electronics,42298,2022-06-15 20:00:00
3982,1592,Customer_3982,50,Male,Quetta,Electronics,56420,2022-06-15 21:00:00
3983,2687,Customer_3983,30,Female,Quetta,Furniture,66973,2022-06-15 22:00:00
3984,2596,Customer_3984,31,Female,Quetta,Electronics,65826,2022-06-15 23:00:00
3985,1572,Customer_3985,50,Female,Peshawar,Clothing,73631,2022-06-16 00:00:00
3986,2377,Customer_3986,46,Female,Peshawar,Electronics,924,2022-06-16 01:00:00
3987,1027,Customer_3987,60,Female,Lahore,Electronics,64374,2022-06-16 02:00:00
3988,1953,Customer_3988,53,Male,Lahore,Electronics,3551,2022-06-16 03:00:00
3989,1042,Customer_3989,61,Male,Quetta,Grocery,59981,2022-06-16 04:00:00
3990,2704,Customer_3990,27,Male,Peshawar,Clothing,64372,2022-06-16 05:00:00
3991,1422,Customer_3991,48,Male,Islamabad,Grocery,78274,2022-06-16 06:00:00
3992,2621,Customer_3992,23,Male,Peshawar,Clothing,28286,2022-06-16 07:00:00
3993,1176,Customer_3993,18,Female,Lahore,Clothing,68730,2022-06-16 08:00:00
3994,1528,Customer_3994,24,Female,Peshawar,Furniture,69631,2022-06-16 09:00:00
3995,2633,Customer_3995,44,Male,Lahore,Grocery,1767,2022-06-16 10:00:00
3996,1965,Customer_3996,38,Male,Quetta,Clothing,66457,2022-06-16 11:00:00
3997,2517,Customer_3997,45,Male,Quetta,Clothing,63145,2022-06-16 12:00:00
3998,1197,Customer_3998,33,Female,Quetta,Furniture,20150,2022-06-16 13:00:00
3999,1609,Customer_3999,63,Female,Islamabad,Grocery,7517,2022-06-16 14:00:00
4000,2600,Customer_4000,40,Male,Islamabad,Electronics,10349,2022-06-16 15:00:00
4001,1841,Customer_4001,37,Female,Lahore,Furniture,62953,2022-06-16 16:00:00
4002,1852,Customer_4002,55,Male,Karachi,Clothing,49617,2022-06-16 17:00:00
4003,2540,Customer_4003,42,Female,Islamabad,Grocery,57747,2022-06-16 18:00:00
4004,2537,Customer_4004,45,Female,Lahore,Clothing,45399,2022-06-16 19:00:00
4005,1021,Customer_4005,22,Male,Peshawar,Furniture,42144,2022-06-16 20:00:00
4006,2135,Customer_4006,38,Female,Quetta,Furniture,68262,2022-06-16 21:00:00
4007,2080,Customer_4007,35,Female,Quetta,Grocery,4888,2022-06-16 22:00:00
4008,2089,Customer_4008,64,Male,Quetta,Furniture,68458,2022-06-16 23:00:00
4009,1841,Customer_4009,23,Female,Lahore,Furniture,40494,2022-06-17 00:00:00
4010,1097,Customer_4010,46,Male,Quetta,Electronics,75305,2022-06-17 01:00:00
4011,2167,Customer_4011,36,Female,Islamabad,Clothing,78213,2022-06-17 02:00:00
4012,2903,Customer_4012,50,Male,Peshawar,Electronics,78068,2022-06-17 03:00:00
4013,1434,Customer_4013,18,Male,Quetta,Electronics,73352,2022-06-17 04:00:00
4014,1636,Customer_4014,62,Female,Lahore,Grocery,3343,2022-06-17 05:00:00
4015,2702,Customer_4015,20,Female,Peshawar,Furniture,28515,2022-06-17 06:00:00
4016,2109,Customer_4016,59,Male,Quetta,Clothing,70147,2022-06-17 07:00:00
4017,1587,Customer_4017,38,Female,Karachi,Clothing,45731,2022-06-17 08:00:00
4018,1343,Customer_4018,52,Female,Quetta,Clothing,47046,2022-06-17 09:00:00
4019,2959,Customer_4019,58,Female,Islamabad,Furniture,51555,2022-06-17 10:00:00
4020,2317,Customer_4020,57,Male,Peshawar,Clothing,50077,2022-06-17 11:00:00
4021,2979,Customer_4021,20,Male,Islamabad,Clothing,35669,2022-06-17 12:00:00
4022,1570,Customer_4022,42,Male,Karachi,Furniture,42209,2022-06-17 13:00:00
4023,2673,Customer_4023,62,Female,Karachi,Grocery,29915,2022-06-17 14:00:00
4024,1610,Customer_4024,55,Female,Islamabad,Clothing,16185,2022-06-17 15:00:00
4025,2727,Customer_4025,62,Male,Peshawar,Furniture,16463,2022-06-17 16:00:00
4026,1242,Customer_4026,37,Male,Karachi,Electronics,30198,2022-06-17 17:00:00
4027,2854,Customer_4027,61,Female,Karachi,Furniture,62915,2022-06-17 18:00:00
4028,1560,Customer_4028,62,Female,Quetta,Electronics,56900,2022-06-17 19:00:00
4029,1959,Customer_4029,51,Female,Lahore,Furniture,55950,2022-06-17 20:00:00
4030,1031,Customer_4030,38,Female,Karachi,Clothing,51211,2022-06-17 21:00:00
4031,1390,Customer_4031,40,Male,Peshawar,Grocery,72071,2022-06-17 22:00:00
4032,1276,Customer_4032,23,Female,Peshawar,Grocery,73107,2022-06-17 23:00:00
4033,1531,Customer_4033,30,Female,Quetta,Clothing,21078,2022-06-18 00:00:00
4034,2177,Customer_4034,40,Male,Peshawar,Electronics,29342,2022-06-18 01:00:00
4035,1382,Customer_4035,26,Male,Quetta,Furniture,17031,2022-06-18 02:00:00
4036,2091,Customer_4036,34,Female,Karachi,Clothing,2670,2022-06-18 03:00:00
4037,2901,Customer_4037,19,Male,Karachi,Furniture,7797,2022-06-18 04:00:00
4038,1883,Customer_4038,36,Female,Karachi,Clothing,4663,2022-06-18 05:00:00
4039,1213,Customer_4039,36,Female,Karachi,Clothing,41294,2022-06-18 06:00:00
4040,2678,Customer_4040,24,Male,Lahore,Furniture,42287,2022-06-18 07:00:00
4041,1375,Customer_4041,59,Male,Lahore,Grocery,57719,2022-06-18 08:00:00
4042,1743,Customer_4042,59,Female,Karachi,Grocery,24948,2022-06-18 09:00:00
4043,1212,Customer_4043,37,Male,Peshawar,Electronics,69652,2022-06-18 10:00:00
4044,1078,Customer_4044,26,Female,Quetta,Furniture,56937,2022-06-18 11:00:00
4045,2749,Customer_4045,34,Female,Islamabad,Electronics,28799,2022-06-18 12:00:00
4046,1627,Customer_4046,44,Female,Quetta,Clothing,41619,2022-06-18 13:00:00
4047,1603,Customer_4047,64,Male,Islamabad,Electronics,77593,2022-06-18 14:00:00
4048,1781,Customer_4048,19,Female,Islamabad,Clothing,39148,2022-06-18 15:00:00
4049,2946,Customer_4049,53,Female,Karachi,Furniture,14596,2022-06-18 16:00:00
4050,2404,Customer_4050,36,Female,Islamabad,Furniture,74779,2022-06-18 17:00:00
4051,2000,Customer_4051,34,Male,Karachi,Furniture,7891,2022-06-18 18:00:00
4052,1679,Customer_4052,22,Female,Lahore,Furniture,75391,2022-06-18 19:00:00
4053,1057,Customer_4053,56,Female,Peshawar,Electronics,63330,2022-06-18 20:00:00
4054,2819,Customer_4054,35,Female,Islamabad,Clothing,71283,2022-06-18 21:00:00
4055,2049,Customer_4055,24,Male,Peshawar,Grocery,40786,2022-06-18 22:00:00
4056,1880,Customer_4056,34,Female,Karachi,Furniture,72326,2022-06-18 23:00:00
4057,1446,Customer_4057,56,Female,Islamabad,Furniture,38095,2022-06-19 00:00:00
4058,1065,Customer_4058,53,Male,Quetta,Clothing,63240,2022-06-19 01:00:00
4059,2944,Customer_4059,57,Male,Lahore,Grocery,51429,2022-06-19 02:00:00
4060,2783,Customer_4060,62,Female,Lahore,Furniture,33327,2022-06-19 03:00:00
4061,2277,Customer_4061,21,Female,Islamabad,Grocery,26709,2022-06-19 04:00:00
4062,2922,Customer_4062,55,Female,Lahore,Furniture,73896,2022-06-19 05:00:00
4063,2991,Customer_4063,42,Male,Quetta,Electronics,79461,2022-06-19 06:00:00
4064,2067,Customer_4064,22,Male,Peshawar,Electronics,14306,2022-06-19 07:00:00
4065,2120,Customer_4065,47,Female,Quetta,Grocery,25906,2022-06-19 08:00:00
4066,2577,Customer_4066,29,Male,Lahore,Clothing,34860,2022-06-19 09:00:00
4067,2011,Customer_4067,21,Female,Peshawar,Clothing,39365,2022-06-19 10:00:00
4068,1226,Customer_4068,41,Female,Quetta,Electronics,6958,2022-06-19 11:00:00
4069,1773,Customer_4069,46,Male,Karachi,Clothing,9651,2022-06-19 12:00:00
4070,1678,Customer_4070,26,Female,Karachi,Clothing,55369,2022-06-19 13:00:00
4071,2459,Customer_4071,21,Male,Peshawar,Clothing,72524,2022-06-19 14:00:00
4072,2814,Customer_4072,41,Male,Peshawar,Grocery,25041,2022-06-19 15:00:00
4073,1600,Customer_4073,31,Female,Peshawar,Grocery,22303,2022-06-19 16:00:00
4074,1378,Customer_4074,22,Male,Karachi,Clothing,43683,2022-06-19 17:00:00
4075,2201,Customer_4075,35,Female,Quetta,Electronics,45276,2022-06-19 18:00:00
4076,2450,Customer_4076,59,Male,Peshawar,Clothing,62823,2022-06-19 19:00:00
4077,2938,Customer_4077,36,Female,Karachi,Furniture,11670,2022-06-19 20:00:00
4078,1708,Customer_4078,29,Female,Peshawar,Electronics,47784,2022-06-19 21:00:00
4079,1306,Customer_4079,35,Female,Peshawar,Grocery,9760,2022-06-19 22:00:00
4080,1778,Customer_4080,34,Male,Peshawar,Furniture,8136,2022-06-19 23:00:00
4081,1503,Customer_4081,47,Female,Karachi,Clothing,36608,2022-06-20 00:00:00
4082,1267,Customer_4082,41,Male,Quetta,Clothing,16441,2022-06-20 01:00:00
4083,2609,Customer_4083,28,Male,Karachi,Electronics,69471,2022-06-20 02:00:00
4084,1007,Customer_4084,52,Male,Karachi,Electronics,28855,2022-06-20 03:00:00
4085,2943,Customer_4085,40,Male,Peshawar,Clothing,73336,2022-06-20 04:00:00
4086,1507,Customer_4086,34,Male,Islamabad,Clothing,34233,2022-06-20 05:00:00
4087,1475,Customer_4087,18,Female,Islamabad,Electronics,7944,2022-06-20 06:00:00
4088,2320,Customer_4088,32,Male,Islamabad,Furniture,15110,2022-06-20 07:00:00
4089,1163,Customer_4089,49,Female,Karachi,Grocery,66536,2022-06-20 08:00:00
4090,1484,Customer_4090,26,Female,Peshawar,Electronics,5054,2022-06-20 09:00:00
4091,2620,Customer_4091,32,Male,Islamabad,Furniture,26045,2022-06-20 10:00:00
4092,2095,Customer_4092,45,Female,Lahore,Clothing,50639,2022-06-20 11:00:00
4093,1566,Customer_4093,41,Female,Lahore,Grocery,62471,2022-06-20 12:00:00
4094,1904,Customer_4094,52,Male,Lahore,Furniture,46559,2022-06-20 13:00:00
4095,1558,Customer_4095,39,Female,Quetta,Grocery,7271,2022-06-20 14:00:00
4096,2934,Customer_4096,44,Male,Peshawar,Grocery,69968,2022-06-20 15:00:00
4097,2967,Customer_4097,36,Male,Karachi,Grocery,26555,2022-06-20 16:00:00
4098,1237,Customer_4098,62,Male,Karachi,Furniture,37702,2022-06-20 17:00:00
4099,2127,Customer_4099,29,Female,Peshawar,Furniture,28200,2022-06-20 18:00:00
4100,2233,Customer_4100,37,Female,Quetta,Clothing,4067,2022-06-20 19:00:00
4101,1553,Customer_4101,18,Female,Peshawar,Grocery,67694,2022-06-20 20:00:00
4102,1827,Customer_4102,38,Female,Quetta,Electronics,43336,2022-06-20 21:00:00
4103,1467,Customer_4103,62,Male,Islamabad,Electronics,27127,2022-06-20 22:00:00
4104,2477,Customer_4104,18,Male,Islamabad,Electronics,39068,2022-06-20 23:00:00
4105,2291,Customer_4105,27,Female,Quetta,Furniture,21260,2022-06-21 00:00:00
4106,1385,Customer_4106,64,Male,Peshawar,Clothing,30485,2022-06-21 01:00:00
4107,1774,Customer_4107,49,Female,Islamabad,Furniture,41285,2022-06-21 02:00:00
4108,1847,Customer_4108,56,Male,Peshawar,Grocery,36083,2022-06-21 03:00:00
4109,1386,Customer_4109,39,Male,Islamabad,Electronics,34238,2022-06-21 04:00:00
4110,1876,Customer_4110,35,Male,Peshawar,Furniture,24704,2022-06-21 05:00:00
4111,1258,Customer_4111,63,Male,Peshawar,Electronics,79321,2022-06-21 06:00:00
4112,1282,Customer_4112,49,Male,Lahore,Furniture,17143,2022-06-21 07:00:00
4113,2649,Customer_4113,44,Female,Quetta,Electronics,71061,2022-06-21 08:00:00
4114,2898,Customer_4114,45,Female,Karachi,Grocery,37626,2022-06-21 09:00:00
4115,1039,Customer_4115,35,Male,Quetta,Electronics,58626,2022-06-21 10:00:00
4116,1485,Customer_4116,56,Female,Peshawar,Grocery,45758,2022-06-21 11:00:00
4117,1928,Customer_4117,46,Male,Peshawar,Grocery,35027,2022-06-21 12:00:00
4118,1219,Customer_4118,35,Male,Quetta,Furniture,24398,2022-06-21 13:00:00
4119,2152,Customer_4119,61,Male,Peshawar,Furniture,57412,2022-06-21 14:00:00
4120,2014,Customer_4120,25,Male,Islamabad,Furniture,46935,2022-06-21 15:00:00
4121,2023,Customer_4121,48,Female,Peshawar,Grocery,4294,2022-06-21 16:00:00
4122,2543,Customer_4122,51,Male,Quetta,Clothing,69626,2022-06-21 17:00:00
4123,1612,Customer_4123,24,Female,Quetta,Clothing,15198,2022-06-21 18:00:00
4124,1927,Customer_4124,53,Male,Quetta,Grocery,12832,2022-06-21 19:00:00
4125,2915,Customer_4125,35,Male,Lahore,Grocery,10093,2022-06-21 20:00:00
4126,1687,Customer_4126,55,Female,Lahore,Furniture,58632,2022-06-21 21:00:00
4127,2642,Customer_4127,26,Male,Lahore,Furniture,11536,2022-06-21 22:00:00
4128,1612,Customer_4128,26,Male,Lahore,Furniture,53664,2022-06-21 23:00:00
4129,1259,Customer_4129,63,Female,Lahore,Clothing,19851,2022-06-22 00:00:00
4130,1989,Customer_4130,25,Female,Lahore,Clothing,58913,2022-06-22 01:00:00
4131,1965,Customer_4131,52,Female,Lahore,Grocery,18559,2022-06-22 02:00:00
4132,1365,Customer_4132,35,Male,Quetta,Clothing,27688,2022-06-22 03:00:00
4133,2781,Customer_4133,22,Male,Karachi,Furniture,68352,2022-06-22 04:00:00
4134,2810,Customer_4134,31,Female,Lahore,Furniture,12329,2022-06-22 05:00:00
4135,1543,Customer_4135,45,Female,Quetta,Furniture,74173,2022-06-22 06:00:00
4136,1648,Customer_4136,47,Male,Karachi,Furniture,25002,2022-06-22 07:00:00
4137,2547,Customer_4137,21,Male,Lahore,Furniture,27704,2022-06-22 08:00:00
4138,2930,Customer_4138,56,Female,Karachi,Electronics,1765,2022-06-22 09:00:00
4139,1813,Customer_4139,37,Female,Karachi,Grocery,36251,2022-06-22 10:00:00
4140,2910,Customer_4140,42,Female,Islamabad,Grocery,24815,2022-06-22 11:00:00
4141,2039,Customer_4141,45,Female,Peshawar,Clothing,47957,2022-06-22 12:00:00
4142,2152,Customer_4142,29,Male,Islamabad,Furniture,47375,2022-06-22 13:00:00
4143,1574,Customer_4143,19,Male,Karachi,Electronics,60859,2022-06-22 14:00:00
4144,2132,Customer_4144,60,Male,Quetta,Furniture,43920,2022-06-22 15:00:00
4145,2910,Customer_4145,31,Male,Lahore,Furniture,33879,2022-06-22 16:00:00
4146,2012,Customer_4146,39,Female,Peshawar,Clothing,64602,2022-06-22 17:00:00
4147,2556,Customer_4147,48,Male,Lahore,Electronics,55164,2022-06-22 18:00:00
4148,1669,Customer_4148,40,Female,Quetta,Electronics,71460,2022-06-22 19:00:00
4149,1268,Customer_4149,37,Male,Peshawar,Grocery,75975,2022-06-22 20:00:00
4150,2185,Customer_4150,55,Male,Islamabad,Furniture,59969,2022-06-22 21:00:00
4151,2283,Customer_4151,21,Male,Karachi,Electronics,34896,2022-06-22 22:00:00
4152,1923,Customer_4152,32,Female,Quetta,Grocery,13676,2022-06-22 23:00:00
4153,2125,Customer_4153,41,Male,Karachi,Electronics,65536,2022-06-23 00:00:00
4154,2529,Customer_4154,42,Female,Karachi,Furniture,8407,2022-06-23 01:00:00
4155,2758,Customer_4155,18,Female,Lahore,Grocery,3872,2022-06-23 02:00:00
4156,2594,Customer_4156,24,Male,Quetta,Electronics,28072,2022-06-23 03:00:00
4157,1246,Customer_4157,48,Female,Karachi,Clothing,25092,2022-06-23 04:00:00
4158,2663,Customer_4158,29,Male,Islamabad,Electronics,13602,2022-06-23 05:00:00
4159,2818,Customer_4159,59,Female,Peshawar,Furniture,26142,2022-06-23 06:00:00
4160,2860,Customer_4160,22,Male,Quetta,Clothing,3639,2022-06-23 07:00:00
4161,2560,Customer_4161,61,Female,Lahore,Electronics,77679,2022-06-23 08:00:00
4162,1130,Customer_4162,59,Female,Quetta,Electronics,19143,2022-06-23 09:00:00
4163,1352,Customer_4163,55,Male,Lahore,Grocery,60617,2022-06-23 10:00:00
4164,1195,Customer_4164,29,Male,Peshawar,Furniture,29280,2022-06-23 11:00:00
4165,2816,Customer_4165,56,Male,Islamabad,Electronics,60832,2022-06-23 12:00:00
4166,2939,Customer_4166,35,Male,Karachi,Electronics,31132,2022-06-23 13:00:00
4167,1929,Customer_4167,19,Female,Quetta,Electronics,38993,2022-06-23 14:00:00
4168,2689,Customer_4168,27,Female,Lahore,Furniture,48852,2022-06-23 15:00:00
4169,2405,Customer_4169,32,Female,Peshawar,Clothing,29908,2022-06-23 16:00:00
4170,2021,Customer_4170,47,Female,Karachi,Furniture,79255,2022-06-23 17:00:00
4171,1644,Customer_4171,61,Male,Peshawar,Grocery,26439,2022-06-23 18:00:00
4172,1226,Customer_4172,34,Female,Islamabad,Grocery,47380,2022-06-23 19:00:00
4173,1700,Customer_4173,21,Male,Karachi,Furniture,37343,2022-06-23 20:00:00
4174,2499,Customer_4174,24,Female,Karachi,Electronics,78814,2022-06-23 21:00:00
4175,2500,Customer_4175,58,Male,Karachi,Electronics,39430,2022-06-23 22:00:00
4176,1264,Customer_4176,48,Male,Lahore,Clothing,30370,2022-06-23 23:00:00
4177,2395,Customer_4177,56,Male,Karachi,Furniture,58644,2022-06-24 00:00:00
4178,2509,Customer_4178,51,Male,Peshawar,Furniture,58603,2022-06-24 01:00:00
4179,2457,Customer_4179,23,Male,Lahore,Electronics,41270,2022-06-24 02:00:00
4180,1645,Customer_4180,55,Female,Karachi,Grocery,30658,2022-06-24 03:00:00
4181,1210,Customer_4181,62,Male,Peshawar,Grocery,47901,2022-06-24 04:00:00
4182,2595,Customer_4182,51,Female,Peshawar,Clothing,13492,2022-06-24 05:00:00
4183,2963,Customer_4183,61,Female,Quetta,Clothing,25890,2022-06-24 06:00:00
4184,2400,Customer_4184,32,Male,Peshawar,Grocery,46358,2022-06-24 07:00:00
4185,2418,Customer_4185,31,Female,Islamabad,Furniture,17256,2022-06-24 08:00:00
4186,2473,Customer_4186,23,Female,Karachi,Clothing,22471,2022-06-24 09:00:00
4187,1942,Customer_4187,54,Female,Karachi,Electronics,7571,2022-06-24 10:00:00
4188,2387,Customer_4188,49,Male,Karachi,Furniture,47017,2022-06-24 11:00:00
4189,2899,Customer_4189,20,Male,Peshawar,Electronics,7086,2022-06-24 12:00:00
4190,1456,Customer_4190,20,Male,Peshawar,Clothing,20203,2022-06-24 13:00:00
4191,1724,Customer_4191,39,Male,Karachi,Grocery,76677,2022-06-24 14:00:00
4192,2751,Customer_4192,39,Female,Lahore,Clothing,37235,2022-06-24 15:00:00
4193,2249,Customer_4193,27,Female,Lahore,Grocery,66858,2022-06-24 16:00:00
4194,1981,Customer_4194,20,Female,Islamabad,Furniture,40148,2022-06-24 17:00:00
4195,2154,Customer_4195,29,Female,Quetta,Clothing,12629,2022-06-24 18:00:00
4196,1587,Customer_4196,46,Female,Islamabad,Clothing,37156,2022-06-24 19:00:00
4197,1475,Customer_4197,34,Female,Karachi,Clothing,30165,2022-06-24 20:00:00
4198,2821,Customer_4198,24,Male,Karachi,Furniture,13999,2022-06-24 21:00:00
4199,1985,Customer_4199,30,Female,Karachi,Electronics,76388,2022-06-24 22:00:00
4200,2300,Customer_4200,19,Female,Quetta,Electronics,20154,2022-06-24 23:00:00
4201,1155,Customer_4201,21,Female,Peshawar,Grocery,76153,2022-06-25 00:00:00
4202,2783,Customer_4202,27,Male,Quetta,Clothing,70029,2022-06-25 01:00:00
4203,2241,Customer_4203,56,Female,Islamabad,Electronics,19482,2022-06-25 02:00:00
4204,1189,Customer_4204,41,Female,Peshawar,Furniture,30673,2022-06-25 03:00:00
4205,2440,Customer_4205,34,Male,Peshawar,Clothing,38025,2022-06-25 04:00:00
4206,1980,Customer_4206,23,Female,Islamabad,Grocery,27828,2022-06-25 05:00:00
4207,2698,Customer_4207,36,Male,Peshawar,Electronics,11860,2022-06-25 06:00:00
4208,2715,Customer_4208,22,Male,Lahore,Furniture,23125,2022-06-25 07:00:00
4209,1545,Customer_4209,49,Female,Islamabad,Furniture,45394,2022-06-25 08:00:00
4210,1040,Customer_4210,27,Female,Islamabad,Grocery,16971,2022-06-25 09:00:00
4211,1306,Customer_4211,26,Male,Lahore,Electronics,40383,2022-06-25 10:00:00
4212,1942,Customer_4212,44,Female,Quetta,Clothing,3203,2022-06-25 11:00:00
4213,1337,Customer_4213,30,Female,Quetta,Furniture,77187,2022-06-25 12:00:00
4214,2337,Customer_4214,36,Male,Quetta,Grocery,52070,2022-06-25 13:00:00
4215,2098,Customer_4215,38,Male,Peshawar,Furniture,70183,2022-06-25 14:00:00
4216,1952,Customer_4216,41,Female,Lahore,Furniture,66024,2022-06-25 15:00:00
4217,1278,Customer_4217,55,Male,Islamabad,Electronics,35015,2022-06-25 16:00:00
4218,2199,Customer_4218,21,Female,Islamabad,Electronics,74268,2022-06-25 17:00:00
4219,1895,Customer_4219,41,Female,Islamabad,Clothing,15651,2022-06-25 18:00:00
4220,2685,Customer_4220,52,Female,Peshawar,Furniture,76366,2022-06-25 19:00:00
4221,1272,Customer_4221,20,Female,Peshawar,Grocery,49690,2022-06-25 20:00:00
4222,1836,Customer_4222,21,Male,Quetta,Furniture,77312,2022-06-25 21:00:00
4223,1619,Customer_4223,54,Female,Peshawar,Grocery,56695,2022-06-25 22:00:00
4224,2674,Customer_4224,57,Male,Quetta,Furniture,64608,2022-06-25 23:00:00
4225,1861,Customer_4225,52,Female,Quetta,Grocery,19035,2022-06-26 00:00:00
4226,2806,Customer_4226,48,Female,Islamabad,Furniture,43550,2022-06-26 01:00:00
4227,2882,Customer_4227,61,Male,Peshawar,Furniture,33476,2022-06-26 02:00:00
4228,1930,Customer_4228,42,Female,Quetta,Clothing,1099,2022-06-26 03:00:00
4229,1288,Customer_4229,57,Male,Lahore,Electronics,58448,2022-06-26 04:00:00
4230,1723,Customer_4230,30,Male,Lahore,Electronics,60367,2022-06-26 05:00:00
4231,1892,Customer_4231,21,Female,Peshawar,Grocery,4209,2022-06-26 06:00:00
4232,1271,Customer_4232,63,Female,Islamabad,Furniture,24610,2022-06-26 07:00:00
4233,2953,Customer_4233,31,Female,Islamabad,Furniture,49865,2022-06-26 08:00:00
4234,2089,Customer_4234,30,Female,Quetta,Electronics,6223,2022-06-26 09:00:00
4235,1482,Customer_4235,44,Male,Peshawar,Grocery,56204,2022-06-26 10:00:00
4236,1935,Customer_4236,23,Female,Lahore,Clothing,27894,2022-06-26 11:00:00
4237,1247,Customer_4237,34,Female,Quetta,Clothing,64620,2022-06-26 12:00:00
4238,1155,Customer_4238,53,Female,Quetta,Clothing,10816,2022-06-26 13:00:00
4239,2070,Customer_4239,57,Female,Karachi,Furniture,23122,2022-06-26 14:00:00
4240,2958,Customer_4240,52,Female,Peshawar,Grocery,25344,2022-06-26 15:00:00
4241,1453,Customer_4241,34,Male,Quetta,Electronics,52060,2022-06-26 16:00:00
4242,1200,Customer_4242,58,Female,Lahore,Furniture,60421,2022-06-26 17:00:00
4243,2683,Customer_4243,19,Male,Karachi,Furniture,21662,2022-06-26 18:00:00
4244,1123,Customer_4244,30,Female,Lahore,Clothing,29333,2022-06-26 19:00:00
4245,1000,Customer_4245,19,Female,Islamabad,Grocery,17706,2022-06-26 20:00:00
4246,1967,Customer_4246,45,Female,Karachi,Grocery,52247,2022-06-26 21:00:00
4247,2782,Customer_4247,60,Male,Karachi,Clothing,76327,2022-06-26 22:00:00
4248,1854,Customer_4248,43,Female,Quetta,Clothing,77695,2022-06-26 23:00:00
4249,1639,Customer_4249,39,Male,Islamabad,Clothing,55887,2022-06-27 00:00:00
4250,1190,Customer_4250,64,Male,Quetta,Furniture,25726,2022-06-27 01:00:00
4251,2602,Customer_4251,60,Female,Peshawar,Furniture,7000,2022-06-27 02:00:00
4252,1515,Customer_4252,20,Male,Lahore,Furniture,2134,2022-06-27 03:00:00
4253,1441,Customer_4253,52,Female,Lahore,Electronics,14559,2022-06-27 04:00:00
4254,2944,Customer_4254,29,Female,Quetta,Electronics,70850,2022-06-27 05:00:00
4255,2838,Customer_4255,41,Male,Lahore,Grocery,4576,2022-06-27 06:00:00
4256,2829,Customer_4256,22,Female,Lahore,Clothing,38710,2022-06-27 07:00:00
4257,1142,Customer_4257,37,Female,Peshawar,Clothing,26431,2022-06-27 08:00:00
4258,2214,Customer_4258,56,Male,Islamabad,Furniture,32507,2022-06-27 09:00:00
4259,1532,Customer_4259,56,Male,Karachi,Electronics,23244,2022-06-27 10:00:00
4260,1226,Customer_4260,30,Male,Quetta,Clothing,30896,2022-06-27 11:00:00
4261,2336,Customer_4261,58,Male,Quetta,Grocery,50454,2022-06-27 12:00:00
4262,2652,Customer_4262,62,Male,Peshawar,Clothing,66538,2022-06-27 13:00:00
4263,1948,Customer_4263,29,Male,Peshawar,Furniture,13256,2022-06-27 14:00:00
4264,2325,Customer_4264,30,Female,Karachi,Furniture,11105,2022-06-27 15:00:00
4265,2677,Customer_4265,27,Male,Islamabad,Electronics,22916,2022-06-27 16:00:00
4266,1459,Customer_4266,50,Male,Quetta,Grocery,57058,2022-06-27 17:00:00
4267,2424,Customer_4267,57,Female,Peshawar,Grocery,37987,2022-06-27 18:00:00
4268,1550,Customer_4268,33,Female,Quetta,Clothing,3370,2022-06-27 19:00:00
4269,1392,Customer_4269,62,Male,Lahore,Grocery,5258,2022-06-27 20:00:00
4270,2890,Customer_4270,52,Male,Quetta,Clothing,39236,2022-06-27 21:00:00
4271,2787,Customer_4271,20,Female,Islamabad,Clothing,77695,2022-06-27 22:00:00
4272,1844,Customer_4272,22,Male,Islamabad,Electronics,65638,2022-06-27 23:00:00
4273,2230,Customer_4273,43,Male,Quetta,Grocery,50750,2022-06-28 00:00:00
4274,1209,Customer_4274,28,Female,Lahore,Furniture,41058,2022-06-28 01:00:00
4275,2138,Customer_4275,24,Male,Islamabad,Clothing,53592,2022-06-28 02:00:00
4276,2760,Customer_4276,27,Female,Peshawar,Clothing,75621,2022-06-28 03:00:00
4277,1645,Customer_4277,59,Male,Quetta,Clothing,56104,2022-06-28 04:00:00
4278,2274,Customer_4278,51,Female,Lahore,Grocery,37539,2022-06-28 05:00:00
4279,1218,Customer_4279,20,Female,Peshawar,Grocery,70359,2022-06-28 06:00:00
4280,1406,Customer_4280,25,Female,Quetta,Grocery,49245,2022-06-28 07:00:00
4281,2466,Customer_4281,48,Male,Lahore,Clothing,5961,2022-06-28 08:00:00
4282,2626,Customer_4282,28,Female,Peshawar,Furniture,41331,2022-06-28 09:00:00
4283,2377,Customer_4283,62,Male,Islamabad,Furniture,51637,2022-06-28 10:00:00
4284,1887,Customer_4284,24,Female,Quetta,Grocery,34530,2022-06-28 11:00:00
4285,1557,Customer_4285,62,Female,Quetta,Furniture,6231,2022-06-28 12:00:00
4286,1549,Customer_4286,19,Female,Islamabad,Clothing,22000,2022-06-28 13:00:00
4287,1141,Customer_4287,23,Male,Karachi,Grocery,75939,2022-06-28 14:00:00
4288,1611,Customer_4288,58,Male,Peshawar,Grocery,33617,2022-06-28 15:00:00
4289,1500,Customer_4289,49,Female,Islamabad,Clothing,31674,2022-06-28 16:00:00
4290,1839,Customer_4290,37,Male,Quetta,Grocery,33708,2022-06-28 17:00:00
4291,1701,Customer_4291,51,Male,Peshawar,Clothing,79935,2022-06-28 18:00:00
4292,2570,Customer_4292,33,Male,Peshawar,Grocery,69188,2022-06-28 19:00:00
4293,2682,Customer_4293,42,Female,Karachi,Furniture,26460,2022-06-28 20:00:00
4294,2565,Customer_4294,29,Male,Quetta,Grocery,10747,2022-06-28 21:00:00
4295,2869,Customer_4295,24,Female,Lahore,Grocery,26538,2022-06-28 22:00:00
4296,2530,Customer_4296,56,Female,Karachi,Grocery,28270,2022-06-28 23:00:00
4297,1595,Customer_4297,34,Female,Karachi,Electronics,72985,2022-06-29 00:00:00
4298,2904,Customer_4298,62,Male,Lahore,Furniture,65154,2022-06-29 01:00:00
4299,1280,Customer_4299,28,Female,Lahore,Clothing,68241,2022-06-29 02:00:00
4300,1423,Customer_4300,23,Male,Karachi,Electronics,58273,2022-06-29 03:00:00
4301,1855,Customer_4301,40,Male,Peshawar,Furniture,53133,2022-06-29 04:00:00
4302,1269,Customer_4302,44,Female,Islamabad,Grocery,20064,2022-06-29 05:00:00
4303,1153,Customer_4303,63,Female,Islamabad,Grocery,79169,2022-06-29 06:00:00
4304,1613,Customer_4304,23,Female,Karachi,Clothing,18614,2022-06-29 07:00:00
4305,2750,Customer_4305,55,Male,Peshawar,Clothing,33303,2022-06-29 08:00:00
4306,1661,Customer_4306,19,Male,Lahore,Furniture,59841,2022-06-29 09:00:00
4307,2967,Customer_4307,39,Female,Karachi,Furniture,24045,2022-06-29 10:00:00
4308,1082,Customer_4308,37,Female,Quetta,Clothing,63259,2022-06-29 11:00:00
4309,2645,Customer_4309,42,Male,Peshawar,Furniture,76988,2022-06-29 12:00:00
4310,1946,Customer_4310,32,Male,Quetta,Clothing,68571,2022-06-29 13:00:00
4311,1898,Customer_4311,46,Female,Quetta,Grocery,54366,2022-06-29 14:00:00
4312,2449,Customer_4312,25,Male,Karachi,Clothing,70999,2022-06-29 15:00:00
4313,2298,Customer_4313,54,Male,Peshawar,Electronics,78743,2022-06-29 16:00:00
4314,2736,Customer_4314,50,Male,Quetta,Clothing,63653,2022-06-29 17:00:00
4315,1283,Customer_4315,39,Male,Peshawar,Clothing,13360,2022-06-29 18:00:00
4316,1979,Customer_4316,64,Male,Islamabad,Electronics,18170,2022-06-29 19:00:00
4317,1172,Customer_4317,22,Male,Quetta,Electronics,41780,2022-06-29 20:00:00
4318,2350,Customer_4318,56,Female,Quetta,Electronics,61939,2022-06-29 21:00:00
4319,2741,Customer_4319,35,Male,Peshawar,Electronics,79923,2022-06-29 22:00:00
4320,2086,Customer_4320,55,Female,Islamabad,Clothing,35561,2022-06-29 23:00:00
4321,2096,Customer_4321,54,Female,Quetta,Furniture,51264,2022-06-30 00:00:00
4322,1762,Customer_4322,47,Male,Karachi,Electronics,24310,2022-06-30 01:00:00
4323,2659,Customer_4323,48,Female,Peshawar,Grocery,46088,2022-06-30 02:00:00
4324,2398,Customer_4324,27,Female,Peshawar,Clothing,16433,2022-06-30 03:00:00
4325,1632,Customer_4325,32,Female,Quetta,Furniture,30534,2022-06-30 04:00:00
4326,2531,Customer_4326,59,Male,Islamabad,Grocery,2447,2022-06-30 05:00:00
4327,1786,Customer_4327,61,Female,Quetta,Clothing,20215,2022-06-30 06:00:00
4328,1942,Customer_4328,35,Male,Lahore,Clothing,31456,2022-06-30 07:00:00
4329,2011,Customer_4329,40,Female,Quetta,Grocery,16803,2022-06-30 08:00:00
4330,1397,Customer_4330,50,Female,Lahore,Electronics,24531,2022-06-30 09:00:00
4331,2143,Customer_4331,33,Female,Karachi,Electronics,18477,2022-06-30 10:00:00
4332,1933,Customer_4332,55,Female,Peshawar,Grocery,43207,2022-06-30 11:00:00
4333,2460,Customer_4333,52,Male,Peshawar,Furniture,14965,2022-06-30 12:00:00
4334,2852,Customer_4334,51,Female,Islamabad,Electronics,76261,2022-06-30 13:00:00
4335,1675,Customer_4335,45,Female,Quetta,Clothing,17140,2022-06-30 14:00:00
4336,1935,Customer_4336,19,Male,Karachi,Clothing,32035,2022-06-30 15:00:00
4337,1464,Customer_4337,47,Male,Lahore,Furniture,39780,2022-06-30 16:00:00
4338,1285,Customer_4338,30,Male,Islamabad,Clothing,3491,2022-06-30 17:00:00
4339,1264,Customer_4339,58,Female,Karachi,Electronics,18301,2022-06-30 18:00:00
4340,1319,Customer_4340,33,Male,Karachi,Furniture,8465,2022-06-30 19:00:00
4341,1672,Customer_4341,22,Male,Lahore,Electronics,14230,2022-06-30 20:00:00
4342,2399,Customer_4342,45,Male,Lahore,Furniture,30053,2022-06-30 21:00:00
4343,1819,Customer_4343,56,Male,Peshawar,Grocery,8801,2022-06-30 22:00:00
4344,1088,Customer_4344,62,Male,Quetta,Clothing,19436,2022-06-30 23:00:00
4345,2677,Customer_4345,37,Male,Islamabad,Furniture,14655,2022-07-01 00:00:00
4346,2226,Customer_4346,41,Female,Quetta,Grocery,49348,2022-07-01 01:00:00
4347,1820,Customer_4347,44,Male,Islamabad,Electronics,2542,2022-07-01 02:00:00
4348,2762,Customer_4348,47,Female,Karachi,Grocery,19065,2022-07-01 03:00:00
4349,2000,Customer_4349,62,Male,Lahore,Electronics,48102,2022-07-01 04:00:00
4350,2978,Customer_4350,44,Male,Lahore,Furniture,37760,2022-07-01 05:00:00
4351,1333,Customer_4351,43,Male,Karachi,Furniture,36826,2022-07-01 06:00:00
4352,1221,Customer_4352,24,Female,Karachi,Clothing,43081,2022-07-01 07:00:00
4353,1040,Customer_4353,59,Male,Islamabad,Clothing,4158,2022-07-01 08:00:00
4354,2731,Customer_4354,64,Male,Karachi,Furniture,38048,2022-07-01 09:00:00
4355,1067,Customer_4355,55,Male,Islamabad,Electronics,20168,2022-07-01 10:00:00
4356,1987,Customer_4356,22,Male,Quetta,Electronics,40785,2022-07-01 11:00:00
4357,2799,Customer_4357,40,Female,Lahore,Furniture,23046,2022-07-01 12:00:00
4358,1513,Customer_4358,45,Female,Lahore,Electronics,38374,2022-07-01 13:00:00
4359,2896,Customer_4359,51,Female,Lahore,Furniture,51818,2022-07-01 14:00:00
4360,2660,Customer_4360,32,Female,Quetta,Clothing,37665,2022-07-01 15:00:00
4361,2645,Customer_4361,49,Female,Quetta,Electronics,63470,2022-07-01 16:00:00
4362,2621,Customer_4362,43,Male,Peshawar,Clothing,57320,2022-07-01 17:00:00
4363,2960,Customer_4363,48,Male,Islamabad,Grocery,45911,2022-07-01 18:00:00
4364,2655,Customer_4364,36,Male,Islamabad,Clothing,76498,2022-07-01 19:00:00
4365,2150,Customer_4365,26,Female,Peshawar,Grocery,36979,2022-07-01 20:00:00
4366,2278,Customer_4366,46,Male,Lahore,Clothing,40406,2022-07-01 21:00:00
4367,1694,Customer_4367,56,Female,Islamabad,Clothing,73698,2022-07-01 22:00:00
4368,2039,Customer_4368,21,Male,Islamabad,Electronics,73440,2022-07-01 23:00:00
4369,1476,Customer_4369,20,Female,Lahore,Clothing,43105,2022-07-02 00:00:00
4370,2085,Customer_4370,46,Male,Karachi,Furniture,10042,2022-07-02 01:00:00
4371,1880,Customer_4371,28,Male,Karachi,Electronics,28274,2022-07-02 02:00:00
4372,1431,Customer_4372,50,Male,Peshawar,Electronics,9056,2022-07-02 03:00:00
4373,2693,Customer_4373,55,Male,Quetta,Electronics,46623,2022-07-02 04:00:00
4374,1267,Customer_4374,28,Female,Islamabad,Clothing,78842,2022-07-02 05:00:00
4375,2058,Customer_4375,44,Male,Islamabad,Electronics,43086,2022-07-02 06:00:00
4376,1778,Customer_4376,50,Male,Peshawar,Grocery,15364,2022-07-02 07:00:00
4377,2599,Customer_4377,38,Male,Peshawar,Grocery,59489,2022-07-02 08:00:00
4378,1493,Customer_4378,56,Female,Islamabad,Clothing,56593,2022-07-02 09:00:00
4379,2585,Customer_4379,48,Male,Lahore,Electronics,34249,2022-07-02 10:00:00
4380,2492,Customer_4380,55,Male,Lahore,Furniture,60239,2022-07-02 11:00:00
4381,2790,Customer_4381,63,Male,Quetta,Furniture,43496,2022-07-02 12:00:00
4382,1660,Customer_4382,19,Male,Islamabad,Grocery,17805,2022-07-02 13:00:00
4383,2348,Customer_4383,44,Male,Islamabad,Clothing,77974,2022-07-02 14:00:00
4384,2327,Customer_4384,53,Female,Islamabad,Clothing,16818,2022-07-02 15:00:00
4385,2299,Customer_4385,28,Female,Islamabad,Clothing,53310,2022-07-02 16:00:00
4386,2892,Customer_4386,64,Female,Peshawar,Clothing,38320,2022-07-02 17:00:00
4387,2986,Customer_4387,35,Male,Karachi,Clothing,62300,2022-07-02 18:00:00
4388,2707,Customer_4388,18,Female,Islamabad,Electronics,71442,2022-07-02 19:00:00
4389,2952,Customer_4389,52,Male,Karachi,Electronics,21161,2022-07-02 20:00:00
4390,2012,Customer_4390,52,Male,Lahore,Electronics,31316,2022-07-02 21:00:00
4391,2224,Customer_4391,48,Male,Quetta,Furniture,13350,2022-07-02 22:00:00
4392,2468,Customer_4392,45,Male,Lahore,Electronics,78637,2022-07-02 23:00:00
4393,2928,Customer_4393,56,Female,Islamabad,Clothing,65557,2022-07-03 00:00:00
4394,2347,Customer_4394,18,Female,Lahore,Clothing,40366,2022-07-03 01:00:00
4395,2058,Customer_4395,42,Female,Peshawar,Furniture,27144,2022-07-03 02:00:00
4396,1976,Customer_4396,60,Male,Karachi,Furniture,53419,2022-07-03 03:00:00
4397,1481,Customer_4397,55,Female,Islamabad,Grocery,27928,2022-07-03 04:00:00
4398,1727,Customer_4398,37,Female,Peshawar,Furniture,58991,2022-07-03 05:00:00
4399,1479,Customer_4399,20,Male,Karachi,Grocery,33880,2022-07-03 06:00:00
4400,2088,Customer_4400,19,Female,Peshawar,Electronics,73322,2022-07-03 07:00:00
4401,2031,Customer_4401,35,Male,Lahore,Clothing,76104,2022-07-03 08:00:00
4402,2324,Customer_4402,61,Female,Islamabad,Grocery,75841,2022-07-03 09:00:00
4403,1342,Customer_4403,27,Female,Lahore,Grocery,3517,2022-07-03 10:00:00
4404,2454,Customer_4404,22,Female,Quetta,Grocery,10426,2022-07-03 11:00:00
4405,2447,Customer_4405,26,Male,Islamabad,Furniture,45008,2022-07-03 12:00:00
4406,1331,Customer_4406,19,Female,Lahore,Furniture,23986,2022-07-03 13:00:00
4407,1437,Customer_4407,51,Female,Islamabad,Furniture,30011,2022-07-03 14:00:00
4408,2611,Customer_4408,55,Female,Karachi,Grocery,10502,2022-07-03 15:00:00
4409,1173,Customer_4409,48,Female,Islamabad,Electronics,49086,2022-07-03 16:00:00
4410,1558,Customer_4410,27,Male,Islamabad,Clothing,69237,2022-07-03 17:00:00
4411,1526,Customer_4411,29,Male,Karachi,Furniture,65168,2022-07-03 18:00:00
4412,2896,Customer_4412,53,Female,Lahore,Electronics,27548,2022-07-03 19:00:00
4413,1658,Customer_4413,38,Female,Islamabad,Furniture,40824,2022-07-03 20:00:00
4414,1025,Customer_4414,64,Female,Peshawar,Furniture,67377,2022-07-03 21:00:00
4415,1819,Customer_4415,23,Male,Islamabad,Grocery,74732,2022-07-03 22:00:00
4416,1604,Customer_4416,20,Female,Lahore,Grocery,15025,2022-07-03 23:00:00
4417,1405,Customer_4417,27,Female,Karachi,Furniture,53134,2022-07-04 00:00:00
4418,1231,Customer_4418,22,Male,Lahore,Clothing,61991,2022-07-04 01:00:00
4419,1532,Customer_4419,63,Male,Quetta,Furniture,6065,2022-07-04 02:00:00
4420,2842,Customer_4420,43,Male,Islamabad,Clothing,72553,2022-07-04 03:00:00
4421,2573,Customer_4421,38,Female,Islamabad,Electronics,14787,2022-07-04 04:00:00
4422,2811,Customer_4422,62,Male,Karachi,Furniture,77865,2022-07-04 05:00:00
4423,1504,Customer_4423,43,Male,Islamabad,Clothing,2922,2022-07-04 06:00:00
4424,2692,Customer_4424,55,Female,Peshawar,Electronics,29560,2022-07-04 07:00:00
4425,1178,Customer_4425,61,Male,Peshawar,Electronics,42133,2022-07-04 08:00:00
4426,1131,Customer_4426,43,Female,Lahore,Grocery,72021,2022-07-04 09:00:00
4427,2846,Customer_4427,25,Female,Karachi,Electronics,14290,2022-07-04 10:00:00
4428,2478,Customer_4428,22,Male,Quetta,Grocery,25668,2022-07-04 11:00:00
4429,1347,Customer_4429,32,Female,Lahore,Electronics,24519,2022-07-04 12:00:00
4430,1539,Customer_4430,33,Male,Karachi,Electronics,44239,2022-07-04 13:00:00
4431,1771,Customer_4431,18,Male,Karachi,Clothing,4168,2022-07-04 14:00:00
4432,2429,Customer_4432,33,Male,Lahore,Clothing,76780,2022-07-04 15:00:00
4433,1075,Customer_4433,54,Female,Lahore,Grocery,29254,2022-07-04 16:00:00
4434,2964,Customer_4434,20,Male,Islamabad,Furniture,56114,2022-07-04 17:00:00
4435,1578,Customer_4435,64,Female,Quetta,Clothing,5009,2022-07-04 18:00:00
4436,1853,Customer_4436,48,Female,Peshawar,Electronics,3000,2022-07-04 19:00:00
4437,2515,Customer_4437,30,Female,Islamabad,Grocery,75940,2022-07-04 20:00:00
4438,1193,Customer_4438,33,Male,Karachi,Grocery,27421,2022-07-04 21:00:00
4439,2185,Customer_4439,60,Female,Quetta,Grocery,55051,2022-07-04 22:00:00
4440,1346,Customer_4440,38,Female,Quetta,Electronics,17183,2022-07-04 23:00:00
4441,1950,Customer_4441,19,Male,Lahore,Clothing,78452,2022-07-05 00:00:00
4442,2384,Customer_4442,44,Male,Quetta,Furniture,15333,2022-07-05 01:00:00
4443,2792,Customer_4443,55,Female,Quetta,Grocery,18790,2022-07-05 02:00:00
4444,2607,Customer_4444,43,Female,Karachi,Electronics,14503,2022-07-05 03:00:00
4445,2110,Customer_4445,55,Male,Islamabad,Clothing,72156,2022-07-05 04:00:00
4446,2957,Customer_4446,63,Female,Quetta,Clothing,41753,2022-07-05 05:00:00
4447,2285,Customer_4447,42,Female,Lahore,Furniture,51525,2022-07-05 06:00:00
4448,1213,Customer_4448,28,Female,Islamabad,Grocery,72208,2022-07-05 07:00:00
4449,2688,Customer_4449,25,Female,Lahore,Electronics,23206,2022-07-05 08:00:00
4450,2745,Customer_4450,25,Male,Quetta,Clothing,43232,2022-07-05 09:00:00
4451,2936,Customer_4451,50,Female,Islamabad,Electronics,77091,2022-07-05 10:00:00
4452,1572,Customer_4452,24,Male,Quetta,Clothing,33216,2022-07-05 11:00:00
4453,1779,Customer_4453,55,Female,Karachi,Grocery,7380,2022-07-05 12:00:00
4454,1261,Customer_4454,38,Male,Islamabad,Grocery,29449,2022-07-05 13:00:00
4455,1729,Customer_4455,25,Female,Lahore,Furniture,66564,2022-07-05 14:00:00
4456,1282,Customer_4456,38,Male,Karachi,Clothing,43593,2022-07-05 15:00:00
4457,2671,Customer_4457,37,Female,Peshawar,Electronics,23344,2022-07-05 16:00:00
4458,2490,Customer_4458,25,Male,Lahore,Clothing,22860,2022-07-05 17:00:00
4459,2403,Customer_4459,63,Female,Quetta,Electronics,43822,2022-07-05 18:00:00
4460,1361,Customer_4460,48,Female,Lahore,Furniture,21204,2022-07-05 19:00:00
4461,2472,Customer_4461,46,Male,Peshawar,Clothing,53146,2022-07-05 20:00:00
4462,1440,Customer_4462,26,Male,Lahore,Grocery,48681,2022-07-05 21:00:00
4463,1092,Customer_4463,32,Male,Karachi,Electronics,31089,2022-07-05 22:00:00
4464,2644,Customer_4464,47,Male,Lahore,Grocery,9712,2022-07-05 23:00:00
4465,1752,Customer_4465,43,Male,Islamabad,Furniture,14350,2022-07-06 00:00:00
4466,1866,Customer_4466,27,Female,Peshawar,Furniture,40267,2022-07-06 01:00:00
4467,2447,Customer_4467,46,Male,Lahore,Electronics,7822,2022-07-06 02:00:00
4468,1141,Customer_4468,33,Male,Peshawar,Clothing,36411,2022-07-06 03:00:00
4469,2314,Customer_4469,53,Female,Karachi,Grocery,47080,2022-07-06 04:00:00
4470,2455,Customer_4470,37,Male,Islamabad,Grocery,51122,2022-07-06 05:00:00
4471,1748,Customer_4471,62,Male,Quetta,Electronics,6178,2022-07-06 06:00:00
4472,2875,Customer_4472,54,Male,Lahore,Electronics,65765,2022-07-06 07:00:00
4473,2847,Customer_4473,39,Female,Karachi,Electronics,67418,2022-07-06 08:00:00
4474,2712,Customer_4474,24,Male,Peshawar,Furniture,22280,2022-07-06 09:00:00
4475,1652,Customer_4475,40,Female,Peshawar,Furniture,28006,2022-07-06 10:00:00
4476,1700,Customer_4476,58,Female,Karachi,Grocery,42796,2022-07-06 11:00:00
4477,1997,Customer_4477,57,Male,Lahore,Clothing,40382,2022-07-06 12:00:00
4478,1048,Customer_4478,46,Female,Quetta,Electronics,61010,2022-07-06 13:00:00
4479,2325,Customer_4479,33,Male,Lahore,Furniture,42702,2022-07-06 14:00:00
4480,1880,Customer_4480,55,Male,Islamabad,Clothing,2205,2022-07-06 15:00:00
4481,2213,Customer_4481,45,Male,Lahore,Electronics,72033,2022-07-06 16:00:00
4482,2159,Customer_4482,55,Male,Islamabad,Clothing,41230,2022-07-06 17:00:00
4483,1554,Customer_4483,48,Male,Peshawar,Electronics,31551,2022-07-06 18:00:00
4484,1403,Customer_4484,31,Female,Islamabad,Clothing,78165,2022-07-06 19:00:00
4485,1891,Customer_4485,50,Female,Quetta,Grocery,50967,2022-07-06 20:00:00
4486,1864,Customer_4486,26,Female,Karachi,Electronics,31285,2022-07-06 21:00:00
4487,1601,Customer_4487,44,Female,Islamabad,Electronics,29902,2022-07-06 22:00:00
4488,2830,Customer_4488,41,Male,Lahore,Grocery,3204,2022-07-06 23:00:00
4489,1340,Customer_4489,30,Male,Islamabad,Electronics,27527,2022-07-07 00:00:00
4490,2780,Customer_4490,43,Female,Peshawar,Electronics,59592,2022-07-07 01:00:00
4491,2968,Customer_4491,46,Male,Islamabad,Furniture,6225,2022-07-07 02:00:00
4492,1703,Customer_4492,60,Female,Quetta,Grocery,64605,2022-07-07 03:00:00
4493,1317,Customer_4493,45,Female,Islamabad,Furniture,25723,2022-07-07 04:00:00
4494,1617,Customer_4494,45,Female,Quetta,Grocery,27884,2022-07-07 05:00:00
4495,2386,Customer_4495,25,Female,Lahore,Clothing,63493,2022-07-07 06:00:00
4496,2845,Customer_4496,40,Male,Peshawar,Grocery,30527,2022-07-07 07:00:00
4497,1381,Customer_4497,46,Male,Karachi,Grocery,13267,2022-07-07 08:00:00
4498,1232,Customer_4498,22,Female,Lahore,Furniture,18854,2022-07-07 09:00:00
4499,2800,Customer_4499,59,Female,Lahore,Electronics,49277,2022-07-07 10:00:00
4500,2367,Customer_4500,24,Female,Karachi,Grocery,22401,2022-07-07 11:00:00
4501,2572,Customer_4501,59,Female,Islamabad,Electronics,50466,2022-07-07 12:00:00
4502,1816,Customer_4502,53,Female,Islamabad,Grocery,69137,2022-07-07 13:00:00
4503,1552,Customer_4503,58,Male,Islamabad,Furniture,17015,2022-07-07 14:00:00
4504,2552,Customer_4504,44,Female,Peshawar,Grocery,25306,2022-07-07 15:00:00
4505,1855,Customer_4505,63,Female,Lahore,Clothing,4073,2022-07-07 16:00:00
4506,2812,Customer_4506,19,Male,Quetta,Grocery,42441,2022-07-07 17:00:00
4507,1818,Customer_4507,42,Male,Karachi,Grocery,44415,2022-07-07 18:00:00
4508,2594,Customer_4508,26,Male,Lahore,Electronics,54280,2022-07-07 19:00:00
4509,2958,Customer_4509,44,Male,Islamabad,Electronics,5560,2022-07-07 20:00:00
4510,1182,Customer_4510,18,Male,Karachi,Clothing,49594,2022-07-07 21:00:00
4511,2064,Customer_4511,40,Male,Quetta,Grocery,57399,2022-07-07 22:00:00
4512,2574,Customer_4512,27,Male,Lahore,Electronics,55921,2022-07-07 23:00:00
4513,1396,Customer_4513,59,Male,Lahore,Grocery,46110,2022-07-08 00:00:00
4514,2727,Customer_4514,42,Male,Peshawar,Furniture,11433,2022-07-08 01:00:00
4515,1778,Customer_4515,20,Female,Lahore,Furniture,72668,2022-07-08 02:00:00
4516,2517,Customer_4516,23,Male,Lahore,Clothing,44398,2022-07-08 03:00:00
4517,2682,Customer_4517,23,Female,Quetta,Furniture,6089,2022-07-08 04:00:00
4518,1906,Customer_4518,19,Female,Quetta,Electronics,12112,2022-07-08 05:00:00
4519,2356,Customer_4519,35,Female,Karachi,Electronics,48111,2022-07-08 06:00:00
4520,1126,Customer_4520,40,Female,Islamabad,Clothing,19388,2022-07-08 07:00:00
4521,2581,Customer_4521,19,Female,Quetta,Grocery,19917,2022-07-08 08:00:00
4522,2580,Customer_4522,29,Female,Karachi,Electronics,61823,2022-07-08 09:00:00
4523,1000,Customer_4523,39,Female,Lahore,Furniture,78051,2022-07-08 10:00:00
4524,2191,Customer_4524,54,Female,Karachi,Electronics,45940,2022-07-08 11:00:00
4525,2643,Customer_4525,37,Male,Karachi,Clothing,36244,2022-07-08 12:00:00
4526,1018,Customer_4526,56,Female,Karachi,Furniture,12391,2022-07-08 13:00:00
4527,2355,Customer_4527,41,Female,Karachi,Furniture,72631,2022-07-08 14:00:00
4528,1583,Customer_4528,37,Female,Quetta,Furniture,62593,2022-07-08 15:00:00
4529,1455,Customer_4529,18,Female,Islamabad,Clothing,50794,2022-07-08 16:00:00
4530,1956,Customer_4530,18,Male,Karachi,Clothing,29057,2022-07-08 17:00:00
4531,2132,Customer_4531,34,Female,Peshawar,Grocery,61666,2022-07-08 18:00:00
4532,2291,Customer_4532,18,Male,Lahore,Grocery,2692,2022-07-08 19:00:00
4533,1444,Customer_4533,62,Male,Lahore,Grocery,45532,2022-07-08 20:00:00
4534,2263,Customer_4534,47,Female,Lahore,Clothing,50351,2022-07-08 21:00:00
4535,2952,Customer_4535,58,Female,Lahore,Furniture,43361,2022-07-08 22:00:00
4536,2324,Customer_4536,64,Male,Lahore,Furniture,35446,2022-07-08 23:00:00
4537,1601,Customer_4537,20,Female,Karachi,Electronics,50384,2022-07-09 00:00:00
4538,1102,Customer_4538,63,Female,Islamabad,Grocery,46860,2022-07-09 01:00:00
4539,1987,Customer_4539,28,Male,Peshawar,Furniture,63752,2022-07-09 02:00:00
4540,2273,Customer_4540,41,Male,Quetta,Furniture,41972,2022-07-09 03:00:00
4541,2476,Customer_4541,39,Female,Peshawar,Furniture,35955,2022-07-09 04:00:00
4542,1519,Customer_4542,61,Female,Quetta,Furniture,29172,2022-07-09 05:00:00
4543,2176,Customer_4543,62,Female,Quetta,Clothing,4256,2022-07-09 06:00:00
4544,1858,Customer_4544,43,Male,Peshawar,Grocery,70530,2022-07-09 07:00:00
4545,1173,Customer_4545,30,Female,Karachi,Furniture,58651,2022-07-09 08:00:00
4546,2366,Customer_4546,18,Male,Lahore,Furniture,34547,2022-07-09 09:00:00
4547,2693,Customer_4547,41,Male,Karachi,Furniture,72574,2022-07-09 10:00:00
4548,2004,Customer_4548,27,Female,Lahore,Furniture,62891,2022-07-09 11:00:00
4549,1430,Customer_4549,52,Male,Islamabad,Electronics,2721,2022-07-09 12:00:00
4550,1726,Customer_4550,41,Female,Quetta,Furniture,5664,2022-07-09 13:00:00
4551,2712,Customer_4551,45,Female,Peshawar,Furniture,34122,2022-07-09 14:00:00
4552,2710,Customer_4552,53,Male,Islamabad,Furniture,36480,2022-07-09 15:00:00
4553,2875,Customer_4553,33,Female,Lahore,Electronics,52238,2022-07-09 16:00:00
4554,1849,Customer_4554,57,Male,Karachi,Clothing,24112,2022-07-09 17:00:00
4555,2681,Customer_4555,33,Male,Peshawar,Electronics,78566,2022-07-09 18:00:00
4556,2985,Customer_4556,34,Female,Quetta,Furniture,69376,2022-07-09 19:00:00
4557,2347,Customer_4557,32,Female,Islamabad,Clothing,61072,2022-07-09 20:00:00
4558,1989,Customer_4558,33,Female,Quetta,Furniture,33543,2022-07-09 21:00:00
4559,2696,Customer_4559,32,Female,Lahore,Clothing,78331,2022-07-09 22:00:00
4560,1638,Customer_4560,51,Male,Quetta,Furniture,66750,2022-07-09 23:00:00
4561,1419,Customer_4561,28,Male,Karachi,Furniture,39322,2022-07-10 00:00:00
4562,1593,Customer_4562,18,Male,Islamabad,Clothing,59924,2022-07-10 01:00:00
4563,1484,Customer_4563,32,Female,Islamabad,Clothing,66845,2022-07-10 02:00:00
4564,2682,Customer_4564,43,Male,Karachi,Furniture,53378,2022-07-10 03:00:00
4565,2774,Customer_4565,21,Male,Quetta,Electronics,65463,2022-07-10 04:00:00
4566,1411,Customer_4566,60,Female,Karachi,Electronics,536,2022-07-10 05:00:00
4567,1935,Customer_4567,22,Female,Peshawar,Electronics,32902,2022-07-10 06:00:00
4568,2107,Customer_4568,52,Female,Karachi,Electronics,10773,2022-07-10 07:00:00
4569,2136,Customer_4569,30,Male,Quetta,Clothing,25530,2022-07-10 08:00:00
4570,2760,Customer_4570,27,Female,Karachi,Clothing,52960,2022-07-10 09:00:00
4571,1331,Customer_4571,28,Male,Lahore,Electronics,77439,2022-07-10 10:00:00
4572,2401,Customer_4572,35,Male,Karachi,Grocery,19539,2022-07-10 11:00:00
4573,2778,Customer_4573,51,Male,Karachi,Grocery,14517,2022-07-10 12:00:00
4574,1654,Customer_4574,56,Male,Quetta,Grocery,39715,2022-07-10 13:00:00
4575,1040,Customer_4575,58,Male,Peshawar,Furniture,13083,2022-07-10 14:00:00
4576,2958,Customer_4576,59,Female,Peshawar,Electronics,33419,2022-07-10 15:00:00
4577,2793,Customer_4577,40,Male,Quetta,Furniture,47525,2022-07-10 16:00:00
4578,1958,Customer_4578,24,Female,Quetta,Clothing,44754,2022-07-10 17:00:00
4579,2820,Customer_4579,56,Male,Quetta,Clothing,46775,2022-07-10 18:00:00
4580,1104,Customer_4580,20,Male,Lahore,Grocery,58443,2022-07-10 19:00:00
4581,1201,Customer_4581,29,Female,Islamabad,Grocery,10014,2022-07-10 20:00:00
4582,1449,Customer_4582,24,Male,Karachi,Clothing,38916,2022-07-10 21:00:00
4583,2842,Customer_4583,43,Male,Quetta,Grocery,2011,2022-07-10 22:00:00
4584,2866,Customer_4584,50,Female,Quetta,Grocery,19142,2022-07-10 23:00:00
4585,2996,Customer_4585,54,Female,Quetta,Clothing,52394,2022-07-11 00:00:00
4586,2289,Customer_4586,32,Male,Peshawar,Furniture,24725,2022-07-11 01:00:00
4587,1909,Customer_4587,19,Male,Quetta,Grocery,21346,2022-07-11 02:00:00
4588,1209,Customer_4588,58,Male,Karachi,Furniture,29652,2022-07-11 03:00:00
4589,1562,Customer_4589,24,Female,Quetta,Grocery,66607,2022-07-11 04:00:00
4590,2141,Customer_4590,49,Male,Karachi,Electronics,50854,2022-07-11 05:00:00
4591,1712,Customer_4591,21,Female,Lahore,Furniture,26688,2022-07-11 06:00:00
4592,2400,Customer_4592,37,Female,Islamabad,Furniture,61410,2022-07-11 07:00:00
4593,2574,Customer_4593,53,Male,Peshawar,Grocery,43030,2022-07-11 08:00:00
4594,2563,Customer_4594,49,Female,Karachi,Furniture,79253,2022-07-11 09:00:00
4595,1770,Customer_4595,45,Male,Lahore,Electronics,42499,2022-07-11 10:00:00
4596,2107,Customer_4596,30,Male,Islamabad,Clothing,7109,2022-07-11 11:00:00
4597,1453,Customer_4597,18,Female,Islamabad,Electronics,59269,2022-07-11 12:00:00
4598,1666,Customer_4598,52,Female,Islamabad,Clothing,47897,2022-07-11 13:00:00
4599,1628,Customer_4599,47,Female,Karachi,Electronics,49822,2022-07-11 14:00:00
4600,2537,Customer_4600,53,Female,Lahore,Electronics,5651,2022-07-11 15:00:00
4601,2628,Customer_4601,42,Female,Quetta,Furniture,6906,2022-07-11 16:00:00
4602,2701,Customer_4602,33,Female,Lahore,Electronics,63178,2022-07-11 17:00:00
4603,1386,Customer_4603,36,Male,Lahore,Grocery,47562,2022-07-11 18:00:00
4604,2935,Customer_4604,18,Male,Lahore,Grocery,33456,2022-07-11 19:00:00
4605,2373,Customer_4605,22,Male,Karachi,Grocery,54330,2022-07-11 20:00:00
4606,1295,Customer_4606,39,Female,Karachi,Grocery,73181,2022-07-11 21:00:00
4607,1257,Customer_4607,41,Female,Karachi,Furniture,13633,2022-07-11 22:00:00
4608,2104,Customer_4608,60,Female,Lahore,Grocery,12709,2022-07-11 23:00:00
4609,2960,Customer_4609,62,Male,Karachi,Electronics,75181,2022-07-12 00:00:00
4610,1267,Customer_4610,54,Male,Islamabad,Grocery,54845,2022-07-12 01:00:00
4611,1418,Customer_4611,53,Female,Karachi,Furniture,43085,2022-07-12 02:00:00
4612,1234,Customer_4612,53,Female,Peshawar,Clothing,35138,2022-07-12 03:00:00
4613,2856,Customer_4613,21,Female,Karachi,Electronics,21145,2022-07-12 04:00:00
4614,2334,Customer_4614,53,Female,Karachi,Electronics,18908,2022-07-12 05:00:00
4615,2836,Customer_4615,35,Male,Karachi,Furniture,13021,2022-07-12 06:00:00
4616,2998,Customer_4616,33,Male,Karachi,Clothing,38721,2022-07-12 07:00:00
4617,1985,Customer_4617,58,Male,Peshawar,Grocery,21586,2022-07-12 08:00:00
4618,2380,Customer_4618,35,Female,Quetta,Clothing,17423,2022-07-12 09:00:00
4619,2236,Customer_4619,39,Male,Karachi,Electronics,7702,2022-07-12 10:00:00
4620,1573,Customer_4620,19,Female,Islamabad,Electronics,37706,2022-07-12 11:00:00
4621,1048,Customer_4621,38,Female,Peshawar,Electronics,20385,2022-07-12 12:00:00
4622,2150,Customer_4622,53,Female,Quetta,Clothing,11718,2022-07-12 13:00:00
4623,1222,Customer_4623,61,Male,Karachi,Grocery,46192,2022-07-12 14:00:00
4624,1920,Customer_4624,56,Male,Quetta,Electronics,53189,2022-07-12 15:00:00
4625,2302,Customer_4625,64,Female,Islamabad,Furniture,7216,2022-07-12 16:00:00
4626,2431,Customer_4626,56,Male,Peshawar,Grocery,16588,2022-07-12 17:00:00
4627,2528,Customer_4627,46,Female,Peshawar,Electronics,31501,2022-07-12 18:00:00
4628,2317,Customer_4628,43,Female,Quetta,Grocery,23084,2022-07-12 19:00:00
4629,2819,Customer_4629,38,Female,Karachi,Furniture,4786,2022-07-12 20:00:00
4630,1276,Customer_4630,34,Male,Lahore,Clothing,5239,2022-07-12 21:00:00
4631,2461,Customer_4631,33,Male,Peshawar,Electronics,30658,2022-07-12 22:00:00
4632,2130,Customer_4632,48,Female,Lahore,Furniture,6105,2022-07-12 23:00:00
4633,2681,Customer_4633,26,Male,Peshawar,Electronics,56992,2022-07-13 00:00:00
4634,1419,Customer_4634,48,Male,Karachi,Electronics,3821,2022-07-13 01:00:00
4635,1610,Customer_4635,31,Male,Karachi,Clothing,45041,2022-07-13 02:00:00
4636,2452,Customer_4636,54,Male,Peshawar,Clothing,52201,2022-07-13 03:00:00
4637,1374,Customer_4637,19,Female,Quetta,Grocery,12670,2022-07-13 04:00:00
4638,1072,Customer_4638,63,Male,Karachi,Furniture,56545,2022-07-13 05:00:00
4639,2972,Customer_4639,31,Female,Karachi,Furniture,9433,2022-07-13 06:00:00
4640,2657,Customer_4640,50,Female,Islamabad,Clothing,10406,2022-07-13 07:00:00
4641,2053,Customer_4641,52,Male,Karachi,Electronics,24314,2022-07-13 08:00:00
4642,2211,Customer_4642,56,Female,Islamabad,Grocery,1318,2022-07-13 09:00:00
4643,2387,Customer_4643,64,Female,Karachi,Clothing,8934,2022-07-13 10:00:00
4644,2889,Customer_4644,37,Male,Karachi,Grocery,56653,2022-07-13 11:00:00
4645,2823,Customer_4645,19,Female,Quetta,Grocery,31071,2022-07-13 12:00:00
4646,2474,Customer_4646,58,Female,Quetta,Furniture,41194,2022-07-13 13:00:00
4647,1194,Customer_4647,36,Male,Karachi,Grocery,45985,2022-07-13 14:00:00
4648,2179,Customer_4648,54,Male,Peshawar,Furniture,12569,2022-07-13 15:00:00
4649,2195,Customer_4649,35,Male,Peshawar,Electronics,57698,2022-07-13 16:00:00
4650,1846,Customer_4650,33,Male,Karachi,Electronics,39162,2022-07-13 17:00:00
4651,2064,Customer_4651,21,Male,Peshawar,Clothing,52669,2022-07-13 18:00:00
4652,2086,Customer_4652,29,Female,Karachi,Electronics,73428,2022-07-13 19:00:00
4653,1022,Customer_4653,46,Female,Quetta,Furniture,16602,2022-07-13 20:00:00
4654,1359,Customer_4654,24,Male,Lahore,Grocery,33957,2022-07-13 21:00:00
4655,2098,Customer_4655,31,Male,Islamabad,Grocery,52790,2022-07-13 22:00:00
4656,1559,Customer_4656,29,Female,Peshawar,Electronics,12432,2022-07-13 23:00:00
4657,1671,Customer_4657,52,Male,Peshawar,Furniture,12266,2022-07-14 00:00:00
4658,2848,Customer_4658,22,Male,Quetta,Grocery,13792,2022-07-14 01:00:00
4659,2141,Customer_4659,34,Female,Peshawar,Electronics,48131,2022-07-14 02:00:00
4660,2635,Customer_4660,59,Female,Karachi,Furniture,73444,2022-07-14 03:00:00
4661,2403,Customer_4661,49,Female,Karachi,Furniture,76730,2022-07-14 04:00:00
4662,2952,Customer_4662,27,Male,Lahore,Grocery,35033,2022-07-14 05:00:00
4663,2943,Customer_4663,60,Female,Lahore,Clothing,6278,2022-07-14 06:00:00
4664,1678,Customer_4664,34,Male,Lahore,Clothing,35559,2022-07-14 07:00:00
4665,2313,Customer_4665,22,Female,Karachi,Furniture,5366,2022-07-14 08:00:00
4666,1439,Customer_4666,62,Male,Lahore,Furniture,74465,2022-07-14 09:00:00
4667,2691,Customer_4667,59,Male,Lahore,Electronics,61161,2022-07-14 10:00:00
4668,1932,Customer_4668,26,Male,Karachi,Furniture,43852,2022-07-14 11:00:00
4669,1006,Customer_4669,50,Female,Quetta,Electronics,51236,2022-07-14 12:00:00
4670,2219,Customer_4670,53,Female,Peshawar,Electronics,34575,2022-07-14 13:00:00
4671,1420,Customer_4671,53,Female,Islamabad,Electronics,24604,2022-07-14 14:00:00
4672,2591,Customer_4672,35,Male,Karachi,Furniture,66327,2022-07-14 15:00:00
4673,1832,Customer_4673,26,Female,Karachi,Furniture,69722,2022-07-14 16:00:00
4674,2216,Customer_4674,46,Female,Islamabad,Electronics,2142,2022-07-14 17:00:00
4675,1558,Customer_4675,31,Male,Islamabad,Grocery,63345,2022-07-14 18:00:00
4676,2171,Customer_4676,42,Male,Lahore,Furniture,9269,2022-07-14 19:00:00
4677,2810,Customer_4677,32,Female,Islamabad,Clothing,69945,2022-07-14 20:00:00
4678,2692,Customer_4678,23,Female,Peshawar,Grocery,50875,2022-07-14 21:00:00
4679,2225,Customer_4679,59,Female,Peshawar,Clothing,32578,2022-07-14 22:00:00
4680,2467,Customer_4680,46,Male,Peshawar,Furniture,12768,2022-07-14 23:00:00
4681,1913,Customer_4681,32,Female,Peshawar,Grocery,11344,2022-07-15 00:00:00
4682,2442,Customer_4682,46,Male,Peshawar,Furniture,74674,2022-07-15 01:00:00
4683,2450,Customer_4683,21,Male,Lahore,Furniture,61263,2022-07-15 02:00:00
4684,2006,Customer_4684,35,Female,Karachi,Grocery,11733,2022-07-15 03:00:00
4685,2502,Customer_4685,61,Female,Islamabad,Furniture,30996,2022-07-15 04:00:00
4686,2498,Customer_4686,56,Male,Karachi,Grocery,18306,2022-07-15 05:00:00
4687,1125,Customer_4687,33,Male,Islamabad,Furniture,40826,2022-07-15 06:00:00
4688,1394,Customer_4688,28,Female,Lahore,Electronics,79307,2022-07-15 07:00:00
4689,1816,Customer_4689,31,Female,Lahore,Clothing,40013,2022-07-15 08:00:00
4690,1880,Customer_4690,20,Female,Quetta,Electronics,52261,2022-07-15 09:00:00
4691,2829,Customer_4691,59,Male,Quetta,Furniture,19965,2022-07-15 10:00:00
4692,1575,Customer_4692,55,Male,Lahore,Furniture,40002,2022-07-15 11:00:00
4693,1324,Customer_4693,62,Female,Lahore,Furniture,79896,2022-07-15 12:00:00
4694,2415,Customer_4694,59,Male,Islamabad,Electronics,8750,2022-07-15 13:00:00
4695,1929,Customer_4695,35,Male,Lahore,Furniture,61003,2022-07-15 14:00:00
4696,2711,Customer_4696,37,Female,Karachi,Grocery,21810,2022-07-15 15:00:00
4697,2651,Customer_4697,42,Male,Islamabad,Clothing,32706,2022-07-15 16:00:00
4698,2463,Customer_4698,55,Female,Lahore,Furniture,10264,2022-07-15 17:00:00
4699,2227,Customer_4699,30,Female,Islamabad,Furniture,56096,2022-07-15 18:00:00
4700,2509,Customer_4700,21,Male,Islamabad,Clothing,13342,2022-07-15 19:00:00
4701,1832,Customer_4701,31,Male,Peshawar,Clothing,3476,2022-07-15 20:00:00
4702,2054,Customer_4702,50,Female,Quetta,Clothing,7926,2022-07-15 21:00:00
4703,2411,Customer_4703,45,Male,Islamabad,Electronics,23387,2022-07-15 22:00:00
4704,2648,Customer_4704,54,Female,Islamabad,Electronics,27210,2022-07-15 23:00:00
4705,2900,Customer_4705,25,Male,Peshawar,Furniture,41887,2022-07-16 00:00:00
4706,2457,Customer_4706,61,Male,Lahore,Clothing,47970,2022-07-16 01:00:00
4707,1836,Customer_4707,51,Male,Islamabad,Furniture,6986,2022-07-16 02:00:00
4708,1925,Customer_4708,61,Female,Peshawar,Furniture,39758,2022-07-16 03:00:00
4709,2399,Customer_4709,22,Male,Karachi,Furniture,23123,2022-07-16 04:00:00
4710,2367,Customer_4710,22,Female,Peshawar,Electronics,24306,2022-07-16 05:00:00
4711,1442,Customer_4711,48,Female,Quetta,Clothing,6473,2022-07-16 06:00:00
4712,2602,Customer_4712,62,Female,Quetta,Furniture,46715,2022-07-16 07:00:00
4713,1074,Customer_4713,26,Male,Lahore,Electronics,46439,2022-07-16 08:00:00
4714,1556,Customer_4714,59,Female,Lahore,Grocery,29657,2022-07-16 09:00:00
4715,2795,Customer_4715,49,Female,Quetta,Grocery,6021,2022-07-16 10:00:00
4716,2689,Customer_4716,50,Male,Quetta,Furniture,13391,2022-07-16 11:00:00
4717,2178,Customer_4717,20,Female,Islamabad,Furniture,22974,2022-07-16 12:00:00
4718,2453,Customer_4718,47,Female,Quetta,Clothing,27007,2022-07-16 13:00:00
4719,1362,Customer_4719,29,Male,Lahore,Clothing,11187,2022-07-16 14:00:00
4720,1447,Customer_4720,46,Female,Quetta,Furniture,11509,2022-07-16 15:00:00
4721,2257,Customer_4721,20,Male,Lahore,Electronics,44791,2022-07-16 16:00:00
4722,2586,Customer_4722,43,Female,Karachi,Furniture,48796,2022-07-16 17:00:00
4723,2841,Customer_4723,47,Female,Quetta,Clothing,40725,2022-07-16 18:00:00
4724,1261,Customer_4724,26,Male,Lahore,Clothing,35328,2022-07-16 19:00:00
4725,2850,Customer_4725,43,Female,Peshawar,Electronics,36602,2022-07-16 20:00:00
4726,1124,Customer_4726,19,Female,Islamabad,Furniture,56842,2022-07-16 21:00:00
4727,1910,Customer_4727,20,Female,Lahore,Clothing,34212,2022-07-16 22:00:00
4728,1244,Customer_4728,63,Male,Quetta,Furniture,27323,2022-07-16 23:00:00
4729,1541,Customer_4729,21,Male,Quetta,Clothing,5861,2022-07-17 00:00:00
4730,2961,Customer_4730,42,Male,Karachi,Grocery,38552,2022-07-17 01:00:00
4731,1484,Customer_4731,30,Male,Peshawar,Grocery,23765,2022-07-17 02:00:00
4732,1121,Customer_4732,56,Male,Lahore,Grocery,42512,2022-07-17 03:00:00
4733,1124,Customer_4733,61,Female,Peshawar,Clothing,11416,2022-07-17 04:00:00
4734,2572,Customer_4734,52,Male,Karachi,Electronics,75545,2022-07-17 05:00:00
4735,1169,Customer_4735,40,Male,Islamabad,Grocery,46032,2022-07-17 06:00:00
4736,1123,Customer_4736,26,Male,Peshawar,Clothing,48159,2022-07-17 07:00:00
4737,2892,Customer_4737,19,Female,Karachi,Furniture,14503,2022-07-17 08:00:00
4738,2058,Customer_4738,58,Female,Lahore,Grocery,43134,2022-07-17 09:00:00
4739,2110,Customer_4739,61,Male,Islamabad,Electronics,75492,2022-07-17 10:00:00
4740,1645,Customer_4740,48,Female,Quetta,Electronics,11869,2022-07-17 11:00:00
4741,2731,Customer_4741,61,Female,Karachi,Electronics,19829,2022-07-17 12:00:00
4742,1785,Customer_4742,64,Female,Quetta,Furniture,79254,2022-07-17 13:00:00
4743,1200,Customer_4743,19,Female,Islamabad,Furniture,12910,2022-07-17 14:00:00
4744,1368,Customer_4744,49,Male,Karachi,Electronics,30230,2022-07-17 15:00:00
4745,1796,Customer_4745,35,Male,Karachi,Electronics,3165,2022-07-17 16:00:00
4746,1076,Customer_4746,30,Female,Islamabad,Electronics,40399,2022-07-17 17:00:00
4747,1058,Customer_4747,63,Female,Lahore,Furniture,38203,2022-07-17 18:00:00
4748,1430,Customer_4748,22,Female,Karachi,Furniture,66451,2022-07-17 19:00:00
4749,1637,Customer_4749,59,Female,Islamabad,Clothing,24672,2022-07-17 20:00:00
4750,2523,Customer_4750,61,Male,Peshawar,Grocery,3184,2022-07-17 21:00:00
4751,2936,Customer_4751,27,Female,Quetta,Furniture,73530,2022-07-17 22:00:00
4752,1108,Customer_4752,60,Male,Karachi,Electronics,20250,2022-07-17 23:00:00
4753,2759,Customer_4753,42,Female,Peshawar,Grocery,20387,2022-07-18 00:00:00
4754,2007,Customer_4754,51,Male,Karachi,Furniture,21326,2022-07-18 01:00:00
4755,2301,Customer_4755,54,Female,Lahore,Grocery,6680,2022-07-18 02:00:00
4756,1067,Customer_4756,47,Male,Islamabad,Clothing,47279,2022-07-18 03:00:00
4757,2092,Customer_4757,24,Male,Karachi,Furniture,68595,2022-07-18 04:00:00
4758,2188,Customer_4758,23,Male,Islamabad,Electronics,62788,2022-07-18 05:00:00
4759,2512,Customer_4759,20,Female,Karachi,Electronics,41405,2022-07-18 06:00:00
4760,1304,Customer_4760,30,Male,Lahore,Clothing,70007,2022-07-18 07:00:00
4761,2932,Customer_4761,20,Female,Lahore,Clothing,56568,2022-07-18 08:00:00
4762,1673,Customer_4762,43,Male,Peshawar,Clothing,18613,2022-07-18 09:00:00
4763,1364,Customer_4763,41,Male,Lahore,Clothing,43361,2022-07-18 10:00:00
4764,2877,Customer_4764,23,Female,Islamabad,Clothing,78987,2022-07-18 11:00:00
4765,1820,Customer_4765,60,Male,Lahore,Furniture,26117,2022-07-18 12:00:00
4766,2402,Customer_4766,59,Female,Karachi,Furniture,3083,2022-07-18 13:00:00
4767,1342,Customer_4767,29,Female,Lahore,Grocery,26750,2022-07-18 14:00:00
4768,1946,Customer_4768,53,Female,Islamabad,Clothing,3555,2022-07-18 15:00:00
4769,1898,Customer_4769,19,Female,Karachi,Electronics,72837,2022-07-18 16:00:00
4770,2577,Customer_4770,28,Male,Peshawar,Electronics,34926,2022-07-18 17:00:00
4771,2377,Customer_4771,56,Male,Peshawar,Clothing,61032,2022-07-18 18:00:00
4772,2439,Customer_4772,51,Female,Peshawar,Clothing,10433,2022-07-18 19:00:00
4773,2132,Customer_4773,43,Male,Karachi,Clothing,32479,2022-07-18 20:00:00
4774,2586,Customer_4774,35,Male,Peshawar,Clothing,45547,2022-07-18 21:00:00
4775,1761,Customer_4775,38,Female,Lahore,Clothing,4637,2022-07-18 22:00:00
4776,2520,Customer_4776,53,Male,Karachi,Electronics,11923,2022-07-18 23:00:00
4777,1340,Customer_4777,57,Female,Karachi,Grocery,34982,2022-07-19 00:00:00
4778,1941,Customer_4778,63,Male,Karachi,Clothing,44656,2022-07-19 01:00:00
4779,1382,Customer_4779,61,Male,Quetta,Clothing,52983,2022-07-19 02:00:00
4780,2003,Customer_4780,39,Female,Islamabad,Clothing,35254,2022-07-19 03:00:00
4781,2556,Customer_4781,47,Male,Quetta,Furniture,36812,2022-07-19 04:00:00
4782,1299,Customer_4782,60,Male,Quetta,Electronics,23863,2022-07-19 05:00:00
4783,1138,Customer_4783,47,Female,Quetta,Electronics,17585,2022-07-19 06:00:00
4784,1358,Customer_4784,25,Male,Islamabad,Grocery,57389,2022-07-19 07:00:00
4785,1835,Customer_4785,51,Female,Quetta,Furniture,56914,2022-07-19 08:00:00
4786,2522,Customer_4786,64,Male,Peshawar,Furniture,47552,2022-07-19 09:00:00
4787,2408,Customer_4787,26,Female,Karachi,Furniture,33191,2022-07-19 10:00:00
4788,2627,Customer_4788,37,Female,Karachi,Grocery,72695,2022-07-19 11:00:00
4789,2982,Customer_4789,57,Female,Lahore,Grocery,55197,2022-07-19 12:00:00
4790,2303,Customer_4790,42,Female,Peshawar,Grocery,3544,2022-07-19 13:00:00
4791,2660,Customer_4791,36,Female,Islamabad,Furniture,4383,2022-07-19 14:00:00
4792,1482,Customer_4792,22,Male,Karachi,Electronics,32212,2022-07-19 15:00:00
4793,1908,Customer_4793,28,Male,Quetta,Furniture,22045,2022-07-19 16:00:00
4794,2134,Customer_4794,32,Female,Lahore,Grocery,18704,2022-07-19 17:00:00
4795,1865,Customer_4795,25,Male,Lahore,Furniture,23768,2022-07-19 18:00:00
4796,1138,Customer_4796,36,Female,Karachi,Clothing,36639,2022-07-19 19:00:00
4797,1995,Customer_4797,40,Male,Peshawar,Furniture,76152,2022-07-19 20:00:00
4798,1434,Customer_4798,44,Male,Lahore,Furniture,28936,2022-07-19 21:00:00
4799,1508,Customer_4799,57,Female,Karachi,Electronics,68824,2022-07-19 22:00:00
4800,1272,Customer_4800,49,Female,Peshawar,Electronics,4625,2022-07-19 23:00:00
4801,2122,Customer_4801,43,Male,Karachi,Electronics,69642,2022-07-20 00:00:00
4802,2787,Customer_4802,44,Male,Karachi,Clothing,42034,2022-07-20 01:00:00
4803,2873,Customer_4803,36,Female,Peshawar,Electronics,43473,2022-07-20 02:00:00
4804,1103,Customer_4804,59,Male,Peshawar,Clothing,76869,2022-07-20 03:00:00
4805,2237,Customer_4805,46,Male,Peshawar,Grocery,34021,2022-07-20 04:00:00
4806,2784,Customer_4806,56,Female,Karachi,Electronics,7988,2022-07-20 05:00:00
4807,2687,Customer_4807,58,Male,Lahore,Furniture,40474,2022-07-20 06:00:00
4808,1761,Customer_4808,50,Female,Islamabad,Furniture,42948,2022-07-20 07:00:00
4809,1786,Customer_4809,36,Female,Islamabad,Clothing,8438,2022-07-20 08:00:00
4810,1164,Customer_4810,54,Female,Karachi,Electronics,51613,2022-07-20 09:00:00
4811,1998,Customer_4811,36,Male,Karachi,Furniture,16270,2022-07-20 10:00:00
4812,2876,Customer_4812,50,Male,Lahore,Grocery,53135,2022-07-20 11:00:00
4813,1519,Customer_4813,64,Female,Peshawar,Electronics,72671,2022-07-20 12:00:00
4814,2307,Customer_4814,33,Female,Karachi,Grocery,74665,2022-07-20 13:00:00
4815,1516,Customer_4815,40,Male,Quetta,Furniture,58322,2022-07-20 14:00:00
4816,1656,Customer_4816,24,Male,Peshawar,Electronics,50434,2022-07-20 15:00:00
4817,1612,Customer_4817,43,Male,Karachi,Clothing,66026,2022-07-20 16:00:00
4818,1163,Customer_4818,49,Female,Quetta,Furniture,21987,2022-07-20 17:00:00
4819,2909,Customer_4819,29,Female,Lahore,Grocery,53819,2022-07-20 18:00:00
4820,2682,Customer_4820,25,Male,Quetta,Electronics,13369,2022-07-20 19:00:00
4821,1063,Customer_4821,22,Male,Karachi,Grocery,75255,2022-07-20 20:00:00
4822,2114,Customer_4822,59,Male,Islamabad,Grocery,41297,2022-07-20 21:00:00
4823,2140,Customer_4823,45,Female,Karachi,Clothing,56798,2022-07-20 22:00:00
4824,2889,Customer_4824,22,Female,Islamabad,Clothing,45433,2022-07-20 23:00:00
4825,1266,Customer_4825,43,Male,Lahore,Furniture,77079,2022-07-21 00:00:00
4826,2845,Customer_4826,22,Male,Lahore,Clothing,10070,2022-07-21 01:00:00
4827,2708,Customer_4827,39,Female,Peshawar,Clothing,7386,2022-07-21 02:00:00
4828,2582,Customer_4828,32,Female,Peshawar,Furniture,67994,2022-07-21 03:00:00
4829,2163,Customer_4829,30,Male,Islamabad,Furniture,43587,2022-07-21 04:00:00
4830,1245,Customer_4830,45,Male,Islamabad,Furniture,68219,2022-07-21 05:00:00
4831,2684,Customer_4831,50,Male,Lahore,Furniture,4274,2022-07-21 06:00:00
4832,2781,Customer_4832,60,Female,Quetta,Grocery,29518,2022-07-21 07:00:00
4833,1394,Customer_4833,40,Male,Islamabad,Grocery,14772,2022-07-21 08:00:00
4834,2510,Customer_4834,50,Female,Islamabad,Furniture,23086,2022-07-21 09:00:00
4835,1475,Customer_4835,60,Female,Quetta,Furniture,34045,2022-07-21 10:00:00
4836,2540,Customer_4836,35,Male,Peshawar,Electronics,3066,2022-07-21 11:00:00
4837,1976,Customer_4837,47,Male,Peshawar,Electronics,76989,2022-07-21 12:00:00
4838,2207,Customer_4838,43,Female,Islamabad,Electronics,65855,2022-07-21 13:00:00
4839,2043,Customer_4839,33,Male,Peshawar,Clothing,32196,2022-07-21 14:00:00
4840,2960,Customer_4840,30,Female,Peshawar,Grocery,73440,2022-07-21 15:00:00
4841,1557,Customer_4841,56,Male,Peshawar,Grocery,67617,2022-07-21 16:00:00
4842,2017,Customer_4842,50,Male,Lahore,Electronics,41235,2022-07-21 17:00:00
4843,2547,Customer_4843,43,Male,Karachi,Electronics,73875,2022-07-21 18:00:00
4844,2605,Customer_4844,18,Male,Islamabad,Grocery,51137,2022-07-21 19:00:00
4845,2552,Customer_4845,55,Female,Islamabad,Clothing,22629,2022-07-21 20:00:00
4846,1882,Customer_4846,19,Female,Lahore,Electronics,31345,2022-07-21 21:00:00
4847,1146,Customer_4847,23,Female,Karachi,Furniture,79949,2022-07-21 22:00:00
4848,1665,Customer_4848,63,Male,Karachi,Electronics,67000,2022-07-21 23:00:00
4849,2327,Customer_4849,55,Female,Lahore,Grocery,11239,2022-07-22 00:00:00
4850,1619,Customer_4850,59,Female,Quetta,Grocery,58672,2022-07-22 01:00:00
4851,2771,Customer_4851,41,Female,Quetta,Electronics,3173,2022-07-22 02:00:00
4852,1819,Customer_4852,35,Male,Karachi,Electronics,31671,2022-07-22 03:00:00
4853,1863,Customer_4853,44,Female,Quetta,Furniture,11124,2022-07-22 04:00:00
4854,1581,Customer_4854,58,Male,Quetta,Furniture,67264,2022-07-22 05:00:00
4855,2022,Customer_4855,25,Male,Quetta,Clothing,53430,2022-07-22 06:00:00
4856,1694,Customer_4856,45,Female,Karachi,Clothing,35108,2022-07-22 07:00:00
4857,2785,Customer_4857,27,Male,Quetta,Furniture,50149,2022-07-22 08:00:00
4858,2251,Customer_4858,34,Female,Islamabad,Clothing,20189,2022-07-22 09:00:00
4859,2125,Customer_4859,46,Female,Karachi,Clothing,64003,2022-07-22 10:00:00
4860,2610,Customer_4860,23,Female,Lahore,Electronics,73160,2022-07-22 11:00:00
4861,2440,Customer_4861,31,Female,Quetta,Furniture,42624,2022-07-22 12:00:00
4862,2981,Customer_4862,39,Female,Peshawar,Electronics,8087,2022-07-22 13:00:00
4863,2239,Customer_4863,23,Male,Karachi,Electronics,4027,2022-07-22 14:00:00
4864,1406,Customer_4864,43,Female,Lahore,Clothing,33567,2022-07-22 15:00:00
4865,1398,Customer_4865,56,Male,Islamabad,Electronics,52038,2022-07-22 16:00:00
4866,2946,Customer_4866,29,Female,Lahore,Grocery,69999,2022-07-22 17:00:00
4867,1714,Customer_4867,52,Female,Quetta,Clothing,37955,2022-07-22 18:00:00
4868,1703,Customer_4868,31,Female,Peshawar,Grocery,20743,2022-07-22 19:00:00
4869,1760,Customer_4869,39,Male,Quetta,Clothing,33193,2022-07-22 20:00:00
4870,1498,Customer_4870,40,Male,Lahore,Electronics,69731,2022-07-22 21:00:00
4871,2777,Customer_4871,24,Male,Karachi,Clothing,75148,2022-07-22 22:00:00
4872,2488,Customer_4872,57,Male,Peshawar,Grocery,32559,2022-07-22 23:00:00
4873,2714,Customer_4873,42,Female,Peshawar,Clothing,59367,2022-07-23 00:00:00
4874,2972,Customer_4874,30,Female,Lahore,Grocery,73278,2022-07-23 01:00:00
4875,1973,Customer_4875,38,Male,Quetta,Furniture,75977,2022-07-23 02:00:00
4876,2754,Customer_4876,58,Male,Lahore,Electronics,55783,2022-07-23 03:00:00
4877,1081,Customer_4877,27,Male,Peshawar,Grocery,64353,2022-07-23 04:00:00
4878,1603,Customer_4878,26,Female,Lahore,Furniture,20501,2022-07-23 05:00:00
4879,2970,Customer_4879,32,Male,Peshawar,Electronics,3200,2022-07-23 06:00:00
4880,2710,Customer_4880,19,Male,Quetta,Furniture,50657,2022-07-23 07:00:00
4881,2774,Customer_4881,42,Female,Karachi,Grocery,18585,2022-07-23 08:00:00
4882,1771,Customer_4882,30,Male,Karachi,Electronics,64383,2022-07-23 09:00:00
4883,1902,Customer_4883,51,Female,Lahore,Furniture,58647,2022-07-23 10:00:00
4884,1364,Customer_4884,51,Female,Peshawar,Grocery,13839,2022-07-23 11:00:00
4885,1162,Customer_4885,52,Female,Karachi,Furniture,16334,2022-07-23 12:00:00
4886,2071,Customer_4886,55,Female,Peshawar,Electronics,77120,2022-07-23 13:00:00
4887,1510,Customer_4887,20,Female,Quetta,Electronics,30043,2022-07-23 14:00:00
4888,2352,Customer_4888,59,Male,Lahore,Electronics,36430,2022-07-23 15:00:00
4889,2863,Customer_4889,23,Male,Peshawar,Grocery,41574,2022-07-23 16:00:00
4890,1115,Customer_4890,36,Female,Lahore,Furniture,61173,2022-07-23 17:00:00
4891,1940,Customer_4891,20,Female,Peshawar,Furniture,29544,2022-07-23 18:00:00
4892,2872,Customer_4892,35,Male,Peshawar,Grocery,79173,2022-07-23 19:00:00
4893,1336,Customer_4893,56,Male,Quetta,Electronics,35405,2022-07-23 20:00:00
4894,1880,Customer_4894,26,Female,Lahore,Clothing,54504,2022-07-23 21:00:00
4895,1736,Customer_4895,29,Male,Islamabad,Electronics,63261,2022-07-23 22:00:00
4896,2887,Customer_4896,22,Male,Peshawar,Clothing,71984,2022-07-23 23:00:00
4897,1839,Customer_4897,20,Female,Peshawar,Electronics,69605,2022-07-24 00:00:00
4898,1146,Customer_4898,28,Male,Karachi,Grocery,26512,2022-07-24 01:00:00
4899,2598,Customer_4899,47,Male,Lahore,Clothing,64196,2022-07-24 02:00:00
4900,2829,Customer_4900,21,Male,Islamabad,Grocery,79013,2022-07-24 03:00:00
4901,2346,Customer_4901,22,Male,Quetta,Clothing,22194,2022-07-24 04:00:00
4902,1442,Customer_4902,18,Female,Islamabad,Furniture,44888,2022-07-24 05:00:00
4903,1836,Customer_4903,44,Male,Quetta,Clothing,33335,2022-07-24 06:00:00
4904,2036,Customer_4904,45,Female,Islamabad,Clothing,67898,2022-07-24 07:00:00
4905,1942,Customer_4905,46,Male,Islamabad,Clothing,18686,2022-07-24 08:00:00
4906,2517,Customer_4906,35,Female,Lahore,Furniture,30045,2022-07-24 09:00:00
4907,2724,Customer_4907,29,Female,Karachi,Grocery,44891,2022-07-24 10:00:00
4908,1286,Customer_4908,30,Male,Islamabad,Furniture,74355,2022-07-24 11:00:00
4909,1719,Customer_4909,58,Female,Peshawar,Clothing,46288,2022-07-24 12:00:00
4910,2137,Customer_4910,19,Female,Peshawar,Electronics,28901,2022-07-24 13:00:00
4911,1479,Customer_4911,54,Female,Peshawar,Furniture,59111,2022-07-24 14:00:00
4912,1021,Customer_4912,62,Female,Karachi,Electronics,12702,2022-07-24 15:00:00
4913,2372,Customer_4913,33,Female,Islamabad,Furniture,63868,2022-07-24 16:00:00
4914,2749,Customer_4914,41,Male,Quetta,Furniture,33635,2022-07-24 17:00:00
4915,1682,Customer_4915,52,Female,Quetta,Clothing,64035,2022-07-24 18:00:00
4916,2858,Customer_4916,39,Female,Lahore,Grocery,15397,2022-07-24 19:00:00
4917,2589,Customer_4917,53,Male,Karachi,Grocery,21791,2022-07-24 20:00:00
4918,1905,Customer_4918,28,Male,Islamabad,Clothing,53908,2022-07-24 21:00:00
4919,2833,Customer_4919,63,Female,Peshawar,Furniture,74330,2022-07-24 22:00:00
4920,1319,Customer_4920,46,Male,Karachi,Grocery,54593,2022-07-24 23:00:00
4921,1125,Customer_4921,52,Male,Karachi,Grocery,5007,2022-07-25 00:00:00
4922,1276,Customer_4922,32,Male,Islamabad,Grocery,29354,2022-07-25 01:00:00
4923,2999,Customer_4923,48,Male,Lahore,Clothing,15975,2022-07-25 02:00:00
4924,2227,Customer_4924,59,Male,Lahore,Electronics,45405,2022-07-25 03:00:00
4925,1193,Customer_4925,58,Male,Lahore,Electronics,40685,2022-07-25 04:00:00
4926,2704,Customer_4926,60,Female,Peshawar,Electronics,64898,2022-07-25 05:00:00
4927,2687,Customer_4927,33,Female,Peshawar,Electronics,77093,2022-07-25 06:00:00
4928,2570,Customer_4928,27,Male,Islamabad,Electronics,26927,2022-07-25 07:00:00
4929,1695,Customer_4929,49,Male,Lahore,Grocery,56035,2022-07-25 08:00:00
4930,2309,Customer_4930,19,Female,Islamabad,Grocery,77072,2022-07-25 09:00:00
4931,1056,Customer_4931,41,Male,Lahore,Furniture,64190,2022-07-25 10:00:00
4932,2757,Customer_4932,40,Female,Karachi,Grocery,14560,2022-07-25 11:00:00
4933,2326,Customer_4933,19,Male,Quetta,Clothing,51141,2022-07-25 12:00:00
4934,2186,Customer_4934,55,Female,Quetta,Furniture,14107,2022-07-25 13:00:00
4935,1018,Customer_4935,48,Female,Lahore,Grocery,64060,2022-07-25 14:00:00
4936,2393,Customer_4936,57,Male,Islamabad,Furniture,64713,2022-07-25 15:00:00
4937,1263,Customer_4937,43,Male,Peshawar,Furniture,62276,2022-07-25 16:00:00
4938,1793,Customer_4938,46,Male,Lahore,Electronics,49364,2022-07-25 17:00:00
4939,1112,Customer_4939,20,Male,Lahore,Furniture,33470,2022-07-25 18:00:00
4940,2511,Customer_4940,31,Female,Peshawar,Grocery,28710,2022-07-25 19:00:00
4941,2350,Customer_4941,42,Male,Lahore,Electronics,44588,2022-07-25 20:00:00
4942,1541,Customer_4942,18,Female,Karachi,Grocery,60535,2022-07-25 21:00:00
4943,1646,Customer_4943,20,Male,Peshawar,Electronics,12183,2022-07-25 22:00:00
4944,1578,Customer_4944,43,Female,Karachi,Grocery,3462,2022-07-25 23:00:00
4945,2088,Customer_4945,35,Male,Quetta,Electronics,62748,2022-07-26 00:00:00
4946,2315,Customer_4946,26,Male,Peshawar,Electronics,36052,2022-07-26 01:00:00
4947,1024,Customer_4947,55,Female,Peshawar,Clothing,45821,2022-07-26 02:00:00
4948,2572,Customer_4948,40,Male,Islamabad,Grocery,47850,2022-07-26 03:00:00
4949,1000,Customer_4949,38,Male,Islamabad,Furniture,64065,2022-07-26 04:00:00
4950,1910,Customer_4950,18,Male,Peshawar,Electronics,44361,2022-07-26 05:00:00
4951,2572,Customer_4951,38,Male,Quetta,Grocery,39664,2022-07-26 06:00:00
4952,1140,Customer_4952,44,Male,Lahore,Electronics,45463,2022-07-26 07:00:00
4953,2767,Customer_4953,59,Female,Islamabad,Clothing,71727,2022-07-26 08:00:00
4954,1647,Customer_4954,23,Male,Quetta,Clothing,4032,2022-07-26 09:00:00
4955,2924,Customer_4955,61,Female,Quetta,Clothing,21233,2022-07-26 10:00:00
4956,1187,Customer_4956,53,Male,Islamabad,Clothing,43614,2022-07-26 11:00:00
4957,2151,Customer_4957,45,Male,Lahore,Furniture,79518,2022-07-26 12:00:00
4958,1200,Customer_4958,62,Female,Islamabad,Furniture,5956,2022-07-26 13:00:00
4959,2150,Customer_4959,34,Female,Quetta,Electronics,3913,2022-07-26 14:00:00
4960,1256,Customer_4960,57,Female,Karachi,Grocery,7585,2022-07-26 15:00:00
4961,2699,Customer_4961,20,Female,Islamabad,Clothing,28437,2022-07-26 16:00:00
4962,1546,Customer_4962,29,Female,Quetta,Clothing,21063,2022-07-26 17:00:00
4963,1193,Customer_4963,56,Male,Islamabad,Furniture,75368,2022-07-26 18:00:00
4964,1702,Customer_4964,29,Female,Quetta,Furniture,38075,2022-07-26 19:00:00
4965,2127,Customer_4965,19,Female,Lahore,Clothing,7886,2022-07-26 20:00:00
4966,2558,Customer_4966,63,Male,Quetta,Grocery,59650,2022-07-26 21:00:00
4967,2288,Customer_4967,39,Male,Peshawar,Electronics,30072,2022-07-26 22:00:00
4968,1801,Customer_4968,40,Female,Karachi,Electronics,35771,2022-07-26 23:00:00
4969,1941,Customer_4969,47,Female,Quetta,Electronics,50310,2022-07-27 00:00:00
4970,2997,Customer_4970,22,Female,Islamabad,Electronics,64760,2022-07-27 01:00:00
4971,2407,Customer_4971,26,Male,Islamabad,Grocery,77066,2022-07-27 02:00:00
4972,2283,Customer_4972,38,Female,Quetta,Grocery,13638,2022-07-27 03:00:00
4973,1413,Customer_4973,28,Male,Peshawar,Grocery,47869,2022-07-27 04:00:00
4974,2381,Customer_4974,22,Male,Quetta,Furniture,16146,2022-07-27 05:00:00
4975,2098,Customer_4975,52,Male,Lahore,Clothing,29312,2022-07-27 06:00:00
4976,2378,Customer_4976,44,Male,Peshawar,Grocery,76681,2022-07-27 07:00:00
4977,2607,Customer_4977,19,Female,Quetta,Electronics,15128,2022-07-27 08:00:00
4978,2794,Customer_4978,41,Male,Karachi,Grocery,24986,2022-07-27 09:00:00
4979,1909,Customer_4979,48,Male,Peshawar,Clothing,39766,2022-07-27 10:00:00
4980,1187,Customer_4980,50,Female,Quetta,Furniture,47057,2022-07-27 11:00:00
4981,2996,Customer_4981,56,Male,Karachi,Electronics,78231,2022-07-27 12:00:00
4982,2708,Customer_4982,47,Female,Quetta,Furniture,16994,2022-07-27 13:00:00
4983,2313,Customer_4983,63,Male,Lahore,Grocery,22071,2022-07-27 14:00:00
4984,1044,Customer_4984,54,Female,Islamabad,Electronics,34986,2022-07-27 15:00:00
4985,2596,Customer_4985,45,Male,Quetta,Electronics,62135,2022-07-27 16:00:00
4986,1082,Customer_4986,48,Male,Peshawar,Grocery,625,2022-07-27 17:00:00
4987,2146,Customer_4987,28,Female,Quetta,Grocery,49314,2022-07-27 18:00:00
4988,1357,Customer_4988,40,Male,Quetta,Clothing,19818,2022-07-27 19:00:00
4989,2551,Customer_4989,19,Male,Quetta,Grocery,62863,2022-07-27 20:00:00
4990,2089,Customer_4990,57,Female,Quetta,Grocery,43662,2022-07-27 21:00:00
4991,1935,Customer_4991,58,Male,Peshawar,Grocery,8090,2022-07-27 22:00:00
4992,2680,Customer_4992,44,Male,Peshawar,Electronics,35350,2022-07-27 23:00:00
4993,1374,Customer_4993,52,Female,Quetta,Clothing,12634,2022-07-28 00:00:00
4994,1161,Customer_4994,19,Female,Islamabad,Electronics,25730,2022-07-28 01:00:00
4995,2769,Customer_4995,56,Female,Quetta,Grocery,15558,2022-07-28 02:00:00
4996,2403,Customer_4996,54,Female,Peshawar,Clothing,27539,2022-07-28 03:00:00
4997,2679,Customer_4997,38,Female,Lahore,Grocery,66320,2022-07-28 04:00:00
4998,2381,Customer_4998,22,Male,Quetta,Electronics,38834,2022-07-28 05:00:00
4999,2211,Customer_4999,62,Female,Quetta,Electronics,44025,2022-07-28 06:00:00
5000,1321,Customer_5000,38,Male,Quetta,Grocery,28943,2022-07-28 07:00:00
